"session_id","session_date_time","mentor_id","mentee_id","session_status","mentor_domain_id","user_id"
1,2021-02-12 00:00:00.000,3576,1329,finished,5,
2,2021-02-17 00:00:00.000,1228,3561,finished,7,
3,2021-02-19 00:00:00.000,4259,3939,finished,5,
9,2021-03-06 00:00:00.000,4838,3311,finished,2,
12,2021-03-27 00:00:00.000,4221,1699,finished,4,
15,2021-03-31 00:00:00.000,560,3074,finished,6,
18,2021-04-10 00:00:00.000,4863,3902,canceled,6,
20,2021-04-12 00:00:00.000,2262,1652,finished,3,
22,2021-04-15 00:00:00.000,3886,3323,finished,6,
23,2021-04-15 00:00:00.000,508,2597,finished,2,
25,2021-04-18 00:00:00.000,2494,3107,finished,2,
27,2021-04-19 00:00:00.000,1563,4024,canceled,7,
28,2021-04-22 00:00:00.000,4843,3167,finished,6,
31,2021-05-01 00:00:00.000,4412,4700,finished,3,
32,2021-05-02 00:00:00.000,3227,3142,finished,6,
33,2021-05-07 00:00:00.000,2480,4024,canceled,1,
34,2021-05-09 00:00:00.000,2480,2482,canceled,1,
37,2021-05-12 00:00:00.000,3724,3057,finished,1,
38,2021-05-14 00:00:00.000,830,422,finished,7,
39,2021-05-14 00:00:00.000,961,1965,finished,4,
40,2021-05-14 00:00:00.000,1544,974,canceled,4,
42,2021-05-15 00:00:00.000,3576,2197,finished,5,
43,2021-05-16 00:00:00.000,1251,3456,canceled,5,
44,2021-05-17 00:00:00.000,513,4562,finished,1,
45,2021-05-18 00:00:00.000,508,163,finished,2,
46,2021-05-19 00:00:00.000,2842,4130,finished,2,
48,2021-05-24 00:00:00.000,4625,1574,finished,2,
49,2021-05-25 00:00:00.000,3868,2362,finished,7,
50,2021-05-26 00:00:00.000,428,4139,finished,7,
51,2021-05-26 00:00:00.000,3407,2694,finished,6,
54,2021-05-30 00:00:00.000,3363,1904,finished,1,
55,2021-05-31 00:00:00.000,1492,1066,finished,4,
58,2021-06-01 00:00:00.000,56,958,finished,7,
59,2021-06-02 00:00:00.000,2881,364,canceled,2,
60,2021-06-02 00:00:00.000,1725,591,finished,6,
61,2021-06-03 00:00:00.000,3350,436,canceled,3,
64,2021-06-04 00:00:00.000,2824,3699,finished,6,
65,2021-06-06 00:00:00.000,3749,1649,finished,4,
66,2021-06-07 00:00:00.000,4005,2197,finished,7,
67,2021-06-08 00:00:00.000,3547,3921,finished,4,
68,2021-06-09 00:00:00.000,1725,1489,finished,6,
69,2021-06-10 00:00:00.000,1384,1081,canceled,3,
74,2021-06-13 00:00:00.000,166,3917,finished,7,
76,2021-06-15 00:00:00.000,3407,1355,finished,6,
77,2021-06-15 00:00:00.000,371,3426,finished,5,
78,2021-06-17 00:00:00.000,3350,790,finished,3,
79,2021-06-18 00:00:00.000,56,3658,finished,7,
81,2021-06-19 00:00:00.000,2269,3128,finished,3,
83,2021-06-19 00:00:00.000,2480,673,finished,1,
84,2021-06-20 00:00:00.000,1483,1358,finished,3,
86,2021-06-23 00:00:00.000,4595,1202,finished,1,
88,2021-06-25 00:00:00.000,985,832,finished,2,
89,2021-06-26 00:00:00.000,3580,1709,finished,2,
90,2021-06-27 00:00:00.000,1492,3721,canceled,4,
91,2021-06-27 00:00:00.000,3040,2537,finished,5,
93,2021-06-29 00:00:00.000,3733,1525,finished,4,
94,2021-06-29 00:00:00.000,2166,992,finished,4,
96,2021-06-29 00:00:00.000,1132,2883,finished,6,
99,2021-06-30 00:00:00.000,2892,3793,finished,7,
100,2021-07-01 00:00:00.000,221,3658,finished,1,
101,2021-07-03 00:00:00.000,688,95,finished,6,
102,2021-07-04 00:00:00.000,1398,1952,finished,7,
103,2021-07-04 00:00:00.000,560,1297,finished,6,
104,2021-07-05 00:00:00.000,1526,1809,finished,5,
105,2021-07-05 00:00:00.000,2105,638,finished,7,
106,2021-07-06 00:00:00.000,355,4750,finished,1,
107,2021-07-06 00:00:00.000,1715,676,finished,5,
109,2021-07-07 00:00:00.000,1431,4641,canceled,6,
111,2021-07-08 00:00:00.000,3287,4374,canceled,6,
112,2021-07-08 00:00:00.000,1064,3805,finished,4,
113,2021-07-08 00:00:00.000,2134,3241,finished,1,
114,2021-07-10 00:00:00.000,4234,4466,finished,1,
117,2021-07-11 00:00:00.000,3547,1391,finished,4,
119,2021-07-12 00:00:00.000,179,2078,canceled,6,
120,2021-07-12 00:00:00.000,4863,1611,finished,6,
121,2021-07-13 00:00:00.000,3108,2855,finished,5,
122,2021-07-13 00:00:00.000,2195,1980,finished,6,
124,2021-07-14 00:00:00.000,2262,330,finished,3,
125,2021-07-15 00:00:00.000,2148,422,finished,1,
126,2021-07-16 00:00:00.000,1261,3128,finished,3,
127,2021-07-16 00:00:00.000,3530,2258,finished,4,
130,2021-07-17 00:00:00.000,4189,163,finished,2,
131,2021-07-17 00:00:00.000,47,22,finished,5,
132,2021-07-18 00:00:00.000,4910,3142,finished,7,
135,2021-07-20 00:00:00.000,1001,1329,canceled,6,
137,2021-07-21 00:00:00.000,3425,1675,finished,7,
138,2021-07-21 00:00:00.000,4150,4925,finished,6,
139,2021-07-21 00:00:00.000,1759,1455,canceled,6,
142,2021-07-23 00:00:00.000,27,247,finished,1,
143,2021-07-24 00:00:00.000,165,3360,finished,7,
147,2021-07-25 00:00:00.000,1544,2258,finished,4,
155,2021-07-30 00:00:00.000,4731,682,finished,2,
156,2021-07-30 00:00:00.000,2043,3151,canceled,5,
157,2021-07-31 00:00:00.000,1296,670,finished,6,
158,2021-07-31 00:00:00.000,4344,2937,canceled,1,
159,2021-07-31 00:00:00.000,4832,676,finished,1,
160,2021-08-01 00:00:00.000,1492,2349,finished,4,
162,2021-08-01 00:00:00.000,3787,4619,finished,1,
163,2021-08-01 00:00:00.000,4843,1488,finished,6,
168,2021-08-03 00:00:00.000,1291,1818,finished,2,
169,2021-08-04 00:00:00.000,371,605,finished,5,
172,2021-08-05 00:00:00.000,748,3273,finished,7,
173,2021-08-05 00:00:00.000,1914,4687,finished,6,
175,2021-08-05 00:00:00.000,3530,4040,finished,4,
176,2021-08-05 00:00:00.000,4221,4439,finished,4,
177,2021-08-05 00:00:00.000,4503,4389,finished,1,
180,2021-08-07 00:00:00.000,3322,4768,finished,1,
181,2021-08-08 00:00:00.000,1233,1424,finished,3,
182,2021-08-08 00:00:00.000,3029,2762,finished,5,
184,2021-08-09 00:00:00.000,1872,2676,finished,1,
186,2021-08-09 00:00:00.000,27,1675,finished,1,
187,2021-08-10 00:00:00.000,4412,3037,finished,3,
188,2021-08-10 00:00:00.000,3257,4925,finished,5,
189,2021-08-10 00:00:00.000,3097,2812,finished,6,
190,2021-08-10 00:00:00.000,2330,3841,finished,2,
191,2021-08-10 00:00:00.000,3724,911,canceled,1,
192,2021-08-11 00:00:00.000,2842,3207,canceled,2,
194,2021-08-11 00:00:00.000,985,386,finished,2,
196,2021-08-12 00:00:00.000,2480,3844,finished,1,
199,2021-08-14 00:00:00.000,4320,935,finished,7,
200,2021-08-14 00:00:00.000,1483,4398,finished,3,
202,2021-08-15 00:00:00.000,3941,4052,finished,4,
203,2021-08-15 00:00:00.000,3227,2923,finished,6,
208,2021-08-17 00:00:00.000,985,1125,finished,2,
209,2021-08-17 00:00:00.000,1544,1846,finished,4,
211,2021-08-18 00:00:00.000,3787,4498,finished,1,
213,2021-08-18 00:00:00.000,3958,958,finished,1,
214,2021-08-19 00:00:00.000,802,4286,finished,1,
216,2021-08-19 00:00:00.000,1759,588,finished,6,
218,2021-08-19 00:00:00.000,2195,213,finished,6,
219,2021-08-20 00:00:00.000,1001,1297,finished,6,
220,2021-08-20 00:00:00.000,1037,4153,finished,2,
222,2021-08-21 00:00:00.000,4711,2695,finished,7,
223,2021-08-22 00:00:00.000,4095,947,finished,4,
224,2021-08-22 00:00:00.000,3493,1879,finished,3,
225,2021-08-22 00:00:00.000,645,3501,finished,2,
226,2021-08-22 00:00:00.000,977,3939,finished,5,
228,2021-08-23 00:00:00.000,3407,1006,canceled,6,
230,2021-08-23 00:00:00.000,3588,4769,finished,2,
231,2021-08-24 00:00:00.000,4608,2510,finished,1,
232,2021-08-24 00:00:00.000,3748,2611,finished,4,
233,2021-08-24 00:00:00.000,4546,3703,canceled,6,
234,2021-08-25 00:00:00.000,4320,60,finished,7,
237,2021-08-26 00:00:00.000,1759,620,finished,6,
239,2021-08-27 00:00:00.000,4812,911,finished,2,
243,2021-08-28 00:00:00.000,4595,620,canceled,1,
245,2021-08-28 00:00:00.000,802,974,finished,1,
247,2021-08-29 00:00:00.000,2105,3982,finished,7,
248,2021-08-30 00:00:00.000,742,1424,canceled,5,
249,2021-08-30 00:00:00.000,2532,1877,finished,2,
250,2021-08-30 00:00:00.000,319,545,finished,5,
252,2021-08-30 00:00:00.000,4673,80,finished,1,
254,2021-08-31 00:00:00.000,3530,4457,finished,4,
255,2021-08-31 00:00:00.000,4576,4748,finished,2,
256,2021-08-31 00:00:00.000,2447,4032,finished,2,
258,2021-09-01 00:00:00.000,4203,1436,finished,1,
259,2021-09-01 00:00:00.000,4739,4526,canceled,1,
260,2021-09-01 00:00:00.000,3714,1777,finished,7,
261,2021-09-02 00:00:00.000,2747,1,finished,5,
262,2021-09-02 00:00:00.000,4101,1465,finished,1,
263,2021-09-02 00:00:00.000,75,1476,finished,5,
265,2021-09-03 00:00:00.000,2892,1771,finished,7,
267,2021-09-03 00:00:00.000,1449,3384,finished,7,
269,2021-09-03 00:00:00.000,4344,3022,finished,1,
273,2021-09-04 00:00:00.000,4896,1787,finished,6,
274,2021-09-04 00:00:00.000,1431,1907,finished,6,
275,2021-09-04 00:00:00.000,1261,3003,finished,3,
277,2021-09-05 00:00:00.000,774,429,finished,7,
278,2021-09-06 00:00:00.000,3588,4599,finished,2,
279,2021-09-07 00:00:00.000,645,4390,finished,2,
280,2021-09-07 00:00:00.000,1266,673,finished,3,
282,2021-09-08 00:00:00.000,748,3766,canceled,7,
283,2021-09-08 00:00:00.000,2961,265,finished,3,
284,2021-09-08 00:00:00.000,4608,74,finished,1,
285,2021-09-08 00:00:00.000,3040,4577,finished,5,
286,2021-09-08 00:00:00.000,1172,1191,finished,7,
287,2021-09-08 00:00:00.000,3363,1216,finished,1,
288,2021-09-08 00:00:00.000,2137,3561,finished,2,
289,2021-09-08 00:00:00.000,1932,932,finished,3,
290,2021-09-08 00:00:00.000,3686,4708,finished,2,
291,2021-09-08 00:00:00.000,4811,1088,finished,2,
292,2021-09-09 00:00:00.000,912,4925,finished,5,
293,2021-09-09 00:00:00.000,3143,2762,finished,1,
294,2021-09-10 00:00:00.000,1544,4982,finished,4,
300,2021-09-11 00:00:00.000,608,4972,finished,2,
302,2021-09-12 00:00:00.000,3547,2510,finished,4,
304,2021-09-13 00:00:00.000,1113,3564,finished,6,
305,2021-09-13 00:00:00.000,4121,2597,finished,7,
306,2021-09-14 00:00:00.000,3060,3452,finished,6,
307,2021-09-14 00:00:00.000,4838,1478,canceled,2,
308,2021-09-14 00:00:00.000,4503,4529,finished,1,
309,2021-09-14 00:00:00.000,3782,3142,finished,3,
310,2021-09-15 00:00:00.000,355,1060,finished,1,
312,2021-09-15 00:00:00.000,830,4528,canceled,7,
313,2021-09-15 00:00:00.000,3322,2765,finished,1,
314,2021-09-15 00:00:00.000,1853,3403,finished,1,
315,2021-09-15 00:00:00.000,4731,4241,finished,2,
317,2021-09-16 00:00:00.000,2654,2597,finished,1,
318,2021-09-16 00:00:00.000,4843,2327,finished,6,
319,2021-09-17 00:00:00.000,1417,398,finished,3,
320,2021-09-17 00:00:00.000,2749,1702,finished,1,
321,2021-09-17 00:00:00.000,4731,2499,finished,2,
326,2021-09-18 00:00:00.000,4910,1149,finished,7,
331,2021-09-19 00:00:00.000,1291,4247,finished,2,
333,2021-09-19 00:00:00.000,458,2353,finished,7,
335,2021-09-20 00:00:00.000,458,4447,finished,7,
337,2021-09-20 00:00:00.000,4838,634,finished,2,
338,2021-09-20 00:00:00.000,27,539,canceled,1,
340,2021-09-21 00:00:00.000,4124,4401,finished,3,
341,2021-09-21 00:00:00.000,1113,2374,finished,6,
342,2021-09-22 00:00:00.000,3025,3392,finished,1,
343,2021-09-22 00:00:00.000,3576,2516,finished,5,
348,2021-09-23 00:00:00.000,4832,312,finished,1,
349,2021-09-24 00:00:00.000,1449,22,finished,7,
351,2021-09-25 00:00:00.000,3143,1005,finished,1,
353,2021-09-25 00:00:00.000,4546,2208,canceled,6,
357,2021-09-26 00:00:00.000,170,832,finished,3,
358,2021-09-26 00:00:00.000,2283,3610,finished,4,
359,2021-09-27 00:00:00.000,4412,2683,finished,3,
362,2021-09-28 00:00:00.000,3886,3830,finished,6,
364,2021-09-29 00:00:00.000,4124,213,canceled,3,
365,2021-09-29 00:00:00.000,1228,4068,canceled,7,
367,2021-09-29 00:00:00.000,179,1275,finished,6,
369,2021-09-30 00:00:00.000,4121,3579,finished,7,
370,2021-09-30 00:00:00.000,2491,1846,finished,2,
371,2021-09-30 00:00:00.000,1398,1794,canceled,7,
372,2021-10-01 00:00:00.000,4731,3387,finished,2,
373,2021-10-01 00:00:00.000,3686,903,finished,2,
374,2021-10-01 00:00:00.000,3045,4328,finished,7,
375,2021-10-01 00:00:00.000,3588,3171,finished,2,
376,2021-10-02 00:00:00.000,3958,1125,finished,1,
379,2021-10-02 00:00:00.000,1932,3993,finished,3,
380,2021-10-02 00:00:00.000,2195,1915,finished,6,
382,2021-10-03 00:00:00.000,4249,1838,finished,7,
384,2021-10-04 00:00:00.000,2180,1771,canceled,6,
385,2021-10-04 00:00:00.000,3322,1956,finished,1,
388,2021-10-04 00:00:00.000,1239,2355,finished,6,
390,2021-10-04 00:00:00.000,4896,95,finished,6,
391,2021-10-05 00:00:00.000,4095,4093,finished,4,
392,2021-10-05 00:00:00.000,3302,1549,canceled,6,
394,2021-10-05 00:00:00.000,4249,3528,finished,7,
396,2021-10-06 00:00:00.000,4595,964,finished,1,
397,2021-10-06 00:00:00.000,560,2878,finished,6,
399,2021-10-06 00:00:00.000,985,1977,finished,2,
400,2021-10-07 00:00:00.000,3045,2510,finished,7,
402,2021-10-07 00:00:00.000,515,1078,finished,4,
403,2021-10-08 00:00:00.000,47,3162,finished,5,
404,2021-10-08 00:00:00.000,774,4195,finished,7,
406,2021-10-09 00:00:00.000,4249,2202,finished,7,
407,2021-10-09 00:00:00.000,2043,2068,canceled,5,
408,2021-10-09 00:00:00.000,1792,594,finished,6,
409,2021-10-09 00:00:00.000,1398,2671,finished,7,
410,2021-10-09 00:00:00.000,1124,173,finished,4,
411,2021-10-09 00:00:00.000,1492,4726,canceled,4,
412,2021-10-09 00:00:00.000,901,4371,finished,1,
413,2021-10-10 00:00:00.000,2491,1961,finished,2,
414,2021-10-10 00:00:00.000,2262,1933,finished,3,
415,2021-10-10 00:00:00.000,4647,1424,finished,1,
418,2021-10-11 00:00:00.000,4812,100,finished,2,
419,2021-10-11 00:00:00.000,2557,3987,finished,2,
420,2021-10-11 00:00:00.000,4856,3272,finished,1,
421,2021-10-11 00:00:00.000,4830,1581,finished,5,
422,2021-10-12 00:00:00.000,4764,3685,finished,1,
424,2021-10-12 00:00:00.000,47,3939,finished,5,
425,2021-10-12 00:00:00.000,645,3682,finished,2,
428,2021-10-13 00:00:00.000,1296,1838,finished,6,
430,2021-10-13 00:00:00.000,4824,3272,finished,6,
433,2021-10-14 00:00:00.000,1375,3392,finished,6,
435,2021-10-15 00:00:00.000,1239,672,finished,6,
436,2021-10-15 00:00:00.000,2973,670,finished,4,
438,2021-10-15 00:00:00.000,3005,4383,finished,4,
439,2021-10-15 00:00:00.000,4164,4128,finished,7,
440,2021-10-15 00:00:00.000,2491,3596,finished,2,
442,2021-10-16 00:00:00.000,2244,3596,finished,6,
444,2021-10-16 00:00:00.000,3580,4093,finished,2,
445,2021-10-16 00:00:00.000,1299,3392,finished,4,
446,2021-10-17 00:00:00.000,3530,2396,finished,4,
448,2021-10-17 00:00:00.000,3782,612,finished,3,
449,2021-10-17 00:00:00.000,1449,1182,finished,7,
450,2021-10-17 00:00:00.000,1296,4317,finished,6,
451,2021-10-17 00:00:00.000,2269,2683,finished,3,
452,2021-10-17 00:00:00.000,1251,2992,finished,5,
453,2021-10-18 00:00:00.000,1251,50,finished,5,
454,2021-10-18 00:00:00.000,2456,4335,finished,3,
455,2021-10-18 00:00:00.000,4832,4096,canceled,1,
456,2021-10-18 00:00:00.000,1417,4982,canceled,3,
458,2021-10-19 00:00:00.000,3047,131,finished,5,
459,2021-10-19 00:00:00.000,2557,1244,finished,2,
461,2021-10-19 00:00:00.000,2180,4754,finished,6,
464,2021-10-19 00:00:00.000,1109,875,canceled,3,
466,2021-10-20 00:00:00.000,2098,139,finished,2,
469,2021-10-20 00:00:00.000,1475,1076,finished,2,
470,2021-10-21 00:00:00.000,2654,2424,finished,1,
473,2021-10-21 00:00:00.000,2137,1302,finished,2,
475,2021-10-21 00:00:00.000,4830,2917,finished,5,
477,2021-10-22 00:00:00.000,1417,3177,finished,3,
478,2021-10-22 00:00:00.000,2134,1919,finished,1,
481,2021-10-23 00:00:00.000,2747,1525,finished,5,
484,2021-10-24 00:00:00.000,355,1078,finished,1,
485,2021-10-24 00:00:00.000,2491,1455,finished,2,
487,2021-10-24 00:00:00.000,4546,3151,finished,6,
489,2021-10-25 00:00:00.000,4811,3528,finished,2,
490,2021-10-25 00:00:00.000,3212,1726,finished,7,
491,2021-10-25 00:00:00.000,4843,309,finished,6,
494,2021-10-25 00:00:00.000,1242,2094,finished,3,
495,2021-10-26 00:00:00.000,3363,1489,finished,1,
496,2021-10-26 00:00:00.000,2330,3812,finished,2,
497,2021-10-26 00:00:00.000,508,278,finished,2,
505,2021-10-27 00:00:00.000,4832,1489,finished,1,
508,2021-10-27 00:00:00.000,3143,3844,finished,1,
509,2021-10-27 00:00:00.000,1754,998,finished,1,
510,2021-10-28 00:00:00.000,1712,4007,canceled,3,
511,2021-10-28 00:00:00.000,636,1082,finished,6,
512,2021-10-28 00:00:00.000,4576,2726,canceled,2,
514,2021-10-29 00:00:00.000,27,866,finished,1,
515,2021-10-29 00:00:00.000,748,670,finished,7,
517,2021-10-29 00:00:00.000,1526,3526,canceled,5,
518,2021-10-29 00:00:00.000,4764,2510,canceled,1,
519,2021-10-29 00:00:00.000,2623,4708,finished,4,
520,2021-10-29 00:00:00.000,4412,2027,finished,3,
521,2021-10-29 00:00:00.000,3777,758,finished,3,
523,2021-10-30 00:00:00.000,1715,4139,finished,5,
525,2021-10-30 00:00:00.000,742,3070,finished,5,
526,2021-10-30 00:00:00.000,26,2750,finished,7,
527,2021-10-30 00:00:00.000,2243,4096,finished,1,
530,2021-10-31 00:00:00.000,4001,1789,finished,6,
531,2021-10-31 00:00:00.000,2749,2917,finished,1,
535,2021-11-01 00:00:00.000,1469,2765,finished,2,
536,2021-11-01 00:00:00.000,1023,4145,finished,6,
537,2021-11-01 00:00:00.000,3045,944,canceled,7,
538,2021-11-02 00:00:00.000,1475,974,finished,2,
539,2021-11-02 00:00:00.000,4910,2784,finished,7,
540,2021-11-03 00:00:00.000,4910,680,finished,7,
541,2021-11-04 00:00:00.000,2262,3162,finished,3,
542,2021-11-04 00:00:00.000,4608,1952,canceled,1,
544,2021-11-04 00:00:00.000,3883,1315,canceled,2,
545,2021-11-04 00:00:00.000,608,3993,finished,2,
546,2021-11-04 00:00:00.000,4164,992,finished,7,
549,2021-11-04 00:00:00.000,1483,4982,finished,3,
551,2021-11-05 00:00:00.000,1110,3945,finished,2,
554,2021-11-05 00:00:00.000,221,2511,finished,1,
556,2021-11-05 00:00:00.000,3005,4590,canceled,4,
559,2021-11-05 00:00:00.000,2137,3162,finished,2,
560,2021-11-06 00:00:00.000,4546,3658,finished,6,
561,2021-11-06 00:00:00.000,3284,3327,finished,2,
563,2021-11-06 00:00:00.000,1469,4165,finished,2,
564,2021-11-06 00:00:00.000,1384,2418,finished,3,
565,2021-11-07 00:00:00.000,3580,1094,finished,2,
566,2021-11-07 00:00:00.000,3724,2611,canceled,1,
567,2021-11-07 00:00:00.000,2747,3426,finished,5,
568,2021-11-07 00:00:00.000,3154,330,finished,2,
570,2021-11-07 00:00:00.000,249,3138,finished,6,
572,2021-11-07 00:00:00.000,2995,2247,finished,1,
573,2021-11-07 00:00:00.000,4203,2424,finished,1,
575,2021-11-08 00:00:00.000,830,4544,finished,7,
576,2021-11-08 00:00:00.000,2456,902,finished,3,
577,2021-11-08 00:00:00.000,2747,3651,finished,5,
579,2021-11-08 00:00:00.000,571,4470,finished,5,
581,2021-11-08 00:00:00.000,2037,1005,finished,7,
584,2021-11-08 00:00:00.000,606,2917,finished,1,
585,2021-11-08 00:00:00.000,3031,2396,finished,6,
586,2021-11-09 00:00:00.000,4920,4305,finished,1,
589,2021-11-10 00:00:00.000,3493,1807,canceled,3,
591,2021-11-10 00:00:00.000,3284,1534,finished,2,
593,2021-11-10 00:00:00.000,4835,4561,finished,1,
595,2021-11-11 00:00:00.000,3958,3995,canceled,1,
596,2021-11-11 00:00:00.000,2534,2847,canceled,2,
598,2021-11-12 00:00:00.000,3025,2676,finished,1,
599,2021-11-12 00:00:00.000,2842,2611,finished,2,
600,2021-11-12 00:00:00.000,3066,247,finished,3,
602,2021-11-12 00:00:00.000,2571,1879,canceled,7,
605,2021-11-13 00:00:00.000,4103,2153,finished,6,
606,2021-11-13 00:00:00.000,310,436,finished,6,
607,2021-11-13 00:00:00.000,4249,2441,finished,7,
609,2021-11-13 00:00:00.000,1001,3340,canceled,6,
610,2021-11-13 00:00:00.000,1737,2788,finished,6,
611,2021-11-13 00:00:00.000,1420,4572,finished,2,
612,2021-11-14 00:00:00.000,2887,4526,finished,5,
615,2021-11-15 00:00:00.000,1417,4972,canceled,3,
621,2021-11-16 00:00:00.000,2887,311,finished,5,
622,2021-11-16 00:00:00.000,688,2433,canceled,6,
626,2021-11-16 00:00:00.000,636,4288,finished,6,
627,2021-11-16 00:00:00.000,3040,718,finished,5,
629,2021-11-16 00:00:00.000,3257,1869,finished,5,
631,2021-11-17 00:00:00.000,3383,3042,finished,3,
632,2021-11-17 00:00:00.000,2016,3131,finished,5,
633,2021-11-17 00:00:00.000,3302,396,finished,6,
634,2021-11-17 00:00:00.000,4764,1080,canceled,1,
635,2021-11-17 00:00:00.000,515,1861,finished,4,
637,2021-11-17 00:00:00.000,3734,3311,finished,2,
638,2021-11-17 00:00:00.000,3066,3596,finished,3,
639,2021-11-17 00:00:00.000,3227,3741,finished,6,
640,2021-11-18 00:00:00.000,912,1764,finished,5,
641,2021-11-18 00:00:00.000,3045,4018,finished,7,
642,2021-11-18 00:00:00.000,2016,161,finished,5,
643,2021-11-18 00:00:00.000,233,1009,finished,2,
644,2021-11-18 00:00:00.000,2048,1306,finished,7,
646,2021-11-19 00:00:00.000,4320,1961,finished,7,
647,2021-11-19 00:00:00.000,2181,306,finished,2,
650,2021-11-19 00:00:00.000,4739,4052,finished,1,
651,2021-11-19 00:00:00.000,2571,1280,canceled,7,
655,2021-11-19 00:00:00.000,3363,2507,canceled,1,
658,2021-11-20 00:00:00.000,802,357,finished,1,
659,2021-11-20 00:00:00.000,3733,938,finished,4,
660,2021-11-20 00:00:00.000,2491,431,finished,2,
662,2021-11-20 00:00:00.000,4546,3446,canceled,6,
664,2021-11-20 00:00:00.000,3886,3388,finished,6,
665,2021-11-21 00:00:00.000,4835,2924,finished,1,
666,2021-11-21 00:00:00.000,4896,4944,canceled,6,
669,2021-11-21 00:00:00.000,4358,44,finished,2,
670,2021-11-21 00:00:00.000,3580,1144,finished,2,
672,2021-11-21 00:00:00.000,4835,2600,finished,1,
673,2021-11-21 00:00:00.000,4868,1267,finished,4,
676,2021-11-22 00:00:00.000,4976,3365,finished,2,
679,2021-11-22 00:00:00.000,3588,4563,canceled,2,
681,2021-11-22 00:00:00.000,3530,909,finished,4,
683,2021-11-22 00:00:00.000,26,3340,canceled,7,
686,2021-11-22 00:00:00.000,4124,342,canceled,3,
687,2021-11-22 00:00:00.000,4471,2115,finished,4,
689,2021-11-23 00:00:00.000,1291,1076,finished,2,
691,2021-11-23 00:00:00.000,2933,2024,finished,2,
693,2021-11-24 00:00:00.000,4111,2669,finished,1,
697,2021-11-24 00:00:00.000,2244,2162,finished,6,
699,2021-11-24 00:00:00.000,1266,237,finished,3,
700,2021-11-24 00:00:00.000,1296,545,finished,6,
701,2021-11-24 00:00:00.000,1932,1961,canceled,3,
702,2021-11-25 00:00:00.000,3749,4768,finished,4,
703,2021-11-25 00:00:00.000,2105,4401,finished,7,
704,2021-11-25 00:00:00.000,1563,3730,finished,7,
705,2021-11-25 00:00:00.000,2622,1977,finished,4,
708,2021-11-25 00:00:00.000,4595,1943,finished,1,
709,2021-11-25 00:00:00.000,4304,2691,finished,2,
711,2021-11-26 00:00:00.000,4000,2355,finished,7,
715,2021-11-26 00:00:00.000,4920,480,finished,1,
720,2021-11-27 00:00:00.000,1332,3944,finished,5,
722,2021-11-27 00:00:00.000,3396,3919,finished,1,
723,2021-11-27 00:00:00.000,2933,1581,finished,2,
726,2021-11-28 00:00:00.000,1384,1611,canceled,3,
727,2021-11-28 00:00:00.000,2181,3042,finished,2,
730,2021-11-28 00:00:00.000,4647,3796,finished,1,
732,2021-11-29 00:00:00.000,728,1922,finished,3,
733,2021-11-29 00:00:00.000,3787,2404,canceled,1,
735,2021-11-29 00:00:00.000,4101,398,canceled,1,
739,2021-11-30 00:00:00.000,165,3481,finished,7,
741,2021-11-30 00:00:00.000,54,4858,finished,3,
743,2021-11-30 00:00:00.000,1872,2327,finished,1,
745,2021-12-01 00:00:00.000,4796,2552,finished,3,
747,2021-12-01 00:00:00.000,3402,1777,finished,7,
748,2021-12-01 00:00:00.000,2098,1908,finished,2,
751,2021-12-01 00:00:00.000,2084,1391,finished,1,
752,2021-12-01 00:00:00.000,2269,3589,finished,3,
753,2021-12-01 00:00:00.000,2494,3028,finished,2,
754,2021-12-01 00:00:00.000,2933,1536,finished,2,
755,2021-12-02 00:00:00.000,2048,2277,finished,7,
756,2021-12-02 00:00:00.000,1261,809,finished,3,
759,2021-12-02 00:00:00.000,3102,1140,finished,5,
762,2021-12-02 00:00:00.000,3363,3740,finished,1,
763,2021-12-02 00:00:00.000,560,4394,finished,6,
765,2021-12-02 00:00:00.000,4595,4700,finished,1,
766,2021-12-03 00:00:00.000,3782,1782,finished,3,
767,2021-12-03 00:00:00.000,2973,422,finished,4,
769,2021-12-03 00:00:00.000,3212,2507,finished,7,
770,2021-12-03 00:00:00.000,56,3716,finished,7,
771,2021-12-03 00:00:00.000,3714,44,finished,7,
772,2021-12-03 00:00:00.000,1420,1714,finished,2,
777,2021-12-04 00:00:00.000,3733,3160,finished,4,
783,2021-12-05 00:00:00.000,3108,4543,canceled,5,
784,2021-12-05 00:00:00.000,985,4815,finished,2,
785,2021-12-05 00:00:00.000,2623,277,finished,4,
786,2021-12-05 00:00:00.000,1449,1076,finished,7,
788,2021-12-05 00:00:00.000,4234,4325,canceled,1,
789,2021-12-05 00:00:00.000,1113,833,canceled,6,
790,2021-12-05 00:00:00.000,2557,3061,finished,2,
791,2021-12-06 00:00:00.000,3941,2552,finished,4,
792,2021-12-06 00:00:00.000,2148,278,canceled,1,
793,2021-12-06 00:00:00.000,2011,2676,finished,3,
794,2021-12-06 00:00:00.000,3257,485,finished,5,
795,2021-12-06 00:00:00.000,1759,2178,finished,6,
796,2021-12-06 00:00:00.000,1932,3726,finished,3,
797,2021-12-07 00:00:00.000,2842,4106,canceled,2,
798,2021-12-07 00:00:00.000,56,3542,canceled,7,
799,2021-12-07 00:00:00.000,1291,1693,finished,2,
800,2021-12-07 00:00:00.000,1384,1782,finished,3,
801,2021-12-07 00:00:00.000,2179,3409,finished,4,
802,2021-12-07 00:00:00.000,1299,1454,finished,4,
803,2021-12-07 00:00:00.000,1266,4328,finished,3,
804,2021-12-07 00:00:00.000,4056,2951,canceled,6,
805,2021-12-07 00:00:00.000,880,1088,finished,7,
806,2021-12-07 00:00:00.000,1375,1780,finished,6,
807,2021-12-08 00:00:00.000,1768,1602,finished,4,
808,2021-12-08 00:00:00.000,3060,3834,canceled,6,
813,2021-12-08 00:00:00.000,1375,605,canceled,6,
814,2021-12-08 00:00:00.000,3886,1717,finished,6,
815,2021-12-08 00:00:00.000,2571,1646,finished,7,
817,2021-12-08 00:00:00.000,458,902,finished,7,
818,2021-12-09 00:00:00.000,3127,3188,canceled,1,
819,2021-12-09 00:00:00.000,1064,4186,finished,4,
824,2021-12-09 00:00:00.000,4835,1602,finished,1,
825,2021-12-09 00:00:00.000,2283,4442,finished,4,
826,2021-12-10 00:00:00.000,2037,1267,finished,7,
827,2021-12-10 00:00:00.000,890,3817,finished,6,
828,2021-12-10 00:00:00.000,2985,1455,finished,7,
829,2021-12-10 00:00:00.000,1513,2404,canceled,4,
831,2021-12-10 00:00:00.000,4843,2923,finished,6,
833,2021-12-11 00:00:00.000,4920,132,finished,1,
834,2021-12-11 00:00:00.000,1712,559,finished,3,
837,2021-12-11 00:00:00.000,4910,4312,finished,7,
838,2021-12-11 00:00:00.000,4968,3933,finished,4,
839,2021-12-11 00:00:00.000,3465,1489,finished,6,
840,2021-12-11 00:00:00.000,2803,3441,finished,3,
841,2021-12-11 00:00:00.000,4732,2568,canceled,3,
842,2021-12-12 00:00:00.000,4731,1756,finished,2,
843,2021-12-12 00:00:00.000,2520,3009,finished,3,
845,2021-12-12 00:00:00.000,2985,1732,finished,7,
847,2021-12-12 00:00:00.000,774,2441,canceled,7,
849,2021-12-13 00:00:00.000,854,3917,finished,2,
851,2021-12-13 00:00:00.000,3029,4944,finished,5,
856,2021-12-14 00:00:00.000,1326,1807,finished,1,
859,2021-12-14 00:00:00.000,2235,4529,finished,4,
862,2021-12-15 00:00:00.000,3934,3200,finished,7,
863,2021-12-15 00:00:00.000,4711,2288,finished,7,
864,2021-12-15 00:00:00.000,1513,4230,canceled,4,
868,2021-12-15 00:00:00.000,4444,3409,finished,1,
869,2021-12-15 00:00:00.000,1234,2950,finished,6,
870,2021-12-15 00:00:00.000,4863,3022,finished,6,
874,2021-12-16 00:00:00.000,423,4241,finished,1,
875,2021-12-16 00:00:00.000,1932,3419,canceled,3,
876,2021-12-16 00:00:00.000,2199,4102,finished,4,
877,2021-12-16 00:00:00.000,4111,3741,finished,1,
878,2021-12-16 00:00:00.000,1296,1386,finished,6,
879,2021-12-16 00:00:00.000,880,2765,canceled,7,
884,2021-12-17 00:00:00.000,3040,3361,finished,5,
885,2021-12-17 00:00:00.000,1131,2019,finished,5,
886,2021-12-17 00:00:00.000,3115,930,finished,2,
887,2021-12-17 00:00:00.000,2048,4588,finished,7,
888,2021-12-17 00:00:00.000,4121,2261,finished,7,
889,2021-12-17 00:00:00.000,1064,1943,finished,4,
890,2021-12-17 00:00:00.000,1420,2847,finished,2,
891,2021-12-18 00:00:00.000,4095,4307,finished,4,
893,2021-12-18 00:00:00.000,2795,71,finished,5,
894,2021-12-18 00:00:00.000,1423,2204,finished,2,
895,2021-12-18 00:00:00.000,1197,591,finished,3,
897,2021-12-18 00:00:00.000,4910,2762,finished,7,
899,2021-12-19 00:00:00.000,1417,4032,finished,3,
901,2021-12-19 00:00:00.000,4304,3049,finished,2,
902,2021-12-19 00:00:00.000,4614,2788,canceled,1,
903,2021-12-20 00:00:00.000,1197,4799,finished,3,
904,2021-12-20 00:00:00.000,636,2094,finished,6,
905,2021-12-20 00:00:00.000,1261,102,finished,3,
906,2021-12-20 00:00:00.000,2472,318,canceled,4,
910,2021-12-20 00:00:00.000,170,4562,finished,3,
911,2021-12-20 00:00:00.000,3045,3745,finished,7,
912,2021-12-20 00:00:00.000,4854,1602,finished,6,
913,2021-12-21 00:00:00.000,3868,4457,finished,7,
914,2021-12-21 00:00:00.000,4358,3877,finished,2,
916,2021-12-21 00:00:00.000,179,2356,canceled,6,
919,2021-12-22 00:00:00.000,1792,4888,canceled,6,
920,2021-12-22 00:00:00.000,2491,1907,canceled,2,
921,2021-12-22 00:00:00.000,4976,3361,finished,2,
926,2021-12-22 00:00:00.000,912,3816,canceled,5,
927,2021-12-22 00:00:00.000,4681,2951,finished,3,
930,2021-12-23 00:00:00.000,2836,1780,finished,5,
932,2021-12-23 00:00:00.000,1420,4498,finished,2,
934,2021-12-23 00:00:00.000,728,3273,canceled,3,
938,2021-12-24 00:00:00.000,2534,3987,finished,2,
940,2021-12-24 00:00:00.000,2670,1794,finished,4,
942,2021-12-24 00:00:00.000,1417,676,finished,3,
944,2021-12-25 00:00:00.000,2820,4498,finished,7,
946,2021-12-25 00:00:00.000,2472,610,finished,4,
947,2021-12-25 00:00:00.000,1890,3995,finished,5,
948,2021-12-25 00:00:00.000,3047,4182,finished,5,
952,2021-12-26 00:00:00.000,371,3586,finished,5,
953,2021-12-26 00:00:00.000,4868,1952,finished,4,
955,2021-12-26 00:00:00.000,231,3372,finished,4,
957,2021-12-26 00:00:00.000,2824,317,finished,6,
958,2021-12-26 00:00:00.000,4471,2637,canceled,4,
960,2021-12-26 00:00:00.000,3066,2476,canceled,3,
962,2021-12-27 00:00:00.000,2494,1158,finished,2,
963,2021-12-27 00:00:00.000,1668,2204,finished,6,
965,2021-12-27 00:00:00.000,3704,1317,canceled,1,
966,2021-12-27 00:00:00.000,179,2587,finished,6,
967,2021-12-27 00:00:00.000,571,2100,finished,5,
969,2021-12-27 00:00:00.000,2048,4799,finished,7,
970,2021-12-27 00:00:00.000,3031,1082,finished,6,
973,2021-12-28 00:00:00.000,1469,2405,finished,2,
974,2021-12-28 00:00:00.000,3047,605,finished,5,
976,2021-12-28 00:00:00.000,1563,3729,finished,7,
977,2021-12-28 00:00:00.000,3787,224,finished,1,
981,2021-12-28 00:00:00.000,1332,160,canceled,5,
984,2021-12-28 00:00:00.000,1463,4825,finished,6,
985,2021-12-29 00:00:00.000,2650,4135,finished,5,
987,2021-12-29 00:00:00.000,728,3766,finished,3,
989,2021-12-29 00:00:00.000,4681,3902,finished,3,
990,2021-12-29 00:00:00.000,4278,2143,finished,7,
991,2021-12-29 00:00:00.000,4429,396,finished,5,
992,2021-12-30 00:00:00.000,3425,2482,finished,7,
993,2021-12-30 00:00:00.000,3883,832,finished,2,
995,2021-12-30 00:00:00.000,4278,163,canceled,7,
996,2021-12-30 00:00:00.000,2670,3324,finished,4,
998,2021-12-30 00:00:00.000,1332,1263,finished,5,
999,2021-12-30 00:00:00.000,1498,3687,finished,4,
1000,2021-12-30 00:00:00.000,3704,1058,finished,1,
1001,2021-12-31 00:00:00.000,1893,3205,canceled,6,
1003,2021-12-31 00:00:00.000,3290,4068,finished,4,
1004,2021-12-31 00:00:00.000,1856,4125,finished,1,
1005,2021-12-31 00:00:00.000,3047,4889,canceled,5,
1006,2021-12-31 00:00:00.000,4651,4748,finished,1,
1013,2022-01-01 00:00:00.000,4471,1663,finished,4,
1014,2022-01-01 00:00:00.000,3363,2375,finished,1,
1015,2022-01-01 00:00:00.000,233,1943,finished,2,
1016,2022-01-01 00:00:00.000,1989,4464,finished,2,
1017,2022-01-01 00:00:00.000,4832,832,finished,1,
1018,2022-01-01 00:00:00.000,1475,1580,finished,2,
1019,2022-01-01 00:00:00.000,47,3564,canceled,5,
1020,2022-01-02 00:00:00.000,3704,3276,finished,1,
1021,2022-01-02 00:00:00.000,2084,1149,finished,1,
1022,2022-01-02 00:00:00.000,1228,4571,finished,7,
1023,2022-01-02 00:00:00.000,2330,3035,finished,2,
1025,2022-01-02 00:00:00.000,1890,3037,finished,5,
1026,2022-01-02 00:00:00.000,4150,4750,finished,6,
1030,2022-01-02 00:00:00.000,3782,3721,finished,3,
1031,2022-01-03 00:00:00.000,2622,1209,finished,4,
1032,2022-01-03 00:00:00.000,2532,3716,finished,2,
1036,2022-01-03 00:00:00.000,2892,2171,finished,7,
1037,2022-01-03 00:00:00.000,3143,2950,canceled,1,
1041,2022-01-04 00:00:00.000,2043,1315,finished,5,
1042,2022-01-04 00:00:00.000,3154,4149,finished,2,
1043,2022-01-04 00:00:00.000,4832,1564,finished,1,
1048,2022-01-04 00:00:00.000,3714,1216,finished,7,
1049,2022-01-04 00:00:00.000,1172,2525,finished,7,
1050,2022-01-04 00:00:00.000,4249,3042,finished,7,
1053,2022-01-04 00:00:00.000,233,2017,finished,2,
1054,2022-01-04 00:00:00.000,4764,4029,canceled,1,
1055,2022-01-04 00:00:00.000,1449,1263,finished,7,
1056,2022-01-05 00:00:00.000,3724,3177,canceled,1,
1058,2022-01-05 00:00:00.000,748,1586,finished,7,
1060,2022-01-05 00:00:00.000,515,2145,canceled,4,
1062,2022-01-05 00:00:00.000,2180,1485,finished,6,
1064,2022-01-06 00:00:00.000,1132,3037,canceled,6,
1065,2022-01-06 00:00:00.000,2456,3177,canceled,3,
1068,2022-01-06 00:00:00.000,2494,2503,finished,2,
1071,2022-01-06 00:00:00.000,3787,1709,finished,1,
1072,2022-01-06 00:00:00.000,4896,3273,finished,6,
1074,2022-01-06 00:00:00.000,458,1081,finished,7,
1077,2022-01-07 00:00:00.000,4777,2288,finished,4,
1078,2022-01-07 00:00:00.000,1792,2006,finished,6,
1079,2022-01-07 00:00:00.000,1853,2587,finished,1,
1080,2022-01-08 00:00:00.000,1299,2855,finished,4,
1083,2022-01-08 00:00:00.000,1113,3049,finished,6,
1086,2022-01-08 00:00:00.000,645,992,canceled,2,
1087,2022-01-08 00:00:00.000,2892,4287,finished,7,
1089,2022-01-08 00:00:00.000,428,3664,finished,7,
1090,2022-01-09 00:00:00.000,1893,2316,finished,6,
1091,2022-01-09 00:00:00.000,4777,596,finished,4,
1092,2022-01-09 00:00:00.000,2842,3246,finished,2,
1093,2022-01-09 00:00:00.000,4843,4905,canceled,6,
1095,2022-01-09 00:00:00.000,3322,3177,finished,1,
1096,2022-01-09 00:00:00.000,3538,2382,finished,3,
1097,2022-01-09 00:00:00.000,4471,1931,canceled,4,
1098,2022-01-09 00:00:00.000,2048,81,finished,7,
1099,2022-01-09 00:00:00.000,1314,2140,finished,4,
1103,2022-01-10 00:00:00.000,4471,2324,finished,4,
1104,2022-01-10 00:00:00.000,1251,559,canceled,5,
1105,2022-01-10 00:00:00.000,1475,4102,finished,2,
1106,2022-01-10 00:00:00.000,4001,3388,canceled,6,
1111,2022-01-11 00:00:00.000,2842,1591,finished,2,
1113,2022-01-11 00:00:00.000,2985,403,finished,7,
1116,2022-01-11 00:00:00.000,4259,4420,finished,5,
1117,2022-01-11 00:00:00.000,27,3917,finished,1,
1119,2022-01-11 00:00:00.000,2174,1564,finished,6,
1123,2022-01-12 00:00:00.000,4764,1386,finished,1,
1124,2022-01-12 00:00:00.000,2488,4339,canceled,7,
1126,2022-01-12 00:00:00.000,4608,2910,finished,1,
1127,2022-01-12 00:00:00.000,2700,2441,finished,5,
1130,2022-01-13 00:00:00.000,4647,2226,finished,1,
1131,2022-01-13 00:00:00.000,310,989,finished,6,
1134,2022-01-13 00:00:00.000,513,1202,finished,1,
1136,2022-01-13 00:00:00.000,4596,591,finished,1,
1138,2022-01-13 00:00:00.000,2016,3534,finished,5,
1140,2022-01-13 00:00:00.000,3257,4706,finished,5,
1141,2022-01-14 00:00:00.000,3154,4543,finished,2,
1142,2022-01-14 00:00:00.000,2447,3524,finished,2,
1143,2022-01-14 00:00:00.000,2969,4645,finished,4,
1145,2022-01-14 00:00:00.000,4005,4332,finished,7,
1146,2022-01-14 00:00:00.000,4001,4096,finished,6,
1148,2022-01-14 00:00:00.000,3576,4439,finished,5,
1150,2022-01-14 00:00:00.000,1817,4704,finished,7,
1151,2022-01-14 00:00:00.000,110,2827,finished,3,
1153,2022-01-14 00:00:00.000,3322,149,finished,1,
1155,2022-01-14 00:00:00.000,774,911,finished,7,
1156,2022-01-14 00:00:00.000,3590,4128,canceled,2,
1157,2022-01-15 00:00:00.000,2037,4266,finished,7,
1158,2022-01-15 00:00:00.000,4101,3645,finished,1,
1159,2022-01-15 00:00:00.000,3777,4489,finished,3,
1162,2022-01-15 00:00:00.000,890,3049,finished,6,
1165,2022-01-15 00:00:00.000,977,4159,finished,5,
1166,2022-01-15 00:00:00.000,3538,3177,finished,3,
1167,2022-01-15 00:00:00.000,961,4401,finished,4,
1172,2022-01-16 00:00:00.000,4968,1536,canceled,4,
1173,2022-01-16 00:00:00.000,1932,1999,finished,3,
1176,2022-01-16 00:00:00.000,3632,1682,finished,4,
1177,2022-01-16 00:00:00.000,4056,1842,finished,6,
1180,2022-01-16 00:00:00.000,3883,383,finished,2,
1182,2022-01-16 00:00:00.000,1890,680,finished,5,
1183,2022-01-16 00:00:00.000,1037,2221,finished,2,
1185,2022-01-17 00:00:00.000,3624,4283,finished,3,
1186,2022-01-17 00:00:00.000,310,2382,finished,6,
1187,2022-01-17 00:00:00.000,4731,4075,finished,2,
1188,2022-01-17 00:00:00.000,1261,1764,canceled,3,
1190,2022-01-18 00:00:00.000,1563,3664,finished,7,
1191,2022-01-18 00:00:00.000,2235,1667,finished,4,
1192,2022-01-18 00:00:00.000,728,872,finished,3,
1193,2022-01-18 00:00:00.000,4429,4039,finished,5,
1194,2022-01-18 00:00:00.000,1754,4476,canceled,1,
1195,2022-01-18 00:00:00.000,3686,4657,finished,2,
1197,2022-01-19 00:00:00.000,1469,100,finished,2,
1200,2022-01-19 00:00:00.000,3787,2764,canceled,1,
1202,2022-01-19 00:00:00.000,2805,4341,finished,3,
1203,2022-01-19 00:00:00.000,2973,2316,finished,4,
1205,2022-01-20 00:00:00.000,608,1342,finished,2,
1206,2022-01-20 00:00:00.000,2596,3841,finished,1,
1207,2022-01-20 00:00:00.000,2520,4750,finished,3,
1208,2022-01-20 00:00:00.000,2472,1488,finished,4,
1209,2022-01-20 00:00:00.000,1668,4394,finished,6,
1210,2022-01-20 00:00:00.000,3257,2068,finished,5,
1212,2022-01-20 00:00:00.000,1261,3398,finished,3,
1213,2022-01-20 00:00:00.000,802,1209,finished,1,
1214,2022-01-20 00:00:00.000,2098,1386,finished,2,
1218,2022-01-21 00:00:00.000,3261,1202,finished,1,
1219,2022-01-21 00:00:00.000,3407,155,canceled,6,
1220,2022-01-21 00:00:00.000,1296,2226,finished,6,
1221,2022-01-21 00:00:00.000,1299,252,finished,4,
1222,2022-01-21 00:00:00.000,4811,3873,finished,2,
1224,2022-01-21 00:00:00.000,901,3942,finished,1,
1225,2022-01-22 00:00:00.000,1759,3549,finished,6,
1226,2022-01-22 00:00:00.000,3287,1500,finished,6,
1228,2022-01-22 00:00:00.000,3934,1094,finished,7,
1229,2022-01-22 00:00:00.000,4005,4769,finished,7,
1231,2022-01-22 00:00:00.000,371,2885,canceled,5,
1232,2022-01-22 00:00:00.000,4739,3647,finished,1,
1233,2022-01-22 00:00:00.000,3576,3715,finished,5,
1234,2022-01-22 00:00:00.000,4693,3792,finished,6,
1237,2022-01-22 00:00:00.000,3782,3163,finished,3,
1239,2022-01-23 00:00:00.000,2447,4325,finished,2,
1241,2022-01-23 00:00:00.000,1001,866,finished,6,
1243,2022-01-23 00:00:00.000,3048,2017,finished,6,
1245,2022-01-23 00:00:00.000,3102,4579,finished,5,
1246,2022-01-24 00:00:00.000,2048,1350,finished,7,
1247,2022-01-24 00:00:00.000,2098,4065,finished,2,
1248,2022-01-24 00:00:00.000,2180,1814,finished,6,
1252,2022-01-24 00:00:00.000,2532,1293,canceled,2,
1254,2022-01-24 00:00:00.000,2969,3796,finished,4,
1255,2022-01-25 00:00:00.000,2088,2696,canceled,2,
1256,2022-01-25 00:00:00.000,498,4149,canceled,1,
1257,2022-01-25 00:00:00.000,4764,686,finished,1,
1258,2022-01-25 00:00:00.000,54,2090,canceled,3,
1259,2022-01-25 00:00:00.000,688,719,finished,6,
1262,2022-01-26 00:00:00.000,3118,2851,finished,3,
1263,2022-01-26 00:00:00.000,355,698,finished,1,
1264,2022-01-26 00:00:00.000,3800,3361,finished,7,
1266,2022-01-26 00:00:00.000,4968,631,finished,4,
1267,2022-01-26 00:00:00.000,1630,2163,finished,4,
1272,2022-01-26 00:00:00.000,2795,1663,finished,5,
1273,2022-01-26 00:00:00.000,2485,2603,canceled,1,
1276,2022-01-27 00:00:00.000,4349,4330,finished,7,
1277,2022-01-27 00:00:00.000,4304,1611,canceled,2,
1278,2022-01-27 00:00:00.000,2166,2588,finished,4,
1279,2022-01-27 00:00:00.000,3425,3923,finished,7,
1280,2022-01-27 00:00:00.000,2491,4748,finished,2,
1281,2022-01-27 00:00:00.000,3121,3200,finished,5,
1283,2022-01-27 00:00:00.000,3590,3192,finished,2,
1284,2022-01-27 00:00:00.000,2670,2611,canceled,4,
1285,2022-01-27 00:00:00.000,4608,1764,canceled,1,
1286,2022-01-27 00:00:00.000,4732,3291,finished,3,
1287,2022-01-27 00:00:00.000,1513,1342,finished,4,
1288,2022-01-27 00:00:00.000,538,3231,canceled,1,
1290,2022-01-27 00:00:00.000,1890,4200,finished,5,
1291,2022-01-27 00:00:00.000,3115,1918,finished,2,
1296,2022-01-28 00:00:00.000,2803,1912,finished,3,
1297,2022-01-28 00:00:00.000,2654,3991,finished,1,
1298,2022-01-28 00:00:00.000,1856,2090,canceled,1,
1302,2022-01-28 00:00:00.000,4412,2029,finished,3,
1304,2022-01-29 00:00:00.000,603,4571,canceled,3,
1306,2022-01-29 00:00:00.000,2037,3647,canceled,7,
1307,2022-01-29 00:00:00.000,1457,3870,finished,2,
1308,2022-01-29 00:00:00.000,1483,278,finished,3,
1309,2022-01-29 00:00:00.000,2622,892,finished,4,
1310,2022-01-29 00:00:00.000,508,2895,finished,2,
1315,2022-01-30 00:00:00.000,508,4067,finished,2,
1316,2022-01-30 00:00:00.000,1189,2511,finished,4,
1317,2022-01-30 00:00:00.000,1668,422,finished,6,
1319,2022-01-30 00:00:00.000,4832,833,finished,1,
1323,2022-01-30 00:00:00.000,2881,4182,canceled,2,
1324,2022-01-31 00:00:00.000,1851,4476,finished,6,
1326,2022-01-31 00:00:00.000,2480,1522,finished,1,
1327,2022-01-31 00:00:00.000,2820,2788,finished,7,
1333,2022-01-31 00:00:00.000,888,4052,finished,3,
1334,2022-01-31 00:00:00.000,1768,4175,finished,4,
1337,2022-01-31 00:00:00.000,3350,3948,finished,3,
1338,2022-02-01 00:00:00.000,830,2736,finished,7,
1340,2022-02-01 00:00:00.000,2269,591,finished,3,
1341,2022-02-01 00:00:00.000,4234,2948,finished,1,
1342,2022-02-01 00:00:00.000,2011,1479,finished,3,
1343,2022-02-01 00:00:00.000,391,3634,finished,7,
1344,2022-02-01 00:00:00.000,1851,4174,finished,6,
1346,2022-02-01 00:00:00.000,1463,2121,finished,6,
1347,2022-02-01 00:00:00.000,3407,409,finished,6,
1348,2022-02-02 00:00:00.000,1712,2788,finished,3,
1349,2022-02-02 00:00:00.000,4344,2804,finished,1,
1351,2022-02-02 00:00:00.000,2842,1489,finished,2,
1352,2022-02-02 00:00:00.000,4739,4799,finished,1,
1353,2022-02-02 00:00:00.000,4429,332,finished,5,
1355,2022-02-02 00:00:00.000,3477,1519,finished,6,
1356,2022-02-02 00:00:00.000,179,2034,finished,6,
1357,2022-02-02 00:00:00.000,4614,947,finished,1,
1360,2022-02-02 00:00:00.000,912,4454,finished,5,
1361,2022-02-02 00:00:00.000,2973,2299,finished,4,
1362,2022-02-02 00:00:00.000,2305,3069,finished,1,
1363,2022-02-02 00:00:00.000,1457,3805,finished,2,
1368,2022-02-03 00:00:00.000,4647,3634,finished,1,
1370,2022-02-03 00:00:00.000,2344,3140,finished,6,
1371,2022-02-03 00:00:00.000,1853,2006,finished,1,
1372,2022-02-03 00:00:00.000,3396,930,finished,1,
1373,2022-02-03 00:00:00.000,3800,1956,finished,7,
1374,2022-02-03 00:00:00.000,3118,2421,finished,3,
1376,2022-02-03 00:00:00.000,3154,3651,canceled,2,
1377,2022-02-03 00:00:00.000,4671,4149,finished,5,
1378,2022-02-03 00:00:00.000,1233,4308,finished,3,
1379,2022-02-03 00:00:00.000,3538,1427,finished,3,
1381,2022-02-04 00:00:00.000,4503,3994,finished,1,
1384,2022-02-04 00:00:00.000,946,2404,finished,3,
1385,2022-02-04 00:00:00.000,2687,4230,finished,3,
1391,2022-02-04 00:00:00.000,233,4413,finished,2,
1392,2022-02-04 00:00:00.000,1314,1576,finished,4,
1395,2022-02-05 00:00:00.000,688,3779,finished,6,
1396,2022-02-05 00:00:00.000,2148,2696,finished,1,
1399,2022-02-05 00:00:00.000,802,2568,finished,1,
1400,2022-02-05 00:00:00.000,3858,601,canceled,4,
1401,2022-02-05 00:00:00.000,4625,1175,finished,2,
1402,2022-02-05 00:00:00.000,1113,2538,canceled,6,
1403,2022-02-05 00:00:00.000,606,4068,finished,1,
1408,2022-02-06 00:00:00.000,1851,3520,finished,6,
1409,2022-02-06 00:00:00.000,5000,605,finished,2,
1410,2022-02-06 00:00:00.000,2777,791,finished,6,
1413,2022-02-07 00:00:00.000,1851,3888,finished,6,
1414,2022-02-07 00:00:00.000,2973,1182,finished,4,
1416,2022-02-07 00:00:00.000,319,1842,finished,5,
1418,2022-02-07 00:00:00.000,1189,2951,canceled,4,
1419,2022-02-07 00:00:00.000,3102,4718,finished,5,
1421,2022-02-08 00:00:00.000,3425,4580,finished,7,
1423,2022-02-08 00:00:00.000,1817,1182,finished,7,
1424,2022-02-08 00:00:00.000,4101,2728,finished,1,
1426,2022-02-08 00:00:00.000,3051,2511,finished,3,
1428,2022-02-08 00:00:00.000,4920,4420,finished,1,
1429,2022-02-08 00:00:00.000,4248,4331,finished,1,
1430,2022-02-08 00:00:00.000,1296,3987,finished,6,
1431,2022-02-08 00:00:00.000,3724,3801,finished,1,
1432,2022-02-08 00:00:00.000,1776,1007,finished,7,
1434,2022-02-09 00:00:00.000,4595,4163,finished,1,
1437,2022-02-09 00:00:00.000,3322,1320,finished,1,
1439,2022-02-09 00:00:00.000,4164,3893,finished,7,
1446,2022-02-10 00:00:00.000,2377,1560,finished,7,
1448,2022-02-10 00:00:00.000,2795,1581,canceled,5,
1449,2022-02-10 00:00:00.000,2488,2476,finished,7,
1450,2022-02-10 00:00:00.000,42,3391,finished,2,
1451,2022-02-10 00:00:00.000,3031,1581,canceled,6,
1454,2022-02-11 00:00:00.000,3749,1857,finished,4,
1455,2022-02-11 00:00:00.000,3580,1465,finished,2,
1456,2022-02-11 00:00:00.000,985,1618,finished,2,
1457,2022-02-11 00:00:00.000,3868,4177,finished,7,
1458,2022-02-11 00:00:00.000,987,1919,finished,5,
1459,2022-02-11 00:00:00.000,2670,60,canceled,4,
1460,2022-02-11 00:00:00.000,985,2288,finished,2,
1462,2022-02-12 00:00:00.000,608,4864,finished,2,
1463,2022-02-12 00:00:00.000,4968,3250,finished,4,
1464,2022-02-12 00:00:00.000,1457,1162,finished,2,
1465,2022-02-12 00:00:00.000,2805,2094,finished,3,
1468,2022-02-12 00:00:00.000,4444,2552,finished,1,
1469,2022-02-12 00:00:00.000,3800,1661,finished,7,
1470,2022-02-12 00:00:00.000,3118,1658,canceled,3,
1472,2022-02-12 00:00:00.000,4812,2753,finished,2,
1475,2022-02-13 00:00:00.000,3969,2917,finished,4,
1476,2022-02-13 00:00:00.000,2372,1970,finished,7,
1477,2022-02-13 00:00:00.000,1456,3448,finished,1,
1480,2022-02-13 00:00:00.000,3800,4383,finished,7,
1482,2022-02-13 00:00:00.000,2177,1404,canceled,1,
1483,2022-02-13 00:00:00.000,3842,3816,finished,2,
1484,2022-02-13 00:00:00.000,3066,2912,finished,3,
1485,2022-02-13 00:00:00.000,1817,215,finished,7,
1486,2022-02-13 00:00:00.000,518,502,finished,6,
1487,2022-02-13 00:00:00.000,1955,265,canceled,5,
1489,2022-02-13 00:00:00.000,4681,2705,finished,3,
1490,2022-02-13 00:00:00.000,2995,1743,finished,1,
1493,2022-02-14 00:00:00.000,3123,2502,finished,5,
1495,2022-02-14 00:00:00.000,571,1693,finished,5,
1496,2022-02-14 00:00:00.000,3530,1368,finished,4,
1497,2022-02-14 00:00:00.000,3748,1827,finished,4,
1499,2022-02-14 00:00:00.000,3407,2261,canceled,6,
1500,2022-02-14 00:00:00.000,3704,1479,canceled,1,
1502,2022-02-14 00:00:00.000,3025,3113,canceled,1,
1504,2022-02-15 00:00:00.000,4429,758,canceled,5,
1505,2022-02-15 00:00:00.000,2330,2078,finished,2,
1506,2022-02-15 00:00:00.000,4796,3419,finished,3,
1507,2022-02-15 00:00:00.000,355,3165,finished,1,
1508,2022-02-15 00:00:00.000,2269,707,canceled,3,
1510,2022-02-15 00:00:00.000,2084,1839,finished,1,
1511,2022-02-15 00:00:00.000,2463,3877,finished,7,
1513,2022-02-15 00:00:00.000,997,4029,finished,2,
1514,2022-02-15 00:00:00.000,423,3902,canceled,1,
1515,2022-02-16 00:00:00.000,2005,2326,finished,7,
1518,2022-02-16 00:00:00.000,4358,4241,canceled,2,
1519,2022-02-16 00:00:00.000,1856,3716,finished,1,
1522,2022-02-16 00:00:00.000,2969,2374,finished,4,
1525,2022-02-17 00:00:00.000,4387,4795,finished,7,
1526,2022-02-17 00:00:00.000,1668,4726,finished,6,
1528,2022-02-17 00:00:00.000,2344,3311,finished,6,
1529,2022-02-17 00:00:00.000,2596,3495,finished,1,
1530,2022-02-17 00:00:00.000,4189,899,finished,2,
1531,2022-02-17 00:00:00.000,3038,2948,finished,1,
1532,2022-02-17 00:00:00.000,3576,1315,finished,5,
1534,2022-02-17 00:00:00.000,1754,1,finished,1,
1536,2022-02-17 00:00:00.000,742,2686,canceled,5,
1537,2022-02-17 00:00:00.000,1189,2375,finished,4,
1538,2022-02-17 00:00:00.000,221,3049,finished,1,
1539,2022-02-17 00:00:00.000,2687,1811,finished,3,
1540,2022-02-18 00:00:00.000,4320,1439,finished,7,
1541,2022-02-18 00:00:00.000,1850,1081,canceled,2,
1545,2022-02-18 00:00:00.000,1463,2511,finished,6,
1546,2022-02-18 00:00:00.000,728,1436,finished,3,
1548,2022-02-18 00:00:00.000,748,2290,finished,7,
1550,2022-02-19 00:00:00.000,4915,493,finished,7,
1551,2022-02-19 00:00:00.000,2700,1280,finished,5,
1553,2022-02-19 00:00:00.000,2048,4678,finished,7,
1554,2022-02-19 00:00:00.000,997,3675,finished,2,
1555,2022-02-19 00:00:00.000,2493,1892,finished,6,
1556,2022-02-19 00:00:00.000,3123,3282,finished,5,
1557,2022-02-19 00:00:00.000,4212,3106,finished,3,
1558,2022-02-19 00:00:00.000,4259,2815,canceled,5,
1559,2022-02-19 00:00:00.000,4164,3191,finished,7,
1560,2022-02-19 00:00:00.000,1759,63,finished,6,
1561,2022-02-19 00:00:00.000,4249,1661,finished,7,
1563,2022-02-19 00:00:00.000,2084,418,canceled,1,
1565,2022-02-20 00:00:00.000,1132,1476,finished,6,
1567,2022-02-20 00:00:00.000,2623,539,finished,4,
1570,2022-02-20 00:00:00.000,4838,860,canceled,2,
1571,2022-02-20 00:00:00.000,4278,466,finished,7,
1573,2022-02-20 00:00:00.000,2493,3589,finished,6,
1574,2022-02-20 00:00:00.000,2596,1351,finished,1,
1577,2022-02-20 00:00:00.000,1110,2424,finished,2,
1578,2022-02-20 00:00:00.000,1384,3049,finished,3,
1579,2022-02-20 00:00:00.000,4833,366,canceled,1,
1581,2022-02-20 00:00:00.000,2269,3933,finished,3,
1582,2022-02-20 00:00:00.000,2243,4222,finished,1,
1583,2022-02-20 00:00:00.000,2905,2246,finished,2,
1587,2022-02-21 00:00:00.000,4358,4321,finished,2,
1588,2022-02-21 00:00:00.000,2700,4905,finished,5,
1589,2022-02-21 00:00:00.000,4843,1785,canceled,6,
1591,2022-02-21 00:00:00.000,2305,1009,finished,1,
1593,2022-02-21 00:00:00.000,4915,4185,finished,7,
1594,2022-02-21 00:00:00.000,4289,1897,finished,3,
1595,2022-02-21 00:00:00.000,1955,2290,finished,5,
1596,2022-02-22 00:00:00.000,1023,160,finished,6,
1598,2022-02-22 00:00:00.000,3547,3603,finished,4,
1599,2022-02-22 00:00:00.000,1806,4821,finished,2,
1600,2022-02-22 00:00:00.000,1668,201,finished,6,
1602,2022-02-22 00:00:00.000,3883,2320,finished,2,
1603,2022-02-22 00:00:00.000,110,1005,finished,3,
1604,2022-02-22 00:00:00.000,1985,2476,finished,7,
1606,2022-02-23 00:00:00.000,2933,1841,finished,2,
1607,2022-02-23 00:00:00.000,2243,1009,finished,1,
1611,2022-02-23 00:00:00.000,4863,1673,finished,6,
1612,2022-02-23 00:00:00.000,1172,2686,finished,7,
1613,2022-02-23 00:00:00.000,4111,360,finished,1,
1614,2022-02-23 00:00:00.000,515,3318,finished,4,
1615,2022-02-23 00:00:00.000,4005,3384,finished,7,
1616,2022-02-23 00:00:00.000,3934,672,canceled,7,
1617,2022-02-23 00:00:00.000,2865,1476,finished,1,
1618,2022-02-23 00:00:00.000,1326,3644,finished,1,
1619,2022-02-23 00:00:00.000,110,4399,canceled,3,
1620,2022-02-24 00:00:00.000,4830,3026,canceled,5,
1621,2022-02-24 00:00:00.000,3038,161,finished,1,
1622,2022-02-24 00:00:00.000,1469,1007,finished,2,
1624,2022-02-24 00:00:00.000,598,1601,finished,5,
1625,2022-02-24 00:00:00.000,4915,2728,finished,7,
1626,2022-02-24 00:00:00.000,2199,155,finished,4,
1628,2022-02-24 00:00:00.000,4164,3919,finished,7,
1631,2022-02-24 00:00:00.000,3958,2197,finished,1,
1632,2022-02-24 00:00:00.000,423,509,finished,1,
1633,2022-02-24 00:00:00.000,3465,1693,finished,6,
1635,2022-02-25 00:00:00.000,1989,3521,finished,2,
1637,2022-02-25 00:00:00.000,4796,4815,finished,3,
1638,2022-02-25 00:00:00.000,4968,480,finished,4,
1639,2022-02-25 00:00:00.000,4868,4803,finished,4,
1640,2022-02-25 00:00:00.000,2043,1874,finished,5,
1642,2022-02-25 00:00:00.000,4212,3579,finished,3,
1645,2022-02-25 00:00:00.000,4546,2238,finished,6,
1646,2022-02-25 00:00:00.000,1792,2868,canceled,6,
1648,2022-02-26 00:00:00.000,2670,306,canceled,4,
1649,2022-02-26 00:00:00.000,1817,1437,finished,7,
1652,2022-02-26 00:00:00.000,2491,624,finished,2,
1653,2022-02-26 00:00:00.000,879,3171,canceled,1,
1654,2022-02-26 00:00:00.000,2148,1912,finished,1,
1655,2022-02-26 00:00:00.000,4121,4159,finished,7,
1657,2022-02-26 00:00:00.000,2973,2090,finished,4,
1658,2022-02-26 00:00:00.000,3777,3801,finished,3,
1660,2022-02-26 00:00:00.000,2088,3128,finished,2,
1661,2022-02-26 00:00:00.000,56,3452,finished,7,
1664,2022-02-27 00:00:00.000,774,3501,finished,7,
1665,2022-02-27 00:00:00.000,1856,4913,finished,1,
1667,2022-02-27 00:00:00.000,890,1424,finished,6,
1668,2022-02-27 00:00:00.000,3047,1933,finished,5,
1669,2022-02-27 00:00:00.000,508,1663,canceled,2,
1670,2022-02-27 00:00:00.000,2700,689,finished,5,
1671,2022-02-27 00:00:00.000,1725,4305,canceled,6,
1675,2022-02-27 00:00:00.000,3883,2696,finished,2,
1677,2022-02-27 00:00:00.000,1233,2621,canceled,3,
1678,2022-02-27 00:00:00.000,1457,601,finished,2,
1680,2022-02-28 00:00:00.000,742,2162,finished,5,
1681,2022-02-28 00:00:00.000,4471,2094,finished,4,
1684,2022-02-28 00:00:00.000,4219,95,finished,6,
1686,2022-02-28 00:00:00.000,1850,4241,finished,2,
1687,2022-02-28 00:00:00.000,2244,631,canceled,6,
1688,2022-03-01 00:00:00.000,2491,3065,finished,2,
1691,2022-03-01 00:00:00.000,1872,1560,finished,1,
1693,2022-03-01 00:00:00.000,1423,146,finished,2,
1694,2022-03-01 00:00:00.000,4915,3987,finished,7,
1697,2022-03-01 00:00:00.000,685,939,canceled,1,
1699,2022-03-02 00:00:00.000,3493,3427,finished,3,
1700,2022-03-02 00:00:00.000,4804,2669,finished,2,
1701,2022-03-02 00:00:00.000,4304,2327,finished,2,
1702,2022-03-02 00:00:00.000,2001,2238,finished,1,
1703,2022-03-02 00:00:00.000,2747,1704,finished,5,
1704,2022-03-02 00:00:00.000,3624,1094,finished,3,
1705,2022-03-02 00:00:00.000,508,1852,canceled,2,
1706,2022-03-02 00:00:00.000,2037,3673,finished,7,
1709,2022-03-02 00:00:00.000,1712,2951,finished,3,
1711,2022-03-02 00:00:00.000,2491,4109,finished,2,
1712,2022-03-02 00:00:00.000,3302,3644,finished,6,
1716,2022-03-03 00:00:00.000,1189,2765,finished,4,
1717,2022-03-03 00:00:00.000,4753,3779,finished,1,
1718,2022-03-03 00:00:00.000,428,2467,canceled,7,
1719,2022-03-03 00:00:00.000,4001,160,finished,6,
1720,2022-03-03 00:00:00.000,3121,1539,finished,5,
1721,2022-03-03 00:00:00.000,3493,3122,finished,3,
1722,2022-03-03 00:00:00.000,4289,2396,finished,3,
1723,2022-03-03 00:00:00.000,4651,4454,finished,1,
1724,2022-03-03 00:00:00.000,4522,291,finished,7,
1725,2022-03-03 00:00:00.000,4804,2708,finished,2,
1726,2022-03-03 00:00:00.000,371,3716,finished,5,
1728,2022-03-03 00:00:00.000,1299,4439,finished,4,
1730,2022-03-03 00:00:00.000,1064,1622,finished,4,
1731,2022-03-03 00:00:00.000,598,3873,finished,5,
1732,2022-03-03 00:00:00.000,3407,1574,finished,6,
1733,2022-03-03 00:00:00.000,4121,2474,canceled,7,
1734,2022-03-03 00:00:00.000,3060,4925,finished,6,
1735,2022-03-03 00:00:00.000,2605,306,canceled,5,
1738,2022-03-04 00:00:00.000,428,687,finished,7,
1739,2022-03-04 00:00:00.000,2134,414,finished,1,
1740,2022-03-04 00:00:00.000,233,1777,canceled,2,
1743,2022-03-04 00:00:00.000,3322,1096,finished,1,
1744,2022-03-04 00:00:00.000,2132,3053,finished,5,
1748,2022-03-04 00:00:00.000,3858,59,finished,4,
1749,2022-03-04 00:00:00.000,890,3309,finished,6,
1750,2022-03-04 00:00:00.000,1456,3841,finished,1,
1754,2022-03-05 00:00:00.000,4546,1590,finished,6,
1755,2022-03-05 00:00:00.000,3118,2924,finished,3,
1756,2022-03-05 00:00:00.000,26,2197,finished,7,
1757,2022-03-05 00:00:00.000,4278,4029,finished,7,
1758,2022-03-05 00:00:00.000,166,2487,canceled,7,
1759,2022-03-05 00:00:00.000,1349,3741,finished,1,
1760,2022-03-05 00:00:00.000,3284,634,finished,2,
1761,2022-03-05 00:00:00.000,3143,195,finished,1,
1762,2022-03-05 00:00:00.000,606,3631,canceled,1,
1763,2022-03-05 00:00:00.000,1544,4151,finished,4,
1764,2022-03-05 00:00:00.000,2456,3160,finished,3,
1766,2022-03-05 00:00:00.000,1768,4413,finished,4,
1767,2022-03-05 00:00:00.000,5000,3499,finished,2,
1768,2022-03-05 00:00:00.000,572,2516,finished,6,
1769,2022-03-05 00:00:00.000,3240,1522,finished,4,
1770,2022-03-05 00:00:00.000,3402,922,finished,7,
1771,2022-03-05 00:00:00.000,1319,2248,finished,5,
1776,2022-03-06 00:00:00.000,3477,3570,canceled,6,
1782,2022-03-06 00:00:00.000,4164,634,finished,7,
1783,2022-03-06 00:00:00.000,4546,4245,finished,6,
1784,2022-03-06 00:00:00.000,3425,3054,finished,7,
1785,2022-03-06 00:00:00.000,210,3751,canceled,3,
1787,2022-03-06 00:00:00.000,428,405,finished,7,
1789,2022-03-06 00:00:00.000,4711,2722,canceled,7,
1790,2022-03-06 00:00:00.000,2777,1441,finished,6,
1792,2022-03-06 00:00:00.000,1328,3673,finished,4,
1795,2022-03-07 00:00:00.000,2491,2720,finished,2,
1796,2022-03-07 00:00:00.000,2485,1642,canceled,1,
1797,2022-03-07 00:00:00.000,3868,4892,finished,7,
1798,2022-03-07 00:00:00.000,2199,605,finished,4,
1799,2022-03-07 00:00:00.000,4811,6,finished,2,
1800,2022-03-07 00:00:00.000,314,896,finished,7,
1801,2022-03-07 00:00:00.000,4732,1005,finished,3,
1804,2022-03-08 00:00:00.000,854,542,finished,2,
1805,2022-03-08 00:00:00.000,4103,2225,canceled,6,
1806,2022-03-08 00:00:00.000,2403,3944,finished,1,
1807,2022-03-08 00:00:00.000,2905,4447,canceled,2,
1810,2022-03-08 00:00:00.000,1483,3409,finished,3,
1811,2022-03-08 00:00:00.000,1806,471,finished,2,
1812,2022-03-08 00:00:00.000,4811,3685,canceled,2,
1814,2022-03-08 00:00:00.000,2400,1852,finished,1,
1815,2022-03-08 00:00:00.000,371,414,finished,5,
1816,2022-03-08 00:00:00.000,2805,322,finished,3,
1818,2022-03-08 00:00:00.000,42,471,finished,2,
1819,2022-03-08 00:00:00.000,4681,4700,finished,3,
1820,2022-03-08 00:00:00.000,4576,3605,finished,2,
1821,2022-03-09 00:00:00.000,728,3192,finished,3,
1822,2022-03-09 00:00:00.000,4056,261,canceled,6,
1825,2022-03-09 00:00:00.000,2933,223,finished,2,
1826,2022-03-09 00:00:00.000,4412,914,finished,3,
1828,2022-03-09 00:00:00.000,3212,3893,finished,7,
1829,2022-03-09 00:00:00.000,2687,1838,finished,3,
1831,2022-03-10 00:00:00.000,4503,3070,finished,1,
1832,2022-03-10 00:00:00.000,4614,4871,finished,1,
1833,2022-03-10 00:00:00.000,1986,631,canceled,6,
1834,2022-03-10 00:00:00.000,3261,4330,finished,1,
1835,2022-03-10 00:00:00.000,774,2497,finished,7,
1836,2022-03-10 00:00:00.000,4000,3453,finished,7,
1838,2022-03-10 00:00:00.000,4731,1693,canceled,2,
1840,2022-03-10 00:00:00.000,3748,620,finished,4,
1842,2022-03-10 00:00:00.000,2571,2495,finished,7,
1844,2022-03-11 00:00:00.000,5000,2840,finished,2,
1845,2022-03-11 00:00:00.000,4833,2885,finished,1,
1846,2022-03-11 00:00:00.000,2137,1888,finished,2,
1847,2022-03-11 00:00:00.000,1023,3647,canceled,6,
1849,2022-03-11 00:00:00.000,47,1702,finished,5,
1850,2022-03-11 00:00:00.000,1566,1238,canceled,7,
1851,2022-03-11 00:00:00.000,1449,2537,finished,7,
1852,2022-03-11 00:00:00.000,2001,330,finished,1,
1853,2022-03-11 00:00:00.000,1457,4119,finished,2,
1854,2022-03-11 00:00:00.000,4647,3968,finished,1,
1856,2022-03-11 00:00:00.000,4838,3009,canceled,2,
1859,2022-03-11 00:00:00.000,603,3431,finished,3,
1860,2022-03-11 00:00:00.000,830,1356,finished,7,
1862,2022-03-12 00:00:00.000,2803,3481,finished,3,
1864,2022-03-12 00:00:00.000,2472,3107,finished,4,
1867,2022-03-12 00:00:00.000,1319,3955,finished,5,
1869,2022-03-12 00:00:00.000,2635,4174,finished,1,
1870,2022-03-12 00:00:00.000,47,172,finished,5,
1873,2022-03-12 00:00:00.000,3748,2020,finished,4,
1874,2022-03-12 00:00:00.000,1431,1814,finished,6,
1875,2022-03-12 00:00:00.000,3749,71,finished,4,
1876,2022-03-12 00:00:00.000,802,3053,finished,1,
1877,2022-03-13 00:00:00.000,961,4706,finished,4,
1878,2022-03-13 00:00:00.000,1349,3570,finished,1,
1879,2022-03-13 00:00:00.000,1554,1505,finished,5,
1881,2022-03-13 00:00:00.000,1792,777,finished,6,
1882,2022-03-13 00:00:00.000,4835,1099,canceled,1,
1883,2022-03-13 00:00:00.000,879,2751,finished,1,
1884,2022-03-13 00:00:00.000,879,3705,finished,1,
1885,2022-03-13 00:00:00.000,4150,1391,finished,6,
1887,2022-03-13 00:00:00.000,4502,1916,finished,4,
1888,2022-03-13 00:00:00.000,1417,2762,canceled,3,
1889,2022-03-13 00:00:00.000,4143,1772,finished,6,
1893,2022-03-13 00:00:00.000,3868,3921,finished,7,
1894,2022-03-13 00:00:00.000,3800,4151,canceled,7,
1895,2022-03-13 00:00:00.000,830,4012,finished,7,
1897,2022-03-14 00:00:00.000,271,1782,finished,5,
1899,2022-03-14 00:00:00.000,2098,2204,canceled,2,
1902,2022-03-14 00:00:00.000,4121,2745,finished,7,
1903,2022-03-14 00:00:00.000,1431,1646,canceled,6,
1904,2022-03-14 00:00:00.000,3402,3528,canceled,7,
1905,2022-03-14 00:00:00.000,879,2750,canceled,1,
1906,2022-03-14 00:00:00.000,2016,2895,finished,5,
1910,2022-03-14 00:00:00.000,2105,2736,canceled,7,
1915,2022-03-14 00:00:00.000,3624,4803,finished,3,
1916,2022-03-15 00:00:00.000,685,1980,finished,1,
1917,2022-03-15 00:00:00.000,1233,4761,canceled,3,
1918,2022-03-15 00:00:00.000,231,1772,finished,4,
1919,2022-03-15 00:00:00.000,2836,4127,finished,5,
1921,2022-03-15 00:00:00.000,2463,3924,finished,7,
1923,2022-03-15 00:00:00.000,2596,4119,finished,1,
1924,2022-03-15 00:00:00.000,2400,922,finished,1,
1925,2022-03-15 00:00:00.000,3934,4571,canceled,7,
1926,2022-03-15 00:00:00.000,3045,2742,finished,7,
1928,2022-03-15 00:00:00.000,355,3171,finished,1,
1930,2022-03-15 00:00:00.000,2166,4177,finished,4,
1933,2022-03-15 00:00:00.000,2881,480,finished,2,
1934,2022-03-15 00:00:00.000,4124,3388,finished,3,
1935,2022-03-16 00:00:00.000,4830,309,finished,5,
1937,2022-03-16 00:00:00.000,560,612,finished,6,
1938,2022-03-16 00:00:00.000,1725,2087,finished,6,
1940,2022-03-16 00:00:00.000,1291,2786,finished,2,
1941,2022-03-16 00:00:00.000,170,2355,finished,3,
1946,2022-03-16 00:00:00.000,997,1595,canceled,2,
1947,2022-03-16 00:00:00.000,685,1273,finished,1,
1948,2022-03-16 00:00:00.000,1989,3282,finished,2,
1950,2022-03-16 00:00:00.000,3868,4019,canceled,7,
1954,2022-03-16 00:00:00.000,4289,1852,finished,3,
1955,2022-03-16 00:00:00.000,1463,3334,finished,6,
1956,2022-03-17 00:00:00.000,961,1297,finished,4,
1957,2022-03-17 00:00:00.000,1001,3078,finished,6,
1958,2022-03-17 00:00:00.000,1955,988,finished,5,
1959,2022-03-17 00:00:00.000,314,2916,finished,7,
1962,2022-03-17 00:00:00.000,2177,4902,finished,1,
1963,2022-03-17 00:00:00.000,1668,3810,finished,6,
1965,2022-03-17 00:00:00.000,2749,1297,finished,1,
1972,2022-03-18 00:00:00.000,4412,1354,finished,3,
1973,2022-03-18 00:00:00.000,3941,4174,finished,4,
1974,2022-03-18 00:00:00.000,2881,4610,finished,2,
1975,2022-03-18 00:00:00.000,2235,676,finished,4,
1976,2022-03-18 00:00:00.000,1328,1826,finished,4,
1978,2022-03-18 00:00:00.000,482,1706,finished,3,
1979,2022-03-18 00:00:00.000,598,539,finished,5,
1980,2022-03-18 00:00:00.000,879,2866,canceled,1,
1981,2022-03-18 00:00:00.000,854,4892,finished,2,
1984,2022-03-18 00:00:00.000,1914,532,finished,6,
1985,2022-03-18 00:00:00.000,3588,1402,finished,2,
1986,2022-03-18 00:00:00.000,3886,1560,finished,6,
1987,2022-03-18 00:00:00.000,4503,3481,finished,1,
1988,2022-03-18 00:00:00.000,3632,3873,finished,4,
1989,2022-03-18 00:00:00.000,249,3334,finished,6,
1990,2022-03-18 00:00:00.000,26,429,finished,7,
1991,2022-03-18 00:00:00.000,1113,4036,canceled,6,
1994,2022-03-19 00:00:00.000,572,1819,canceled,6,
1999,2022-03-19 00:00:00.000,1792,3119,finished,6,
2000,2022-03-19 00:00:00.000,498,3991,finished,1,
2001,2022-03-19 00:00:00.000,2105,2374,finished,7,
2002,2022-03-19 00:00:00.000,4654,2219,finished,6,
2004,2022-03-19 00:00:00.000,1037,4706,canceled,2,
2005,2022-03-19 00:00:00.000,2485,1401,finished,1,
2006,2022-03-19 00:00:00.000,2700,809,finished,5,
2007,2022-03-20 00:00:00.000,2480,245,finished,1,
2010,2022-03-20 00:00:00.000,1197,1267,finished,3,
2011,2022-03-20 00:00:00.000,4444,4109,finished,1,
2012,2022-03-20 00:00:00.000,987,3696,canceled,5,
2014,2022-03-20 00:00:00.000,598,3042,finished,5,
2015,2022-03-20 00:00:00.000,47,1134,finished,5,
2018,2022-03-20 00:00:00.000,2699,3796,canceled,1,
2021,2022-03-20 00:00:00.000,2557,3452,finished,2,
2023,2022-03-20 00:00:00.000,4111,1772,finished,1,
2025,2022-03-20 00:00:00.000,54,4075,finished,3,
2029,2022-03-20 00:00:00.000,4647,4588,finished,1,
2031,2022-03-21 00:00:00.000,3724,2094,finished,1,
2032,2022-03-21 00:00:00.000,4856,161,finished,1,
2033,2022-03-21 00:00:00.000,606,1889,finished,1,
2036,2022-03-21 00:00:00.000,2892,3463,finished,7,
2037,2022-03-21 00:00:00.000,1228,4544,canceled,7,
2038,2022-03-21 00:00:00.000,603,3716,finished,3,
2039,2022-03-21 00:00:00.000,977,4420,finished,5,
2040,2022-03-21 00:00:00.000,428,1377,finished,7,
2041,2022-03-21 00:00:00.000,3835,4177,finished,2,
2044,2022-03-21 00:00:00.000,4753,791,finished,1,
2048,2022-03-21 00:00:00.000,1251,2438,finished,5,
2049,2022-03-21 00:00:00.000,4248,4610,finished,1,
2052,2022-03-21 00:00:00.000,1715,2061,finished,5,
2055,2022-03-22 00:00:00.000,2636,3403,canceled,1,
2056,2022-03-22 00:00:00.000,3121,1827,finished,5,
2058,2022-03-22 00:00:00.000,4833,719,finished,1,
2059,2022-03-22 00:00:00.000,985,1355,finished,2,
2061,2022-03-22 00:00:00.000,2403,1732,finished,1,
2062,2022-03-22 00:00:00.000,4111,1846,finished,1,
2063,2022-03-22 00:00:00.000,1712,2511,finished,3,
2066,2022-03-22 00:00:00.000,4731,896,finished,2,
2067,2022-03-22 00:00:00.000,3580,1525,finished,2,
2069,2022-03-22 00:00:00.000,1296,3816,canceled,6,
2074,2022-03-22 00:00:00.000,4920,631,finished,1,
2075,2022-03-22 00:00:00.000,3257,3069,finished,5,
2078,2022-03-22 00:00:00.000,2747,1615,finished,5,
2079,2022-03-22 00:00:00.000,423,2775,finished,1,
2082,2022-03-22 00:00:00.000,4522,2502,finished,7,
2084,2022-03-23 00:00:00.000,2842,3499,finished,2,
2085,2022-03-23 00:00:00.000,4812,4274,finished,2,
2087,2022-03-23 00:00:00.000,4831,3801,finished,4,
2089,2022-03-23 00:00:00.000,4752,3893,finished,7,
2093,2022-03-23 00:00:00.000,4143,1458,finished,6,
2094,2022-03-23 00:00:00.000,3227,2868,canceled,6,
2096,2022-03-23 00:00:00.000,2132,2323,finished,5,
2097,2022-03-24 00:00:00.000,4530,4529,canceled,3,
2098,2022-03-24 00:00:00.000,3800,911,finished,7,
2100,2022-03-24 00:00:00.000,997,2681,finished,2,
2101,2022-03-24 00:00:00.000,4720,3026,finished,7,
2102,2022-03-24 00:00:00.000,3025,2436,canceled,1,
2103,2022-03-24 00:00:00.000,2465,493,finished,7,
2104,2022-03-24 00:00:00.000,538,3160,canceled,1,
2105,2022-03-24 00:00:00.000,3624,1143,canceled,3,
2106,2022-03-24 00:00:00.000,2596,2191,finished,1,
2107,2022-03-24 00:00:00.000,3402,3735,finished,7,
2108,2022-03-24 00:00:00.000,997,354,finished,2,
2109,2022-03-24 00:00:00.000,1456,892,finished,1,
2110,2022-03-25 00:00:00.000,946,4284,finished,3,
2112,2022-03-25 00:00:00.000,1566,1391,finished,7,
2113,2022-03-25 00:00:00.000,1715,474,canceled,5,
2115,2022-03-25 00:00:00.000,4852,2538,canceled,5,
2116,2022-03-25 00:00:00.000,1526,3006,finished,5,
2124,2022-03-25 00:00:00.000,4522,405,finished,7,
2127,2022-03-26 00:00:00.000,4804,3028,finished,2,
2129,2022-03-26 00:00:00.000,2803,4880,finished,3,
2130,2022-03-26 00:00:00.000,2635,939,finished,1,
2132,2022-03-26 00:00:00.000,4412,3107,finished,3,
2133,2022-03-26 00:00:00.000,4101,3291,finished,1,
2135,2022-03-26 00:00:00.000,2654,1427,finished,1,
2141,2022-03-26 00:00:00.000,2148,1488,finished,1,
2142,2022-03-26 00:00:00.000,3031,4616,finished,6,
2143,2022-03-26 00:00:00.000,110,1604,finished,3,
2144,2022-03-26 00:00:00.000,458,3054,canceled,7,
2146,2022-03-26 00:00:00.000,3704,1439,finished,1,
2147,2022-03-26 00:00:00.000,4164,882,finished,7,
2148,2022-03-26 00:00:00.000,4000,4068,finished,7,
2150,2022-03-27 00:00:00.000,1375,2553,finished,6,
2153,2022-03-27 00:00:00.000,2485,3298,finished,1,
2154,2022-03-27 00:00:00.000,1736,909,finished,3,
2155,2022-03-27 00:00:00.000,2488,3495,finished,7,
2157,2022-03-27 00:00:00.000,4681,2604,canceled,3,
2158,2022-03-27 00:00:00.000,3759,342,finished,4,
2159,2022-03-27 00:00:00.000,3530,4572,finished,4,
2160,2022-03-27 00:00:00.000,3749,1295,finished,4,
2161,2022-03-27 00:00:00.000,2654,1096,finished,1,
2163,2022-03-27 00:00:00.000,2636,3008,canceled,1,
2164,2022-03-27 00:00:00.000,2506,4615,canceled,5,
2167,2022-03-28 00:00:00.000,4444,2143,canceled,1,
2168,2022-03-28 00:00:00.000,2824,1071,finished,6,
2170,2022-03-28 00:00:00.000,3576,4803,finished,5,
2171,2022-03-28 00:00:00.000,2262,1559,finished,3,
2176,2022-03-28 00:00:00.000,4225,444,finished,7,
2180,2022-03-28 00:00:00.000,271,2061,canceled,5,
2181,2022-03-28 00:00:00.000,1544,720,finished,4,
2182,2022-03-28 00:00:00.000,854,145,canceled,2,
2183,2022-03-28 00:00:00.000,2037,2497,finished,7,
2185,2022-03-28 00:00:00.000,4693,631,finished,6,
2186,2022-03-28 00:00:00.000,2377,2322,finished,7,
2189,2022-03-28 00:00:00.000,1513,2482,finished,4,
2190,2022-03-28 00:00:00.000,3350,2168,finished,3,
2192,2022-03-28 00:00:00.000,1169,2815,finished,6,
2193,2022-03-29 00:00:00.000,482,422,canceled,3,
2196,2022-03-29 00:00:00.000,2836,1603,finished,5,
2197,2022-03-29 00:00:00.000,2179,4526,finished,4,
2199,2022-03-29 00:00:00.000,314,3998,finished,7,
2200,2022-03-29 00:00:00.000,1533,801,canceled,6,
2202,2022-03-29 00:00:00.000,2283,3300,finished,4,
2203,2022-03-29 00:00:00.000,4824,4096,finished,6,
2205,2022-03-29 00:00:00.000,3261,4153,finished,1,
2206,2022-03-30 00:00:00.000,1475,686,finished,2,
2208,2022-03-30 00:00:00.000,3097,1356,finished,6,
2209,2022-03-30 00:00:00.000,4502,3035,finished,4,
2210,2022-03-30 00:00:00.000,3800,4139,finished,7,
2213,2022-03-30 00:00:00.000,2001,2568,finished,1,
2214,2022-03-30 00:00:00.000,4444,634,finished,1,
2218,2022-03-30 00:00:00.000,3777,1590,finished,3,
2221,2022-03-30 00:00:00.000,912,145,finished,5,
2222,2022-03-30 00:00:00.000,4731,1313,canceled,2,
2226,2022-03-31 00:00:00.000,879,2868,finished,1,
2227,2022-03-31 00:00:00.000,2881,72,finished,2,
2229,2022-03-31 00:00:00.000,2472,396,finished,4,
2230,2022-03-31 00:00:00.000,1856,4728,finished,1,
2232,2022-03-31 00:00:00.000,4753,1677,finished,1,
2234,2022-03-31 00:00:00.000,1299,1549,finished,4,
2235,2022-03-31 00:00:00.000,4471,3993,finished,4,
2236,2022-03-31 00:00:00.000,4852,4571,finished,5,
2237,2022-03-31 00:00:00.000,4444,354,finished,1,
2239,2022-03-31 00:00:00.000,1314,2637,canceled,4,
2241,2022-03-31 00:00:00.000,2137,311,finished,2,
2242,2022-03-31 00:00:00.000,314,2396,finished,7,
2244,2022-04-01 00:00:00.000,1544,1297,finished,4,
2245,2022-04-01 00:00:00.000,4914,4432,canceled,1,
2246,2022-04-01 00:00:00.000,3858,922,finished,4,
2247,2022-04-01 00:00:00.000,1768,2718,canceled,4,
2249,2022-04-01 00:00:00.000,516,2418,finished,6,
2250,2022-04-01 00:00:00.000,636,4769,canceled,6,
2252,2022-04-01 00:00:00.000,3852,601,finished,1,
2253,2022-04-01 00:00:00.000,2305,2191,finished,1,
2256,2022-04-01 00:00:00.000,229,2489,finished,3,
2258,2022-04-01 00:00:00.000,2933,2673,canceled,2,
2259,2022-04-01 00:00:00.000,4739,2728,finished,1,
2260,2022-04-01 00:00:00.000,645,288,finished,2,
2261,2022-04-01 00:00:00.000,3704,3318,finished,1,
2263,2022-04-02 00:00:00.000,571,2326,finished,5,
2265,2022-04-02 00:00:00.000,4095,1772,finished,4,
2266,2022-04-02 00:00:00.000,2892,3337,finished,7,
2267,2022-04-02 00:00:00.000,1533,72,finished,6,
2268,2022-04-02 00:00:00.000,4849,612,finished,3,
2271,2022-04-02 00:00:00.000,1498,2300,finished,4,
2272,2022-04-02 00:00:00.000,2098,1534,finished,2,
2273,2022-04-02 00:00:00.000,2651,4096,finished,6,
2275,2022-04-02 00:00:00.000,1554,1880,finished,5,
2276,2022-04-02 00:00:00.000,3029,3830,finished,5,
2277,2022-04-02 00:00:00.000,2180,3065,finished,6,
2278,2022-04-02 00:00:00.000,1498,4174,finished,4,
2280,2022-04-02 00:00:00.000,47,147,finished,5,
2281,2022-04-02 00:00:00.000,688,2866,finished,6,
2283,2022-04-02 00:00:00.000,3425,480,canceled,7,
2284,2022-04-02 00:00:00.000,1110,4055,finished,2,
2285,2022-04-02 00:00:00.000,1299,698,finished,4,
2287,2022-04-02 00:00:00.000,880,4544,finished,7,
2290,2022-04-02 00:00:00.000,4121,2120,finished,7,
2294,2022-04-03 00:00:00.000,2887,223,finished,5,
2296,2022-04-03 00:00:00.000,1573,3987,finished,6,
2297,2022-04-03 00:00:00.000,2532,1764,canceled,2,
2298,2022-04-03 00:00:00.000,3477,4175,finished,6,
2299,2022-04-03 00:00:00.000,2166,2671,finished,4,
2300,2022-04-03 00:00:00.000,1463,3387,finished,6,
2302,2022-04-03 00:00:00.000,3590,2291,finished,2,
2303,2022-04-03 00:00:00.000,515,2326,finished,4,
2305,2022-04-03 00:00:00.000,4671,1970,finished,5,
2306,2022-04-03 00:00:00.000,54,184,finished,3,
2308,2022-04-03 00:00:00.000,2084,2629,finished,1,
2309,2022-04-03 00:00:00.000,2243,840,finished,1,
2310,2022-04-03 00:00:00.000,1986,405,finished,6,
2311,2022-04-03 00:00:00.000,3261,4394,finished,1,
2312,2022-04-03 00:00:00.000,355,1229,canceled,1,
2313,2022-04-03 00:00:00.000,3261,3295,canceled,1,
2315,2022-04-03 00:00:00.000,110,2637,finished,3,
2318,2022-04-03 00:00:00.000,179,1904,finished,6,
2319,2022-04-03 00:00:00.000,845,1358,finished,6,
2320,2022-04-03 00:00:00.000,3934,2561,finished,7,
2321,2022-04-03 00:00:00.000,1872,4479,canceled,1,
2324,2022-04-03 00:00:00.000,1251,810,finished,5,
2325,2022-04-04 00:00:00.000,695,2087,canceled,7,
2326,2022-04-04 00:00:00.000,4863,3818,finished,6,
2327,2022-04-04 00:00:00.000,1851,2306,finished,6,
2328,2022-04-04 00:00:00.000,1420,3921,finished,2,
2330,2022-04-04 00:00:00.000,3858,3431,finished,4,
2332,2022-04-04 00:00:00.000,880,2349,canceled,7,
2333,2022-04-04 00:00:00.000,3425,4543,finished,7,
2335,2022-04-04 00:00:00.000,4344,2204,finished,1,
2336,2022-04-04 00:00:00.000,3971,851,finished,7,
2342,2022-04-04 00:00:00.000,3025,3554,finished,1,
2343,2022-04-04 00:00:00.000,249,4894,finished,6,
2345,2022-04-04 00:00:00.000,3958,1377,finished,1,
2346,2022-04-04 00:00:00.000,2641,1750,finished,3,
2347,2022-04-04 00:00:00.000,1189,3687,finished,4,
2349,2022-04-05 00:00:00.000,2488,1516,finished,7,
2350,2022-04-05 00:00:00.000,2512,899,canceled,7,
2352,2022-04-05 00:00:00.000,3733,102,finished,4,
2353,2022-04-05 00:00:00.000,3154,3463,canceled,2,
2354,2022-04-05 00:00:00.000,3759,1767,canceled,4,
2355,2022-04-05 00:00:00.000,3869,1714,finished,7,
2356,2022-04-05 00:00:00.000,3029,13,finished,5,
2359,2022-04-05 00:00:00.000,314,542,finished,7,
2361,2022-04-05 00:00:00.000,3493,1549,canceled,3,
2362,2022-04-05 00:00:00.000,571,4159,finished,5,
2363,2022-04-05 00:00:00.000,2180,317,finished,6,
2364,2022-04-05 00:00:00.000,2011,3119,finished,3,
2365,2022-04-06 00:00:00.000,4671,1667,finished,5,
2366,2022-04-06 00:00:00.000,4387,4537,finished,7,
2369,2022-04-06 00:00:00.000,4540,318,finished,7,
2370,2022-04-06 00:00:00.000,4910,984,canceled,7,
2372,2022-04-06 00:00:00.000,3624,4230,canceled,3,
2373,2022-04-06 00:00:00.000,2651,3318,finished,6,
2374,2022-04-06 00:00:00.000,2491,255,finished,2,
2375,2022-04-06 00:00:00.000,2043,3844,finished,5,
2377,2022-04-06 00:00:00.000,2005,588,canceled,7,
2378,2022-04-06 00:00:00.000,2173,3644,finished,3,
2383,2022-04-06 00:00:00.000,1449,2135,canceled,7,
2385,2022-04-07 00:00:00.000,4387,3372,finished,7,
2387,2022-04-07 00:00:00.000,3713,3872,finished,5,
2389,2022-04-07 00:00:00.000,4249,3987,finished,7,
2393,2022-04-07 00:00:00.000,4651,3892,finished,1,
2395,2022-04-07 00:00:00.000,4654,3516,finished,6,
2398,2022-04-07 00:00:00.000,4001,145,finished,6,
2399,2022-04-07 00:00:00.000,879,585,finished,1,
2404,2022-04-07 00:00:00.000,3704,1353,finished,1,
2405,2022-04-07 00:00:00.000,1573,44,finished,6,
2408,2022-04-07 00:00:00.000,1856,1465,finished,1,
2409,2022-04-08 00:00:00.000,2654,565,finished,1,
2411,2022-04-08 00:00:00.000,166,1684,finished,7,
2413,2022-04-08 00:00:00.000,4968,3673,finished,4,
2414,2022-04-08 00:00:00.000,2557,3451,finished,2,
2415,2022-04-08 00:00:00.000,2635,759,finished,1,
2417,2022-04-08 00:00:00.000,1113,347,finished,6,
2418,2022-04-08 00:00:00.000,2463,4032,finished,7,
2419,2022-04-08 00:00:00.000,4121,3932,finished,7,
2420,2022-04-08 00:00:00.000,1475,2250,finished,2,
2421,2022-04-08 00:00:00.000,4868,4233,finished,4,
2422,2022-04-08 00:00:00.000,3407,3841,finished,6,
2423,2022-04-08 00:00:00.000,3800,3381,finished,7,
2424,2022-04-08 00:00:00.000,2480,1834,finished,1,
2425,2022-04-08 00:00:00.000,1937,749,finished,4,
2427,2022-04-08 00:00:00.000,515,2448,finished,4,
2428,2022-04-08 00:00:00.000,1197,1637,canceled,3,
2430,2022-04-08 00:00:00.000,1759,204,finished,6,
2431,2022-04-08 00:00:00.000,3227,2474,finished,6,
2433,2022-04-08 00:00:00.000,742,1590,finished,5,
2434,2022-04-08 00:00:00.000,2177,4885,finished,1,
2435,2022-04-08 00:00:00.000,458,4905,finished,7,
2436,2022-04-09 00:00:00.000,1328,3879,finished,4,
2438,2022-04-09 00:00:00.000,3835,4390,canceled,2,
2439,2022-04-09 00:00:00.000,4752,4069,finished,7,
2442,2022-04-09 00:00:00.000,1326,3205,finished,1,
2443,2022-04-09 00:00:00.000,1932,938,finished,3,
2444,2022-04-09 00:00:00.000,571,3384,canceled,5,
2445,2022-04-09 00:00:00.000,3251,2021,canceled,5,
2446,2022-04-09 00:00:00.000,2670,2221,finished,4,
2447,2022-04-09 00:00:00.000,3302,1892,finished,6,
2449,2022-04-09 00:00:00.000,688,3006,finished,6,
2450,2022-04-09 00:00:00.000,1319,2508,finished,5,
2451,2022-04-09 00:00:00.000,4681,1351,finished,3,
2453,2022-04-09 00:00:00.000,1554,2729,finished,5,
2454,2022-04-09 00:00:00.000,946,4464,canceled,3,
2455,2022-04-09 00:00:00.000,4732,3745,finished,3,
2457,2022-04-09 00:00:00.000,2777,4060,finished,6,
2459,2022-04-10 00:00:00.000,987,2519,finished,5,
2461,2022-04-10 00:00:00.000,2892,20,finished,7,
2462,2022-04-10 00:00:00.000,1817,4391,finished,7,
2465,2022-04-10 00:00:00.000,2485,3796,finished,1,
2466,2022-04-10 00:00:00.000,1463,2162,finished,6,
2467,2022-04-10 00:00:00.000,3396,2495,finished,1,
2468,2022-04-10 00:00:00.000,3868,4888,finished,7,
2469,2022-04-10 00:00:00.000,1736,2671,finished,3,
2470,2022-04-10 00:00:00.000,3047,4163,finished,5,
2471,2022-04-10 00:00:00.000,1423,4476,finished,2,
2472,2022-04-10 00:00:00.000,2905,1356,canceled,2,
2474,2022-04-10 00:00:00.000,1533,1427,finished,6,
2475,2022-04-10 00:00:00.000,2199,1525,finished,4,
2478,2022-04-10 00:00:00.000,748,3321,finished,7,
2479,2022-04-10 00:00:00.000,3883,2219,finished,2,
2481,2022-04-10 00:00:00.000,1792,3682,finished,6,
2482,2022-04-10 00:00:00.000,987,2026,finished,5,
2483,2022-04-10 00:00:00.000,603,3091,finished,3,
2484,2022-04-10 00:00:00.000,3590,1171,finished,2,
2486,2022-04-10 00:00:00.000,2372,4718,finished,7,
2487,2022-04-10 00:00:00.000,2955,3309,canceled,4,
2488,2022-04-11 00:00:00.000,3624,4970,finished,3,
2491,2022-04-11 00:00:00.000,3118,1050,canceled,3,
2492,2022-04-11 00:00:00.000,2016,4012,finished,5,
2493,2022-04-11 00:00:00.000,3941,4230,finished,4,
2495,2022-04-11 00:00:00.000,1279,2052,finished,5,
2496,2022-04-11 00:00:00.000,1242,3004,finished,3,
2497,2022-04-11 00:00:00.000,778,1535,finished,4,
2498,2022-04-11 00:00:00.000,221,493,finished,1,
2500,2022-04-11 00:00:00.000,3257,620,finished,5,
2501,2022-04-11 00:00:00.000,1431,4204,finished,6,
2502,2022-04-11 00:00:00.000,1242,1087,canceled,3,
2504,2022-04-11 00:00:00.000,1817,466,finished,7,
2506,2022-04-11 00:00:00.000,1456,530,finished,1,
2507,2022-04-11 00:00:00.000,4480,4007,finished,3,
2511,2022-04-12 00:00:00.000,1890,1877,canceled,5,
2513,2022-04-12 00:00:00.000,987,3998,finished,5,
2514,2022-04-12 00:00:00.000,3782,2992,canceled,3,
2516,2022-04-12 00:00:00.000,1037,4946,finished,2,
2517,2022-04-12 00:00:00.000,2403,4528,finished,1,
2518,2022-04-12 00:00:00.000,879,3160,finished,1,
2523,2022-04-12 00:00:00.000,4849,4390,finished,3,
2525,2022-04-12 00:00:00.000,2447,2058,finished,2,
2532,2022-04-13 00:00:00.000,26,4029,finished,7,
2534,2022-04-13 00:00:00.000,2933,4125,finished,2,
2535,2022-04-13 00:00:00.000,229,204,canceled,3,
2537,2022-04-13 00:00:00.000,879,3345,finished,1,
2538,2022-04-13 00:00:00.000,3713,198,canceled,5,
2539,2022-04-13 00:00:00.000,3051,4526,finished,3,
2542,2022-04-13 00:00:00.000,47,1354,finished,5,
2544,2022-04-13 00:00:00.000,1420,1467,finished,2,
2549,2022-04-13 00:00:00.000,3530,2629,finished,4,
2550,2022-04-13 00:00:00.000,4005,1383,canceled,7,
2552,2022-04-14 00:00:00.000,4835,4853,finished,1,
2553,2022-04-14 00:00:00.000,1563,1175,finished,7,
2554,2022-04-14 00:00:00.000,1593,1827,finished,3,
2555,2022-04-14 00:00:00.000,4358,3634,finished,2,
2558,2022-04-14 00:00:00.000,1347,3325,canceled,1,
2560,2022-04-14 00:00:00.000,2262,1446,finished,3,
2562,2022-04-14 00:00:00.000,1853,2323,canceled,1,
2563,2022-04-14 00:00:00.000,1384,3387,finished,3,
2564,2022-04-14 00:00:00.000,3402,2912,finished,7,
2565,2022-04-14 00:00:00.000,249,1710,finished,6,
2566,2022-04-14 00:00:00.000,4614,3751,finished,1,
2569,2022-04-14 00:00:00.000,3588,1772,finished,2,
2575,2022-04-14 00:00:00.000,1106,418,finished,7,
2576,2022-04-14 00:00:00.000,3530,369,canceled,4,
2578,2022-04-14 00:00:00.000,3045,1920,finished,7,
2580,2022-04-14 00:00:00.000,4854,3942,finished,6,
2584,2022-04-15 00:00:00.000,778,450,finished,4,
2585,2022-04-15 00:00:00.000,3048,914,finished,6,
2586,2022-04-15 00:00:00.000,2700,1637,finished,5,
2587,2022-04-15 00:00:00.000,4225,4329,canceled,7,
2588,2022-04-15 00:00:00.000,2887,4656,finished,5,
2590,2022-04-15 00:00:00.000,3590,288,canceled,2,
2591,2022-04-15 00:00:00.000,3350,3030,finished,3,
2595,2022-04-15 00:00:00.000,3713,3817,finished,5,
2596,2022-04-15 00:00:00.000,3477,198,finished,6,
2599,2022-04-15 00:00:00.000,4856,1182,finished,1,
2600,2022-04-15 00:00:00.000,2485,1275,finished,1,
2602,2022-04-15 00:00:00.000,180,4935,canceled,2,
2604,2022-04-16 00:00:00.000,3883,3282,finished,2,
2607,2022-04-16 00:00:00.000,977,1917,finished,5,
2609,2022-04-16 00:00:00.000,1768,3650,finished,4,
2610,2022-04-16 00:00:00.000,2105,1827,canceled,7,
2611,2022-04-16 00:00:00.000,997,4186,finished,2,
2613,2022-04-16 00:00:00.000,977,1005,finished,5,
2614,2022-04-16 00:00:00.000,2123,984,finished,4,
2615,2022-04-16 00:00:00.000,4680,4283,finished,3,
2617,2022-04-16 00:00:00.000,2639,2338,finished,7,
2618,2022-04-16 00:00:00.000,2480,3250,finished,1,
2619,2022-04-16 00:00:00.000,598,3069,finished,5,
2621,2022-04-16 00:00:00.000,845,3163,finished,6,
2622,2022-04-16 00:00:00.000,603,3816,finished,3,
2625,2022-04-16 00:00:00.000,4387,1767,finished,7,
2626,2022-04-16 00:00:00.000,3225,3792,canceled,1,
2627,2022-04-16 00:00:00.000,2933,2306,finished,2,
2628,2022-04-16 00:00:00.000,3724,1610,finished,1,
2630,2022-04-17 00:00:00.000,845,4119,finished,6,
2631,2022-04-17 00:00:00.000,2132,1315,finished,5,
2632,2022-04-17 00:00:00.000,2881,3093,finished,2,
2634,2022-04-17 00:00:00.000,3828,2866,finished,5,
2635,2022-04-17 00:00:00.000,987,897,finished,5,
2636,2022-04-17 00:00:00.000,1423,3479,finished,2,
2637,2022-04-17 00:00:00.000,1037,3741,canceled,2,
2642,2022-04-17 00:00:00.000,2148,1035,finished,1,
2643,2022-04-17 00:00:00.000,391,825,finished,7,
2646,2022-04-17 00:00:00.000,3029,1772,finished,5,
2647,2022-04-17 00:00:00.000,1806,2104,finished,2,
2648,2022-04-17 00:00:00.000,1296,3644,finished,6,
2649,2022-04-17 00:00:00.000,3787,1317,finished,1,
2651,2022-04-18 00:00:00.000,1398,1714,finished,7,
2652,2022-04-18 00:00:00.000,2955,1209,canceled,4,
2653,2022-04-18 00:00:00.000,4711,1580,finished,7,
2654,2022-04-18 00:00:00.000,1189,1010,finished,4,
2655,2022-04-18 00:00:00.000,3048,4645,finished,6,
2656,2022-04-18 00:00:00.000,162,3995,finished,2,
2658,2022-04-18 00:00:00.000,4546,2026,finished,6,
2660,2022-04-18 00:00:00.000,2795,4055,finished,5,
2661,2022-04-18 00:00:00.000,2377,1087,finished,7,
2662,2022-04-18 00:00:00.000,4764,4421,finished,1,
2666,2022-04-18 00:00:00.000,2985,1125,canceled,7,
2667,2022-04-18 00:00:00.000,830,1756,finished,7,
2668,2022-04-18 00:00:00.000,5000,1699,finished,2,
2669,2022-04-18 00:00:00.000,880,3503,finished,7,
2670,2022-04-18 00:00:00.000,2985,365,finished,7,
2672,2022-04-18 00:00:00.000,854,3244,finished,2,
2673,2022-04-18 00:00:00.000,170,3419,finished,3,
2674,2022-04-18 00:00:00.000,110,2554,finished,3,
2676,2022-04-19 00:00:00.000,606,3585,finished,1,
2680,2022-04-19 00:00:00.000,2596,3353,finished,1,
2681,2022-04-19 00:00:00.000,5000,4007,finished,2,
2682,2022-04-19 00:00:00.000,4480,1912,finished,3,
2683,2022-04-19 00:00:00.000,2651,3053,finished,6,
2686,2022-04-19 00:00:00.000,2985,541,finished,7,
2688,2022-04-19 00:00:00.000,4920,4366,finished,1,
2689,2022-04-19 00:00:00.000,4189,306,finished,2,
2691,2022-04-19 00:00:00.000,2344,1297,canceled,6,
2693,2022-04-19 00:00:00.000,180,1317,finished,2,
2697,2022-04-19 00:00:00.000,1124,4128,finished,4,
2700,2022-04-19 00:00:00.000,1457,2087,canceled,2,
2702,2022-04-19 00:00:00.000,4777,4590,finished,4,
2704,2022-04-19 00:00:00.000,2654,2736,finished,1,
2705,2022-04-20 00:00:00.000,2622,2221,finished,4,
2706,2022-04-20 00:00:00.000,458,1920,canceled,7,
2707,2022-04-20 00:00:00.000,4796,1557,finished,3,
2708,2022-04-20 00:00:00.000,1234,2497,finished,6,
2710,2022-04-20 00:00:00.000,4832,493,canceled,1,
2711,2022-04-20 00:00:00.000,2636,926,finished,1,
2712,2022-04-20 00:00:00.000,1431,1437,finished,6,
2713,2022-04-20 00:00:00.000,1817,2143,finished,7,
2714,2022-04-20 00:00:00.000,4812,3516,finished,2,
2720,2022-04-20 00:00:00.000,203,4892,finished,5,
2721,2022-04-20 00:00:00.000,3686,992,finished,2,
2722,2022-04-20 00:00:00.000,3868,1576,finished,7,
2723,2022-04-20 00:00:00.000,1792,1741,finished,6,
2724,2022-04-21 00:00:00.000,695,1118,finished,7,
2726,2022-04-21 00:00:00.000,3047,342,finished,5,
2728,2022-04-21 00:00:00.000,271,1114,finished,5,
2729,2022-04-21 00:00:00.000,997,1149,canceled,2,
2730,2022-04-21 00:00:00.000,1291,3037,finished,2,
2731,2022-04-21 00:00:00.000,310,1710,finished,6,
2734,2022-04-21 00:00:00.000,3425,4401,finished,7,
2737,2022-04-21 00:00:00.000,7,4288,finished,6,
2738,2022-04-21 00:00:00.000,1266,2603,finished,3,
2740,2022-04-21 00:00:00.000,3045,2627,finished,7,
2741,2022-04-21 00:00:00.000,1299,405,finished,4,
2742,2022-04-21 00:00:00.000,1449,1142,finished,7,
2743,2022-04-21 00:00:00.000,3713,4096,finished,5,
2744,2022-04-22 00:00:00.000,3465,2236,finished,6,
2746,2022-04-22 00:00:00.000,1715,4135,finished,5,
2747,2022-04-22 00:00:00.000,4387,1603,finished,7,
2748,2022-04-22 00:00:00.000,852,2950,finished,6,
2750,2022-04-22 00:00:00.000,4546,176,finished,6,
2752,2022-04-22 00:00:00.000,2969,3054,finished,4,
2753,2022-04-22 00:00:00.000,4849,4330,finished,3,
2754,2022-04-22 00:00:00.000,1851,3579,canceled,6,
2755,2022-04-22 00:00:00.000,1474,18,finished,7,
2756,2022-04-22 00:00:00.000,1688,3682,finished,1,
2757,2022-04-22 00:00:00.000,221,3503,canceled,1,
2758,2022-04-22 00:00:00.000,1768,2336,finished,4,
2760,2022-04-22 00:00:00.000,4249,2323,finished,7,
2761,2022-04-22 00:00:00.000,1250,2835,finished,7,
2765,2022-04-22 00:00:00.000,2512,3160,canceled,7,
2767,2022-04-22 00:00:00.000,4868,3456,finished,4,
2768,2022-04-22 00:00:00.000,2865,4442,finished,1,
2771,2022-04-23 00:00:00.000,3632,81,finished,4,
2772,2022-04-23 00:00:00.000,3302,1071,finished,6,
2776,2022-04-23 00:00:00.000,4358,1007,canceled,2,
2778,2022-04-23 00:00:00.000,4732,2627,canceled,3,
2779,2022-04-23 00:00:00.000,1776,1445,finished,7,
2780,2022-04-23 00:00:00.000,888,3645,finished,3,
2782,2022-04-23 00:00:00.000,1856,4021,finished,1,
2783,2022-04-23 00:00:00.000,3835,480,finished,2,
2784,2022-04-23 00:00:00.000,3264,493,finished,4,
2786,2022-04-23 00:00:00.000,3115,1437,finished,2,
2787,2022-04-23 00:00:00.000,2447,1087,finished,2,
2788,2022-04-23 00:00:00.000,1593,2204,canceled,3,
2789,2022-04-23 00:00:00.000,2177,2673,canceled,1,
2791,2022-04-23 00:00:00.000,4923,4263,canceled,5,
2792,2022-04-23 00:00:00.000,2305,2168,canceled,1,
2794,2022-04-23 00:00:00.000,3828,2611,finished,5,
2796,2022-04-23 00:00:00.000,4796,607,finished,3,
2800,2022-04-23 00:00:00.000,778,2855,finished,4,
2801,2022-04-23 00:00:00.000,3713,2855,finished,5,
2802,2022-04-23 00:00:00.000,2465,1970,finished,7,
2805,2022-04-23 00:00:00.000,1533,1908,finished,6,
2806,2022-04-23 00:00:00.000,2485,2421,finished,1,
2808,2022-04-23 00:00:00.000,4005,935,canceled,7,
2809,2022-04-23 00:00:00.000,2506,1342,finished,5,
2812,2022-04-23 00:00:00.000,1328,3715,finished,4,
2814,2022-04-24 00:00:00.000,2506,1354,finished,5,
2816,2022-04-24 00:00:00.000,2887,2835,canceled,5,
2817,2022-04-24 00:00:00.000,2177,141,finished,1,
2819,2022-04-24 00:00:00.000,1893,1887,finished,6,
2821,2022-04-24 00:00:00.000,4804,3726,finished,2,
2822,2022-04-24 00:00:00.000,1097,195,finished,1,
2823,2022-04-24 00:00:00.000,314,3070,finished,7,
2824,2022-04-24 00:00:00.000,2195,1413,finished,6,
2825,2022-04-24 00:00:00.000,2199,1741,canceled,4,
2827,2022-04-24 00:00:00.000,3624,4052,finished,3,
2830,2022-04-24 00:00:00.000,4522,2866,finished,7,
2831,2022-04-24 00:00:00.000,166,2312,canceled,7,
2832,2022-04-24 00:00:00.000,2905,4432,finished,2,
2833,2022-04-24 00:00:00.000,3025,4717,finished,1,
2834,2022-04-24 00:00:00.000,4976,1254,finished,2,
2837,2022-04-24 00:00:00.000,3040,3766,finished,5,
2839,2022-04-24 00:00:00.000,4856,3562,finished,1,
2841,2022-04-25 00:00:00.000,4896,638,finished,6,
2842,2022-04-25 00:00:00.000,4203,3463,finished,1,
2843,2022-04-25 00:00:00.000,2235,4375,finished,4,
2847,2022-04-25 00:00:00.000,1001,1631,canceled,6,
2849,2022-04-25 00:00:00.000,3287,1505,finished,6,
2850,2022-04-25 00:00:00.000,498,1834,finished,1,
2852,2022-04-25 00:00:00.000,2623,2143,finished,4,
2853,2022-04-25 00:00:00.000,3045,542,finished,7,
2854,2022-04-25 00:00:00.000,1776,646,finished,7,
2856,2022-04-25 00:00:00.000,3402,2024,finished,7,
2858,2022-04-25 00:00:00.000,1513,2482,finished,4,
2862,2022-04-25 00:00:00.000,310,63,finished,6,
2863,2022-04-25 00:00:00.000,221,1780,finished,1,
2864,2022-04-25 00:00:00.000,3782,1284,finished,3,
2866,2022-04-26 00:00:00.000,2480,2621,canceled,1,
2869,2022-04-26 00:00:00.000,4596,107,finished,1,
2871,2022-04-26 00:00:00.000,4833,419,finished,1,
2872,2022-04-26 00:00:00.000,4863,3160,finished,6,
2874,2022-04-26 00:00:00.000,4681,147,finished,3,
2876,2022-04-26 00:00:00.000,168,4175,finished,5,
2881,2022-04-26 00:00:00.000,314,4413,finished,7,
2882,2022-04-26 00:00:00.000,3121,1401,canceled,5,
2883,2022-04-26 00:00:00.000,3487,2349,finished,5,
2884,2022-04-26 00:00:00.000,1513,944,finished,4,
2885,2022-04-26 00:00:00.000,3713,4813,finished,5,
2887,2022-04-26 00:00:00.000,504,2027,finished,2,
2888,2022-04-27 00:00:00.000,3869,3994,finished,7,
2889,2022-04-27 00:00:00.000,4358,2830,finished,2,
2891,2022-04-27 00:00:00.000,1715,2345,canceled,5,
2892,2022-04-27 00:00:00.000,538,2598,finished,1,
2893,2022-04-27 00:00:00.000,3958,612,finished,1,
2895,2022-04-27 00:00:00.000,42,3053,finished,2,
2897,2022-04-27 00:00:00.000,3777,2476,finished,3,
2898,2022-04-27 00:00:00.000,4680,2169,finished,3,
2899,2022-04-27 00:00:00.000,4711,4672,finished,7,
2900,2022-04-27 00:00:00.000,3121,3942,finished,5,
2902,2022-04-27 00:00:00.000,3047,1254,finished,5,
2904,2022-04-27 00:00:00.000,2400,2487,finished,1,
2905,2022-04-27 00:00:00.000,1955,539,finished,5,
2907,2022-04-27 00:00:00.000,1806,4531,canceled,2,
2908,2022-04-27 00:00:00.000,4121,1087,finished,7,
2910,2022-04-27 00:00:00.000,3240,1088,finished,4,
2911,2022-04-27 00:00:00.000,2532,3610,finished,2,
2915,2022-04-27 00:00:00.000,4138,2019,finished,5,
2916,2022-04-27 00:00:00.000,3800,4903,finished,7,
2917,2022-04-27 00:00:00.000,4249,3721,finished,7,
2920,2022-04-27 00:00:00.000,1712,1726,finished,3,
2922,2022-04-28 00:00:00.000,1113,2323,finished,6,
2923,2022-04-28 00:00:00.000,3264,497,finished,4,
2925,2022-04-28 00:00:00.000,1630,278,finished,4,
2928,2022-04-28 00:00:00.000,3941,1450,finished,4,
2929,2022-04-28 00:00:00.000,1955,2507,finished,5,
2931,2022-04-28 00:00:00.000,3590,687,finished,2,
2932,2022-04-28 00:00:00.000,1796,1207,finished,5,
2933,2022-04-28 00:00:00.000,1069,312,finished,6,
2934,2022-04-28 00:00:00.000,233,1713,finished,2,
2935,2022-04-28 00:00:00.000,3852,1238,finished,1,
2936,2022-04-28 00:00:00.000,2699,4563,finished,1,
2937,2022-04-28 00:00:00.000,4625,2017,finished,2,
2938,2022-04-28 00:00:00.000,2400,4330,finished,1,
2939,2022-04-28 00:00:00.000,4412,3861,finished,3,
2941,2022-04-28 00:00:00.000,4832,892,finished,1,
2944,2022-04-28 00:00:00.000,3350,3805,finished,3,
2947,2022-04-28 00:00:00.000,1856,717,finished,1,
2948,2022-04-28 00:00:00.000,423,3823,finished,1,
2951,2022-04-28 00:00:00.000,1172,213,finished,7,
2952,2022-04-28 00:00:00.000,4824,3805,finished,6,
2953,2022-04-28 00:00:00.000,1853,882,canceled,1,
2955,2022-04-28 00:00:00.000,428,3697,canceled,7,
2957,2022-04-28 00:00:00.000,2662,4619,canceled,1,
2958,2022-04-28 00:00:00.000,2700,3983,finished,5,
2960,2022-04-29 00:00:00.000,26,204,finished,7,
2962,2022-04-29 00:00:00.000,1124,4060,finished,4,
2964,2022-04-29 00:00:00.000,3733,2612,canceled,4,
2965,2022-04-29 00:00:00.000,2650,2629,finished,5,
2967,2022-04-29 00:00:00.000,3969,2140,finished,4,
2968,2022-04-29 00:00:00.000,606,1095,finished,1,
2969,2022-04-29 00:00:00.000,2557,436,finished,2,
2971,2022-04-29 00:00:00.000,271,1943,finished,5,
2973,2022-04-29 00:00:00.000,4480,2300,finished,3,
2974,2022-04-29 00:00:00.000,231,2017,finished,4,
2977,2022-04-29 00:00:00.000,4625,4787,finished,2,
2979,2022-04-29 00:00:00.000,4150,1065,finished,6,
2980,2022-04-29 00:00:00.000,4221,1814,finished,4,
2981,2022-04-29 00:00:00.000,180,2629,finished,2,
2982,2022-04-29 00:00:00.000,4673,766,finished,1,
2983,2022-04-29 00:00:00.000,3383,1564,finished,3,
2984,2022-04-30 00:00:00.000,2687,1834,finished,3,
2985,2022-04-30 00:00:00.000,3240,3113,finished,4,
2989,2022-04-30 00:00:00.000,1752,1369,finished,3,
2991,2022-04-30 00:00:00.000,1712,3463,canceled,3,
2992,2022-04-30 00:00:00.000,410,431,finished,5,
2993,2022-04-30 00:00:00.000,1982,2298,finished,4,
2994,2022-04-30 00:00:00.000,987,3160,canceled,5,
2996,2022-04-30 00:00:00.000,110,1626,finished,3,
2997,2022-04-30 00:00:00.000,3911,1713,canceled,5,
2999,2022-04-30 00:00:00.000,748,3192,finished,7,
3000,2022-04-30 00:00:00.000,1434,2753,finished,2,
3004,2022-04-30 00:00:00.000,508,306,canceled,2,
3009,2022-04-30 00:00:00.000,4693,2738,finished,6,
3011,2022-05-01 00:00:00.000,4714,1777,finished,5,
3013,2022-05-01 00:00:00.000,1688,3191,finished,1,
3014,2022-05-01 00:00:00.000,1064,2104,finished,4,
3016,2022-05-01 00:00:00.000,1106,317,finished,7,
3017,2022-05-01 00:00:00.000,2506,3151,finished,5,
3019,2022-05-01 00:00:00.000,166,1118,finished,7,
3020,2022-05-01 00:00:00.000,538,167,canceled,1,
3022,2022-05-01 00:00:00.000,2185,717,finished,4,
3023,2022-05-01 00:00:00.000,2166,631,finished,4,
3025,2022-05-01 00:00:00.000,1233,984,finished,3,
3027,2022-05-01 00:00:00.000,571,1739,canceled,5,
3028,2022-05-01 00:00:00.000,1420,1477,finished,2,
3029,2022-05-01 00:00:00.000,845,1965,finished,6,
3031,2022-05-01 00:00:00.000,4807,752,finished,4,
3032,2022-05-01 00:00:00.000,2892,1743,finished,7,
3033,2022-05-01 00:00:00.000,310,1005,finished,6,
3037,2022-05-02 00:00:00.000,2185,318,canceled,4,
3038,2022-05-02 00:00:00.000,504,1071,canceled,2,
3039,2022-05-02 00:00:00.000,410,3817,finished,5,
3040,2022-05-02 00:00:00.000,2512,3805,finished,7,
3042,2022-05-02 00:00:00.000,4753,4195,finished,1,
3043,2022-05-02 00:00:00.000,912,4335,canceled,5,
3044,2022-05-02 00:00:00.000,613,1539,finished,3,
3045,2022-05-02 00:00:00.000,4833,1611,finished,1,
3046,2022-05-02 00:00:00.000,1234,3324,finished,6,
3047,2022-05-02 00:00:00.000,2037,60,canceled,7,
3049,2022-05-02 00:00:00.000,210,1342,finished,3,
3051,2022-05-02 00:00:00.000,4832,2006,finished,1,
3052,2022-05-02 00:00:00.000,1474,3763,finished,7,
3055,2022-05-02 00:00:00.000,2351,3337,finished,5,
3056,2022-05-02 00:00:00.000,2512,1879,finished,7,
3062,2022-05-02 00:00:00.000,2641,3933,finished,3,
3063,2022-05-02 00:00:00.000,2011,1618,canceled,3,
3065,2022-05-02 00:00:00.000,4832,4657,finished,1,
3068,2022-05-03 00:00:00.000,3048,4855,finished,6,
3069,2022-05-03 00:00:00.000,4429,2497,finished,5,
3070,2022-05-03 00:00:00.000,4923,409,canceled,5,
3071,2022-05-03 00:00:00.000,3594,3128,finished,7,
3072,2022-05-03 00:00:00.000,4546,2519,finished,6,
3073,2022-05-03 00:00:00.000,2934,3901,finished,6,
3074,2022-05-03 00:00:00.000,566,4447,finished,4,
3075,2022-05-03 00:00:00.000,1881,1741,finished,3,
3076,2022-05-03 00:00:00.000,4732,1377,finished,3,
3078,2022-05-03 00:00:00.000,1688,4704,finished,1,
3080,2022-05-03 00:00:00.000,2865,2145,finished,1,
3081,2022-05-03 00:00:00.000,26,175,finished,7,
3083,2022-05-03 00:00:00.000,2351,2320,finished,5,
3084,2022-05-04 00:00:00.000,3121,3387,finished,5,
3087,2022-05-04 00:00:00.000,3886,3463,canceled,6,
3088,2022-05-04 00:00:00.000,3800,3454,finished,7,
3090,2022-05-04 00:00:00.000,4681,1254,finished,3,
3091,2022-05-04 00:00:00.000,571,2191,finished,5,
3092,2022-05-04 00:00:00.000,1250,2156,finished,7,
3094,2022-05-04 00:00:00.000,2562,3006,finished,4,
3095,2022-05-04 00:00:00.000,1347,3199,finished,1,
3097,2022-05-04 00:00:00.000,1545,2621,finished,7,
3098,2022-05-04 00:00:00.000,1533,734,finished,6,
3099,2022-05-04 00:00:00.000,1890,3925,finished,5,
3100,2022-05-04 00:00:00.000,1955,426,finished,5,
3102,2022-05-04 00:00:00.000,2372,4496,finished,7,
3103,2022-05-04 00:00:00.000,3168,3501,finished,1,
3106,2022-05-04 00:00:00.000,3934,1283,finished,7,
3108,2022-05-05 00:00:00.000,2687,2013,finished,3,
3109,2022-05-05 00:00:00.000,4831,2104,finished,4,
3111,2022-05-05 00:00:00.000,3175,1454,finished,6,
3112,2022-05-05 00:00:00.000,854,2424,finished,2,
3113,2022-05-05 00:00:00.000,2447,3093,finished,2,
3116,2022-05-05 00:00:00.000,4796,4591,finished,3,
3118,2022-05-05 00:00:00.000,1728,2791,finished,5,
3120,2022-05-05 00:00:00.000,603,4116,finished,3,
3121,2022-05-05 00:00:00.000,2520,825,canceled,3,
3122,2022-05-05 00:00:00.000,3190,3877,finished,3,
3125,2022-05-05 00:00:00.000,3287,1096,finished,6,
3127,2022-05-05 00:00:00.000,3051,2135,finished,3,
3130,2022-05-05 00:00:00.000,2283,4821,canceled,4,
3131,2022-05-06 00:00:00.000,455,2912,finished,7,
3132,2022-05-06 00:00:00.000,4225,1671,finished,7,
3134,2022-05-06 00:00:00.000,613,1354,finished,3,
3135,2022-05-06 00:00:00.000,636,684,finished,6,
3138,2022-05-06 00:00:00.000,2377,2024,finished,7,
3141,2022-05-06 00:00:00.000,1189,4447,finished,4,
3143,2022-05-06 00:00:00.000,1314,1595,finished,4,
3146,2022-05-06 00:00:00.000,4807,4237,finished,4,
3147,2022-05-06 00:00:00.000,458,3697,finished,7,
3152,2022-05-06 00:00:00.000,3842,3384,finished,2,
3154,2022-05-06 00:00:00.000,1986,1920,canceled,6,
3156,2022-05-06 00:00:00.000,515,4439,finished,4,
3158,2022-05-06 00:00:00.000,946,1460,finished,3,
3159,2022-05-06 00:00:00.000,4796,4024,canceled,3,
3160,2022-05-06 00:00:00.000,4221,1710,finished,4,
3162,2022-05-06 00:00:00.000,2934,4449,canceled,6,
3163,2022-05-06 00:00:00.000,4320,3165,finished,7,
3164,2022-05-06 00:00:00.000,1248,1450,finished,4,
3165,2022-05-06 00:00:00.000,1533,3902,finished,6,
3166,2022-05-07 00:00:00.000,4486,4325,finished,1,
3168,2022-05-07 00:00:00.000,3127,3155,finished,1,
3169,2022-05-07 00:00:00.000,2699,2341,finished,1,
3170,2022-05-07 00:00:00.000,1989,4176,finished,2,
3171,2022-05-07 00:00:00.000,1234,3074,canceled,6,
3172,2022-05-07 00:00:00.000,319,1338,finished,5,
3173,2022-05-07 00:00:00.000,3477,4229,finished,6,
3174,2022-05-07 00:00:00.000,1001,1663,finished,6,
3176,2022-05-07 00:00:00.000,3477,2508,finished,6,
3177,2022-05-07 00:00:00.000,2842,3904,canceled,2,
3178,2022-05-07 00:00:00.000,2973,1603,finished,4,
3180,2022-05-07 00:00:00.000,1712,1445,finished,3,
3182,2022-05-07 00:00:00.000,1654,3008,canceled,5,
3185,2022-05-07 00:00:00.000,3108,2627,finished,5,
3187,2022-05-07 00:00:00.000,2820,4892,finished,7,
3188,2022-05-07 00:00:00.000,1069,4447,finished,6,
3191,2022-05-07 00:00:00.000,3842,1673,finished,2,
3192,2022-05-07 00:00:00.000,606,2306,finished,1,
3194,2022-05-07 00:00:00.000,1170,4590,finished,2,
3195,2022-05-08 00:00:00.000,1712,4079,canceled,3,
3196,2022-05-08 00:00:00.000,845,3586,finished,6,
3197,2022-05-08 00:00:00.000,1469,63,finished,2,
3198,2022-05-08 00:00:00.000,4812,1134,finished,2,
3203,2022-05-08 00:00:00.000,3547,646,canceled,4,
3204,2022-05-08 00:00:00.000,2372,4632,finished,7,
3206,2022-05-08 00:00:00.000,3284,1889,finished,2,
3207,2022-05-08 00:00:00.000,2488,3745,canceled,7,
3208,2022-05-08 00:00:00.000,4625,3192,finished,2,
3209,2022-05-08 00:00:00.000,3047,4750,finished,5,
3211,2022-05-08 00:00:00.000,2377,2742,finished,7,
3212,2022-05-08 00:00:00.000,1654,2090,finished,5,
3215,2022-05-08 00:00:00.000,233,1286,finished,2,
3216,2022-05-08 00:00:00.000,73,2503,finished,6,
3217,2022-05-08 00:00:00.000,2636,4498,finished,1,
3221,2022-05-08 00:00:00.000,3175,3403,finished,6,
3222,2022-05-08 00:00:00.000,2512,1338,finished,7,
3224,2022-05-08 00:00:00.000,4358,3325,finished,2,
3226,2022-05-08 00:00:00.000,3941,716,canceled,4,
3227,2022-05-09 00:00:00.000,1106,4924,finished,7,
3228,2022-05-09 00:00:00.000,2088,4204,finished,2,
3229,2022-05-09 00:00:00.000,946,1618,finished,3,
3230,2022-05-09 00:00:00.000,180,3399,canceled,2,
3233,2022-05-09 00:00:00.000,2235,108,finished,4,
3234,2022-05-09 00:00:00.000,2465,422,finished,7,
3235,2022-05-09 00:00:00.000,1434,1125,canceled,2,
3236,2022-05-09 00:00:00.000,3154,4130,finished,2,
3237,2022-05-09 00:00:00.000,3175,20,finished,6,
3238,2022-05-09 00:00:00.000,2381,60,finished,3,
3240,2022-05-09 00:00:00.000,15,152,finished,5,
3243,2022-05-09 00:00:00.000,2105,1602,finished,7,
3245,2022-05-09 00:00:00.000,3487,1525,finished,5,
3247,2022-05-09 00:00:00.000,244,3191,finished,7,
3248,2022-05-09 00:00:00.000,2905,4102,finished,2,
3250,2022-05-09 00:00:00.000,685,986,finished,1,
3251,2022-05-09 00:00:00.000,3048,510,finished,6,
3252,2022-05-09 00:00:00.000,1850,896,finished,2,
3255,2022-05-09 00:00:00.000,54,1761,finished,3,
3256,2022-05-09 00:00:00.000,229,898,finished,3,
3258,2022-05-10 00:00:00.000,233,3054,finished,2,
3261,2022-05-10 00:00:00.000,2934,1977,finished,6,
3262,2022-05-10 00:00:00.000,2905,4737,canceled,2,
3265,2022-05-10 00:00:00.000,1728,4312,finished,5,
3270,2022-05-10 00:00:00.000,4212,1487,finished,3,
3273,2022-05-10 00:00:00.000,2805,2984,finished,3,
3276,2022-05-10 00:00:00.000,2166,3445,finished,4,
3277,2022-05-11 00:00:00.000,1654,2197,canceled,5,
3280,2022-05-11 00:00:00.000,1250,1576,finished,7,
3281,2022-05-11 00:00:00.000,3777,2044,finished,3,
3282,2022-05-11 00:00:00.000,229,1505,finished,3,
3284,2022-05-11 00:00:00.000,3547,252,finished,4,
3285,2022-05-11 00:00:00.000,210,4466,finished,3,
3287,2022-05-11 00:00:00.000,2148,2312,finished,1,
3289,2022-05-11 00:00:00.000,1299,3995,finished,4,
3290,2022-05-11 00:00:00.000,504,4195,canceled,2,
3291,2022-05-11 00:00:00.000,606,1888,finished,1,
3292,2022-05-11 00:00:00.000,571,1519,canceled,5,
3294,2022-05-11 00:00:00.000,2747,974,finished,5,
3295,2022-05-11 00:00:00.000,4968,4208,finished,4,
3297,2022-05-11 00:00:00.000,2381,825,finished,3,
3298,2022-05-11 00:00:00.000,2148,4055,finished,1,
3300,2022-05-11 00:00:00.000,4896,1280,canceled,6,
3303,2022-05-11 00:00:00.000,3724,137,finished,1,
3304,2022-05-11 00:00:00.000,4444,4880,finished,1,
3305,2022-05-11 00:00:00.000,2700,3987,finished,5,
3309,2022-05-11 00:00:00.000,3251,2120,canceled,5,
3310,2022-05-11 00:00:00.000,423,2153,finished,1,
3311,2022-05-11 00:00:00.000,2243,1062,canceled,1,
3313,2022-05-12 00:00:00.000,2084,100,finished,1,
3314,2022-05-12 00:00:00.000,4807,2404,finished,4,
3316,2022-05-12 00:00:00.000,1069,4135,canceled,6,
3323,2022-05-12 00:00:00.000,1927,3925,finished,3,
3326,2022-05-12 00:00:00.000,4203,3194,finished,1,
3327,2022-05-12 00:00:00.000,1250,4128,finished,7,
3330,2022-05-12 00:00:00.000,4923,1710,finished,5,
3331,2022-05-12 00:00:00.000,688,4213,finished,6,
3332,2022-05-12 00:00:00.000,613,4970,finished,3,
3334,2022-05-12 00:00:00.000,73,4420,finished,6,
3335,2022-05-12 00:00:00.000,1566,4197,canceled,7,
3337,2022-05-12 00:00:00.000,3842,4853,finished,2,
3338,2022-05-12 00:00:00.000,391,100,finished,7,
3340,2022-05-12 00:00:00.000,4143,2611,finished,6,
3341,2022-05-12 00:00:00.000,2105,509,finished,7,
3342,2022-05-12 00:00:00.000,4259,4959,canceled,5,
3343,2022-05-12 00:00:00.000,3097,1542,canceled,6,
3344,2022-05-12 00:00:00.000,3415,4119,finished,4,
3345,2022-05-13 00:00:00.000,2185,2683,finished,4,
3346,2022-05-13 00:00:00.000,73,810,finished,6,
3347,2022-05-13 00:00:00.000,4503,3427,finished,1,
3348,2022-05-13 00:00:00.000,1554,3399,finished,5,
3350,2022-05-13 00:00:00.000,4576,3779,finished,2,
3355,2022-05-13 00:00:00.000,1250,2263,finished,7,
3356,2022-05-13 00:00:00.000,1366,4230,finished,3,
3357,2022-05-13 00:00:00.000,3383,1920,finished,3,
3359,2022-05-13 00:00:00.000,4349,1714,canceled,7,
3360,2022-05-13 00:00:00.000,1881,3735,finished,3,
3361,2022-05-13 00:00:00.000,2351,2745,finished,5,
3363,2022-05-13 00:00:00.000,4732,2197,canceled,3,
3364,2022-05-13 00:00:00.000,4920,1919,finished,1,
3365,2022-05-13 00:00:00.000,2639,969,canceled,7,
3368,2022-05-13 00:00:00.000,3290,4592,canceled,4,
3370,2022-05-13 00:00:00.000,423,3542,finished,1,
3371,2022-05-13 00:00:00.000,4540,2029,finished,7,
3372,2022-05-13 00:00:00.000,3547,4442,finished,4,
3373,2022-05-13 00:00:00.000,987,1119,finished,5,
3377,2022-05-14 00:00:00.000,3958,76,finished,1,
3378,2022-05-14 00:00:00.000,1417,3741,finished,3,
3380,2022-05-14 00:00:00.000,2803,3334,canceled,3,
3381,2022-05-14 00:00:00.000,2011,2597,finished,3,
3382,2022-05-14 00:00:00.000,1893,4079,finished,6,
3384,2022-05-14 00:00:00.000,2613,3737,canceled,2,
3386,2022-05-14 00:00:00.000,2269,426,canceled,3,
3388,2022-05-14 00:00:00.000,1526,4438,finished,5,
3390,2022-05-14 00:00:00.000,2265,4799,finished,2,
3392,2022-05-14 00:00:00.000,1172,2263,finished,7,
3393,2022-05-14 00:00:00.000,1261,771,finished,3,
3394,2022-05-14 00:00:00.000,748,3968,canceled,7,
3395,2022-05-14 00:00:00.000,3175,1387,canceled,6,
3396,2022-05-14 00:00:00.000,494,4266,finished,6,
3397,2022-05-14 00:00:00.000,2463,4359,finished,7,
3399,2022-05-14 00:00:00.000,180,4442,finished,2,
3400,2022-05-14 00:00:00.000,1434,3372,finished,2,
3401,2022-05-14 00:00:00.000,4662,330,finished,5,
3404,2022-05-14 00:00:00.000,4863,3451,canceled,6,
3406,2022-05-15 00:00:00.000,2605,3658,canceled,5,
3407,2022-05-15 00:00:00.000,1544,631,finished,4,
3411,2022-05-15 00:00:00.000,4121,497,finished,7,
3412,2022-05-15 00:00:00.000,4576,2790,canceled,2,
3414,2022-05-15 00:00:00.000,5000,4438,finished,2,
3415,2022-05-15 00:00:00.000,4108,3605,finished,7,
3416,2022-05-15 00:00:00.000,3869,1212,finished,7,
3418,2022-05-15 00:00:00.000,4255,1909,finished,6,
3421,2022-05-15 00:00:00.000,4915,605,finished,7,
3424,2022-05-15 00:00:00.000,4249,734,finished,7,
3425,2022-05-15 00:00:00.000,4752,922,finished,7,
3426,2022-05-15 00:00:00.000,1752,404,finished,3,
3427,2022-05-15 00:00:00.000,3350,2976,finished,3,
3430,2022-05-15 00:00:00.000,73,3079,canceled,6,
3432,2022-05-16 00:00:00.000,2472,4475,finished,4,
3433,2022-05-16 00:00:00.000,3045,480,finished,7,
3434,2022-05-16 00:00:00.000,2605,3083,finished,5,
3436,2022-05-16 00:00:00.000,2081,3892,finished,3,
3437,2022-05-16 00:00:00.000,1533,3901,finished,6,
3439,2022-05-16 00:00:00.000,2557,1022,finished,2,
3441,2022-05-16 00:00:00.000,4138,1100,finished,5,
3442,2022-05-16 00:00:00.000,778,201,canceled,4,
3444,2022-05-16 00:00:00.000,2180,4788,finished,6,
3445,2022-05-16 00:00:00.000,802,1505,finished,1,
3446,2022-05-16 00:00:00.000,4915,149,finished,7,
3447,2022-05-16 00:00:00.000,2556,2627,finished,6,
3448,2022-05-16 00:00:00.000,3869,3070,finished,7,
3449,2022-05-16 00:00:00.000,1366,1519,canceled,3,
3451,2022-05-16 00:00:00.000,645,4537,canceled,2,
3452,2022-05-16 00:00:00.000,1566,1317,finished,7,
3456,2022-05-16 00:00:00.000,1261,2261,finished,3,
3457,2022-05-16 00:00:00.000,498,3900,finished,1,
3458,2022-05-16 00:00:00.000,3051,2629,finished,3,
3461,2022-05-16 00:00:00.000,2235,4421,finished,4,
3464,2022-05-16 00:00:00.000,2166,3841,canceled,4,
3465,2022-05-16 00:00:00.000,170,4328,finished,3,
3466,2022-05-16 00:00:00.000,3302,2568,canceled,6,
3467,2022-05-16 00:00:00.000,47,3486,finished,5,
3468,2022-05-16 00:00:00.000,4910,3155,finished,7,
3469,2022-05-16 00:00:00.000,15,562,finished,5,
3471,2022-05-16 00:00:00.000,2920,2221,finished,4,
3472,2022-05-16 00:00:00.000,4608,1622,canceled,1,
3473,2022-05-17 00:00:00.000,1110,1687,canceled,2,
3475,2022-05-17 00:00:00.000,830,2726,finished,7,
3476,2022-05-17 00:00:00.000,2506,771,finished,5,
3477,2022-05-17 00:00:00.000,2123,3353,finished,4,
3480,2022-05-17 00:00:00.000,3240,2375,finished,4,
3481,2022-05-17 00:00:00.000,1069,2183,finished,6,
3482,2022-05-17 00:00:00.000,15,1877,canceled,5,
3483,2022-05-17 00:00:00.000,355,1877,finished,1,
3484,2022-05-17 00:00:00.000,3828,4489,finished,5,
3486,2022-05-17 00:00:00.000,538,1908,finished,1,
3487,2022-05-17 00:00:00.000,4673,4306,finished,1,
3488,2022-05-17 00:00:00.000,2377,3030,canceled,7,
3489,2022-05-17 00:00:00.000,3350,3394,finished,3,
3490,2022-05-17 00:00:00.000,231,2507,finished,4,
3492,2022-05-17 00:00:00.000,2381,911,finished,3,
3493,2022-05-17 00:00:00.000,2381,72,finished,3,
3494,2022-05-17 00:00:00.000,1768,612,finished,4,
3495,2022-05-17 00:00:00.000,1688,1406,canceled,1,
3496,2022-05-18 00:00:00.000,880,1065,finished,7,
3497,2022-05-18 00:00:00.000,4831,1767,finished,4,
3498,2022-05-18 00:00:00.000,4138,2090,finished,5,
3500,2022-05-18 00:00:00.000,4124,2221,finished,3,
3501,2022-05-18 00:00:00.000,391,2370,finished,7,
3503,2022-05-18 00:00:00.000,2820,81,finished,7,
3504,2022-05-18 00:00:00.000,2244,4821,finished,6,
3507,2022-05-18 00:00:00.000,1851,1216,finished,6,
3510,2022-05-18 00:00:00.000,1124,791,finished,4,
3511,2022-05-18 00:00:00.000,4863,4200,finished,6,
3512,2022-05-18 00:00:00.000,314,546,finished,7,
3513,2022-05-18 00:00:00.000,4429,3542,finished,5,
3515,2022-05-18 00:00:00.000,1110,676,finished,2,
3516,2022-05-18 00:00:00.000,2639,4135,canceled,7,
3517,2022-05-18 00:00:00.000,319,1007,finished,5,
3520,2022-05-18 00:00:00.000,3029,2844,canceled,5,
3522,2022-05-18 00:00:00.000,4614,1235,finished,1,
3526,2022-05-19 00:00:00.000,2406,896,finished,2,
3528,2022-05-19 00:00:00.000,2381,1663,canceled,3,
3529,2022-05-19 00:00:00.000,1197,444,finished,3,
3531,2022-05-19 00:00:00.000,1091,3334,finished,1,
3532,2022-05-19 00:00:00.000,15,4751,finished,5,
3533,2022-05-19 00:00:00.000,3835,2027,finished,2,
3534,2022-05-19 00:00:00.000,3883,4507,finished,2,
3540,2022-05-19 00:00:00.000,985,1342,canceled,2,
3542,2022-05-19 00:00:00.000,244,4322,finished,7,
3543,2022-05-19 00:00:00.000,1533,4543,finished,6,
3545,2022-05-19 00:00:00.000,4662,4733,finished,5,
3547,2022-05-19 00:00:00.000,2887,3846,canceled,5,
3550,2022-05-19 00:00:00.000,4807,1119,finished,4,
3551,2022-05-19 00:00:00.000,2506,4413,finished,5,
3556,2022-05-20 00:00:00.000,2148,4572,canceled,1,
3557,2022-05-20 00:00:00.000,4304,2250,finished,2,
3558,2022-05-20 00:00:00.000,1927,2640,finished,3,
3560,2022-05-20 00:00:00.000,4095,4159,finished,4,
3562,2022-05-20 00:00:00.000,3842,1710,finished,2,
3563,2022-05-20 00:00:00.000,3852,989,finished,1,
3564,2022-05-20 00:00:00.000,2011,4687,canceled,3,
3565,2022-05-20 00:00:00.000,781,4726,finished,3,
3567,2022-05-20 00:00:00.000,1233,1818,finished,3,
3568,2022-05-20 00:00:00.000,2865,1088,finished,1,
3569,2022-05-20 00:00:00.000,2105,1560,finished,7,
3570,2022-05-20 00:00:00.000,566,4803,finished,4,
3572,2022-05-20 00:00:00.000,4255,3324,canceled,6,
3573,2022-05-20 00:00:00.000,1752,386,finished,3,
3574,2022-05-20 00:00:00.000,3724,1925,finished,1,
3576,2022-05-20 00:00:00.000,1817,3645,finished,7,
3577,2022-05-20 00:00:00.000,2179,278,finished,4,
3578,2022-05-20 00:00:00.000,3787,4842,finished,1,
3579,2022-05-20 00:00:00.000,2244,4733,canceled,6,
3580,2022-05-20 00:00:00.000,845,1477,canceled,6,
3582,2022-05-20 00:00:00.000,1279,3987,finished,5,
3584,2022-05-20 00:00:00.000,1932,3065,finished,3,
3585,2022-05-20 00:00:00.000,3212,1794,finished,7,
3588,2022-05-20 00:00:00.000,4056,1536,finished,6,
3591,2022-05-20 00:00:00.000,2824,3501,finished,6,
3592,2022-05-20 00:00:00.000,2491,3177,finished,2,
3593,2022-05-20 00:00:00.000,2265,1182,finished,2,
3596,2022-05-20 00:00:00.000,3097,313,canceled,6,
3597,2022-05-21 00:00:00.000,1566,3650,finished,7,
3598,2022-05-21 00:00:00.000,4000,1520,finished,7,
3600,2022-05-21 00:00:00.000,410,539,finished,5,
3602,2022-05-21 00:00:00.000,4832,2370,canceled,1,
3603,2022-05-21 00:00:00.000,2881,1460,finished,2,
3604,2022-05-21 00:00:00.000,4843,3445,canceled,6,
3605,2022-05-21 00:00:00.000,3941,3445,finished,4,
3606,2022-05-21 00:00:00.000,852,1275,canceled,6,
3607,2022-05-21 00:00:00.000,7,4165,canceled,6,
3608,2022-05-21 00:00:00.000,3175,3940,finished,6,
3610,2022-05-21 00:00:00.000,42,3193,canceled,2,
3612,2022-05-21 00:00:00.000,508,4792,finished,2,
3613,2022-05-21 00:00:00.000,830,585,finished,7,
3615,2022-05-21 00:00:00.000,3886,1229,canceled,6,
3617,2022-05-21 00:00:00.000,4000,1472,finished,7,
3621,2022-05-21 00:00:00.000,4835,938,finished,1,
3622,2022-05-21 00:00:00.000,3025,601,finished,1,
3623,2022-05-21 00:00:00.000,961,1750,finished,4,
3624,2022-05-21 00:00:00.000,2016,3458,canceled,5,
3625,2022-05-21 00:00:00.000,4843,1920,finished,6,
3626,2022-05-21 00:00:00.000,1069,3655,finished,6,
3629,2022-05-21 00:00:00.000,1449,922,canceled,7,
3630,2022-05-21 00:00:00.000,3029,1280,finished,5,
3631,2022-05-21 00:00:00.000,166,1338,finished,7,
3632,2022-05-22 00:00:00.000,4138,2780,canceled,5,
3633,2022-05-22 00:00:00.000,2480,1709,finished,1,
3635,2022-05-22 00:00:00.000,3121,1880,finished,5,
3636,2022-05-22 00:00:00.000,1314,3698,finished,4,
3637,2022-05-22 00:00:00.000,3045,3528,finished,7,
3639,2022-05-22 00:00:00.000,880,1910,finished,7,
3640,2022-05-22 00:00:00.000,4480,1,finished,3,
3641,2022-05-22 00:00:00.000,2824,3037,finished,6,
3642,2022-05-22 00:00:00.000,3624,3942,finished,3,
3643,2022-05-22 00:00:00.000,3759,3940,finished,4,
3646,2022-05-22 00:00:00.000,1463,4698,finished,6,
3647,2022-05-22 00:00:00.000,1736,1663,finished,3,
3648,2022-05-22 00:00:00.000,2534,2762,canceled,2,
3649,2022-05-22 00:00:00.000,4278,670,finished,7,
3651,2022-05-22 00:00:00.000,4540,926,finished,7,
3652,2022-05-22 00:00:00.000,2556,4253,finished,6,
3653,2022-05-22 00:00:00.000,3777,1909,finished,3,
3654,2022-05-22 00:00:00.000,4234,2252,finished,1,
3655,2022-05-22 00:00:00.000,1328,712,finished,4,
3656,2022-05-22 00:00:00.000,1989,1858,canceled,2,
3657,2022-05-22 00:00:00.000,2654,3796,finished,1,
3659,2022-05-22 00:00:00.000,4852,1407,finished,5,
3661,2022-05-22 00:00:00.000,1023,3697,finished,6,
3662,2022-05-22 00:00:00.000,3175,198,finished,6,
3664,2022-05-22 00:00:00.000,2622,1065,finished,4,
3665,2022-05-22 00:00:00.000,2016,3004,canceled,5,
3666,2022-05-22 00:00:00.000,110,1603,finished,3,
3667,2022-05-22 00:00:00.000,1434,1465,canceled,2,
3670,2022-05-23 00:00:00.000,728,3171,finished,3,
3671,2022-05-23 00:00:00.000,455,1925,canceled,7,
3673,2022-05-23 00:00:00.000,3047,2845,finished,5,
3675,2022-05-23 00:00:00.000,1234,1505,finished,6,
3677,2022-05-23 00:00:00.000,4681,2111,finished,3,
3678,2022-05-23 00:00:00.000,3624,4153,finished,3,
3680,2022-05-23 00:00:00.000,3029,190,finished,5,
3681,2022-05-23 00:00:00.000,1668,1634,canceled,6,
3682,2022-05-23 00:00:00.000,2372,2590,finished,7,
3683,2022-05-23 00:00:00.000,3127,4359,finished,1,
3684,2022-05-23 00:00:00.000,4915,3735,finished,7,
3685,2022-05-23 00:00:00.000,3958,4501,finished,1,
3686,2022-05-23 00:00:00.000,4868,2728,finished,4,
3687,2022-05-23 00:00:00.000,1279,2801,finished,5,
3688,2022-05-23 00:00:00.000,1398,1919,finished,7,
3689,2022-05-23 00:00:00.000,4334,2421,finished,2,
3691,2022-05-23 00:00:00.000,2635,860,finished,1,
3692,2022-05-23 00:00:00.000,4777,690,finished,4,
3695,2022-05-24 00:00:00.000,1328,1454,finished,4,
3696,2022-05-24 00:00:00.000,3045,3626,finished,7,
3697,2022-05-24 00:00:00.000,3274,4438,canceled,6,
3698,2022-05-24 00:00:00.000,4095,4820,finished,4,
3700,2022-05-24 00:00:00.000,3530,1254,finished,4,
3701,2022-05-24 00:00:00.000,1484,825,finished,1,
3703,2022-05-24 00:00:00.000,233,2738,finished,2,
3704,2022-05-24 00:00:00.000,2048,4528,finished,7,
3705,2022-05-24 00:00:00.000,1927,3199,finished,3,
3708,2022-05-24 00:00:00.000,1262,2984,finished,5,
3709,2022-05-24 00:00:00.000,4387,1829,finished,7,
3711,2022-05-24 00:00:00.000,4796,4366,finished,3,
3717,2022-05-24 00:00:00.000,4248,3923,canceled,1,
3718,2022-05-24 00:00:00.000,2494,2120,finished,2,
3720,2022-05-24 00:00:00.000,2195,1034,finished,6,
3722,2022-05-24 00:00:00.000,4101,2666,finished,1,
3723,2022-05-24 00:00:00.000,3115,4704,finished,2,
3724,2022-05-24 00:00:00.000,3175,2681,finished,6,
3729,2022-05-24 00:00:00.000,1759,3049,finished,6,
3730,2022-05-24 00:00:00.000,4914,426,finished,1,
3731,2022-05-25 00:00:00.000,2955,4055,finished,4,
3732,2022-05-25 00:00:00.000,2613,1479,finished,2,
3733,2022-05-25 00:00:00.000,2406,562,canceled,2,
3735,2022-05-25 00:00:00.000,781,2878,finished,3,
3739,2022-05-25 00:00:00.000,645,4208,finished,2,
3740,2022-05-25 00:00:00.000,1106,2152,finished,7,
3741,2022-05-25 00:00:00.000,1654,898,finished,5,
3742,2022-05-25 00:00:00.000,2447,3872,finished,2,
3743,2022-05-25 00:00:00.000,830,2201,finished,7,
3745,2022-05-25 00:00:00.000,371,4165,finished,5,
3747,2022-05-25 00:00:00.000,3941,2868,canceled,4,
3748,2022-05-25 00:00:00.000,4203,486,finished,1,
3749,2022-05-25 00:00:00.000,3641,1424,canceled,7,
3752,2022-05-25 00:00:00.000,3883,1622,finished,2,
3754,2022-05-25 00:00:00.000,2377,1956,canceled,7,
3756,2022-05-25 00:00:00.000,2177,4934,finished,1,
3758,2022-05-25 00:00:00.000,3842,718,canceled,2,
3759,2022-05-25 00:00:00.000,3284,2948,finished,2,
3760,2022-05-25 00:00:00.000,3590,2370,finished,2,
3761,2022-05-25 00:00:00.000,73,1574,finished,6,
3762,2022-05-26 00:00:00.000,3588,1387,finished,2,
3764,2022-05-26 00:00:00.000,4923,1610,finished,5,
3765,2022-05-26 00:00:00.000,516,3562,canceled,6,
3766,2022-05-26 00:00:00.000,513,76,finished,1,
3767,2022-05-26 00:00:00.000,1169,2061,finished,6,
3768,2022-05-26 00:00:00.000,3425,585,canceled,7,
3770,2022-05-26 00:00:00.000,3588,1404,canceled,2,
3771,2022-05-26 00:00:00.000,3121,3180,finished,5,
3772,2022-05-26 00:00:00.000,2005,3736,finished,7,
3773,2022-05-26 00:00:00.000,3186,4339,finished,1,
3775,2022-05-26 00:00:00.000,977,4396,finished,5,
3776,2022-05-26 00:00:00.000,4654,4383,finished,6,
3777,2022-05-26 00:00:00.000,518,3841,finished,6,
3779,2022-05-26 00:00:00.000,3580,3987,finished,2,
3780,2022-05-26 00:00:00.000,1347,1961,finished,1,
3781,2022-05-26 00:00:00.000,4776,2588,finished,4,
3782,2022-05-26 00:00:00.000,2641,2248,finished,3,
3783,2022-05-26 00:00:00.000,2493,2136,finished,6,
3786,2022-05-26 00:00:00.000,3538,809,finished,3,
3787,2022-05-26 00:00:00.000,515,900,canceled,4,
3789,2022-05-26 00:00:00.000,3842,332,finished,2,
3795,2022-05-27 00:00:00.000,2651,1785,canceled,6,
3796,2022-05-27 00:00:00.000,2491,1118,finished,2,
3798,2022-05-27 00:00:00.000,4108,1600,finished,7,
3799,2022-05-27 00:00:00.000,110,4332,finished,3,
3800,2022-05-27 00:00:00.000,516,1166,finished,6,
3805,2022-05-27 00:00:00.000,3407,4012,finished,6,
3807,2022-05-27 00:00:00.000,2639,902,finished,7,
3808,2022-05-27 00:00:00.000,2488,97,finished,7,
3809,2022-05-27 00:00:00.000,820,3344,finished,3,
3810,2022-05-27 00:00:00.000,5000,2866,finished,2,
3811,2022-05-27 00:00:00.000,4671,4892,finished,5,
3813,2022-05-27 00:00:00.000,1431,703,finished,6,
3814,2022-05-27 00:00:00.000,4843,4692,finished,6,
3815,2022-05-27 00:00:00.000,1170,1549,finished,2,
3816,2022-05-27 00:00:00.000,3724,441,finished,1,
3817,2022-05-27 00:00:00.000,244,2497,finished,7,
3821,2022-05-27 00:00:00.000,3415,3644,finished,4,
3822,2022-05-27 00:00:00.000,1728,737,finished,5,
3823,2022-05-27 00:00:00.000,1881,1549,finished,3,
3825,2022-05-27 00:00:00.000,3803,833,finished,5,
3827,2022-05-28 00:00:00.000,1347,36,finished,1,
3828,2022-05-28 00:00:00.000,2641,2552,finished,3,
3829,2022-05-28 00:00:00.000,4915,1058,finished,7,
3830,2022-05-28 00:00:00.000,4680,3398,finished,3,
3831,2022-05-28 00:00:00.000,2166,1502,finished,4,
3832,2022-05-28 00:00:00.000,1817,2250,finished,7,
3833,2022-05-28 00:00:00.000,2562,3953,finished,4,
3839,2022-05-28 00:00:00.000,2463,364,finished,7,
3841,2022-05-28 00:00:00.000,2105,3698,canceled,7,
3842,2022-05-28 00:00:00.000,410,2345,finished,5,
3843,2022-05-28 00:00:00.000,3803,2775,finished,5,
3846,2022-05-28 00:00:00.000,1064,3453,finished,4,
3848,2022-05-28 00:00:00.000,2081,4972,finished,3,
3850,2022-05-28 00:00:00.000,778,2277,finished,4,
3851,2022-05-28 00:00:00.000,2235,1243,finished,4,
3852,2022-05-28 00:00:00.000,3934,1369,finished,7,
3859,2022-05-29 00:00:00.000,428,4200,finished,7,
3860,2022-05-29 00:00:00.000,231,4391,finished,4,
3862,2022-05-29 00:00:00.000,880,1826,finished,7,
3863,2022-05-29 00:00:00.000,1796,1271,finished,5,
3864,2022-05-29 00:00:00.000,2351,489,finished,5,
3865,2022-05-29 00:00:00.000,603,766,finished,3,
3869,2022-05-29 00:00:00.000,2934,717,finished,6,
3870,2022-05-29 00:00:00.000,1251,3737,finished,5,
3872,2022-05-29 00:00:00.000,4896,4213,canceled,6,
3874,2022-05-29 00:00:00.000,2177,1940,finished,1,
3875,2022-05-29 00:00:00.000,1434,4960,finished,2,
3876,2022-05-29 00:00:00.000,2084,974,canceled,1,
3877,2022-05-29 00:00:00.000,781,3586,finished,3,
3879,2022-05-29 00:00:00.000,42,2565,finished,2,
3880,2022-05-29 00:00:00.000,1384,1267,canceled,3,
3881,2022-05-29 00:00:00.000,1759,3106,finished,6,
3882,2022-05-29 00:00:00.000,5000,1460,finished,2,
3883,2022-05-29 00:00:00.000,1982,1096,finished,4,
3884,2022-05-29 00:00:00.000,2700,1017,finished,5,
3885,2022-05-29 00:00:00.000,2381,3391,finished,3,
3887,2022-05-29 00:00:00.000,1347,3372,finished,1,
3888,2022-05-29 00:00:00.000,4269,4438,finished,1,
3889,2022-05-29 00:00:00.000,2920,3006,finished,4,
3890,2022-05-30 00:00:00.000,606,4079,canceled,1,
3891,2022-05-30 00:00:00.000,879,154,canceled,1,
3893,2022-05-30 00:00:00.000,4309,1052,canceled,2,
3894,2022-05-30 00:00:00.000,572,1325,finished,6,
3896,2022-05-30 00:00:00.000,2969,1388,finished,4,
3897,2022-05-30 00:00:00.000,4459,3395,finished,3,
3898,2022-05-30 00:00:00.000,2043,1359,finished,5,
3899,2022-05-30 00:00:00.000,3415,1505,finished,4,
3902,2022-05-30 00:00:00.000,1927,2855,finished,3,
3905,2022-05-30 00:00:00.000,3240,4420,finished,4,
3907,2022-05-30 00:00:00.000,170,4021,finished,3,
3908,2022-05-30 00:00:00.000,997,974,canceled,2,
3911,2022-05-30 00:00:00.000,4896,1767,finished,6,
3912,2022-05-30 00:00:00.000,4486,4365,finished,1,
3913,2022-05-30 00:00:00.000,4776,2236,finished,4,
3914,2022-05-30 00:00:00.000,4095,4208,finished,4,
3915,2022-05-31 00:00:00.000,4776,2121,finished,4,
3916,2022-05-31 00:00:00.000,2591,3873,finished,4,
3918,2022-05-31 00:00:00.000,1262,4325,finished,5,
3922,2022-05-31 00:00:00.000,1492,941,finished,4,
3923,2022-05-31 00:00:00.000,3465,4432,canceled,6,
3924,2022-05-31 00:00:00.000,3704,3381,finished,1,
3927,2022-05-31 00:00:00.000,455,1301,finished,7,
3928,2022-05-31 00:00:00.000,4854,3177,finished,6,
3932,2022-05-31 00:00:00.000,2283,690,finished,4,
3936,2022-05-31 00:00:00.000,1170,3458,finished,2,
3937,2022-05-31 00:00:00.000,3734,1260,finished,2,
3938,2022-05-31 00:00:00.000,2092,1315,canceled,6,
3940,2022-05-31 00:00:00.000,2532,4813,finished,2,
3941,2022-05-31 00:00:00.000,1296,2068,finished,6,
3943,2022-05-31 00:00:00.000,4259,3023,finished,5,
3944,2022-05-31 00:00:00.000,2749,1102,finished,1,
3946,2022-05-31 00:00:00.000,3748,4855,finished,4,
3948,2022-05-31 00:00:00.000,5000,657,canceled,2,
3949,2022-05-31 00:00:00.000,2650,2977,finished,5,
3950,2022-05-31 00:00:00.000,4412,2945,finished,3,
3951,2022-05-31 00:00:00.000,2400,2082,finished,1,
3952,2022-05-31 00:00:00.000,3115,1100,finished,2,
3954,2022-05-31 00:00:00.000,4681,2312,canceled,3,
3955,2022-05-31 00:00:00.000,2092,4179,finished,6,
3956,2022-05-31 00:00:00.000,3274,1209,canceled,6,
3957,2022-05-31 00:00:00.000,2037,3716,finished,7,
3958,2022-05-31 00:00:00.000,314,1477,finished,7,
3960,2022-05-31 00:00:00.000,3590,3148,finished,2,
3961,2022-05-31 00:00:00.000,1927,3993,finished,3,
3962,2022-05-31 00:00:00.000,1688,4687,finished,1,
3963,2022-05-31 00:00:00.000,3941,4432,finished,4,
3967,2022-06-01 00:00:00.000,4056,3006,finished,6,
3970,2022-06-01 00:00:00.000,4344,4128,finished,1,
3971,2022-06-01 00:00:00.000,538,3009,finished,1,
3973,2022-06-01 00:00:00.000,3302,3300,finished,6,
3975,2022-06-01 00:00:00.000,1347,3861,finished,1,
3978,2022-06-01 00:00:00.000,2480,2600,finished,1,
3979,2022-06-01 00:00:00.000,4863,2443,finished,6,
3980,2022-06-01 00:00:00.000,3958,4017,finished,1,
3982,2022-06-01 00:00:00.000,1985,790,finished,7,
3985,2022-06-01 00:00:00.000,4103,1018,finished,6,
3986,2022-06-01 00:00:00.000,2344,4129,finished,6,
3988,2022-06-01 00:00:00.000,1544,4245,canceled,4,
3992,2022-06-01 00:00:00.000,2920,417,finished,4,
3993,2022-06-01 00:00:00.000,4852,2079,finished,5,
3995,2022-06-01 00:00:00.000,3465,4329,finished,6,
3996,2022-06-01 00:00:00.000,4309,626,finished,2,
3997,2022-06-01 00:00:00.000,1296,933,finished,6,
4000,2022-06-01 00:00:00.000,1927,2058,finished,3,
4003,2022-06-01 00:00:00.000,2905,1887,finished,2,
4004,2022-06-01 00:00:00.000,1109,904,finished,3,
4006,2022-06-01 00:00:00.000,2556,2723,finished,6,
4007,2022-06-02 00:00:00.000,3852,3698,finished,1,
4008,2022-06-02 00:00:00.000,3465,308,finished,6,
4009,2022-06-02 00:00:00.000,1366,374,finished,3,
4010,2022-06-02 00:00:00.000,4807,542,finished,4,
4011,2022-06-02 00:00:00.000,778,2090,finished,4,
4013,2022-06-02 00:00:00.000,3800,2147,finished,7,
4014,2022-06-02 00:00:00.000,1893,2299,finished,6,
4015,2022-06-02 00:00:00.000,4289,4287,finished,3,
4016,2022-06-02 00:00:00.000,2485,1560,finished,1,
4018,2022-06-02 00:00:00.000,1326,2478,finished,1,
4020,2022-06-02 00:00:00.000,1241,1590,finished,6,
4021,2022-06-02 00:00:00.000,3251,3171,finished,5,
4022,2022-06-02 00:00:00.000,3759,3360,finished,4,
4023,2022-06-02 00:00:00.000,1986,2497,finished,6,
4025,2022-06-02 00:00:00.000,2179,1267,finished,4,
4027,2022-06-02 00:00:00.000,2933,176,finished,2,
4029,2022-06-02 00:00:00.000,3051,283,finished,3,
4033,2022-06-02 00:00:00.000,4138,1717,finished,5,
4035,2022-06-02 00:00:00.000,538,3562,finished,1,
4037,2022-06-02 00:00:00.000,4910,2309,finished,7,
4038,2022-06-02 00:00:00.000,946,1088,canceled,3,
4044,2022-06-03 00:00:00.000,4269,733,finished,1,
4047,2022-06-03 00:00:00.000,2777,184,finished,6,
4048,2022-06-03 00:00:00.000,1241,4330,canceled,6,
4049,2022-06-03 00:00:00.000,391,3323,finished,7,
4050,2022-06-03 00:00:00.000,4596,2948,finished,1,
4051,2022-06-03 00:00:00.000,515,5,finished,4,
4056,2022-06-03 00:00:00.000,4540,3276,finished,7,
4057,2022-06-03 00:00:00.000,221,4946,finished,1,
4058,2022-06-03 00:00:00.000,4234,1387,finished,1,
4062,2022-06-03 00:00:00.000,1469,461,canceled,2,
4063,2022-06-03 00:00:00.000,4486,2672,finished,1,
4064,2022-06-03 00:00:00.000,4923,3626,finished,5,
4065,2022-06-03 00:00:00.000,2011,2788,finished,3,
4066,2022-06-03 00:00:00.000,1037,4365,finished,2,
4067,2022-06-03 00:00:00.000,728,3697,finished,3,
4069,2022-06-03 00:00:00.000,4211,3715,finished,2,
4071,2022-06-03 00:00:00.000,3059,1499,finished,5,
4072,2022-06-03 00:00:00.000,3869,2121,finished,7,
4073,2022-06-03 00:00:00.000,1069,2912,finished,6,
4074,2022-06-04 00:00:00.000,4522,3737,finished,7,
4075,2022-06-04 00:00:00.000,880,3579,canceled,7,
4076,2022-06-04 00:00:00.000,3175,2201,finished,6,
4079,2022-06-04 00:00:00.000,3713,160,finished,5,
4080,2022-06-04 00:00:00.000,1132,641,finished,6,
4081,2022-06-04 00:00:00.000,3175,4959,finished,6,
4082,2022-06-04 00:00:00.000,3059,1878,finished,5,
4084,2022-06-04 00:00:00.000,1106,1351,finished,7,
4085,2022-06-04 00:00:00.000,2456,3605,finished,3,
4086,2022-06-04 00:00:00.000,852,3901,finished,6,
4087,2022-06-04 00:00:00.000,1881,2475,finished,3,
4088,2022-06-04 00:00:00.000,494,2909,finished,6,
4090,2022-06-04 00:00:00.000,4651,79,canceled,1,
4091,2022-06-04 00:00:00.000,2749,2475,finished,1,
4092,2022-06-04 00:00:00.000,3820,4229,finished,5,
4094,2022-06-04 00:00:00.000,4124,3763,finished,3,
4095,2022-06-04 00:00:00.000,1545,4180,finished,7,
4099,2022-06-04 00:00:00.000,1027,3417,canceled,2,
4102,2022-06-04 00:00:00.000,1027,1909,finished,2,
4103,2022-06-04 00:00:00.000,3302,1539,finished,6,
4110,2022-06-05 00:00:00.000,1955,313,finished,5,
4111,2022-06-05 00:00:00.000,2269,941,finished,3,
4112,2022-06-05 00:00:00.000,852,2801,finished,6,
4113,2022-06-05 00:00:00.000,1545,4074,finished,7,
4114,2022-06-05 00:00:00.000,15,3596,finished,5,
4115,2022-06-05 00:00:00.000,1420,1798,finished,2,
4117,2022-06-05 00:00:00.000,1170,4187,finished,2,
4118,2022-06-05 00:00:00.000,4879,4185,finished,4,
4119,2022-06-05 00:00:00.000,4211,4135,finished,2,
4124,2022-06-05 00:00:00.000,4211,1354,finished,2,
4125,2022-06-05 00:00:00.000,1420,4982,finished,2,
4126,2022-06-05 00:00:00.000,2562,3398,canceled,4,
4127,2022-06-05 00:00:00.000,1366,4396,finished,3,
4128,2022-06-05 00:00:00.000,3363,1280,finished,1,
4129,2022-06-05 00:00:00.000,2733,4698,finished,5,
4132,2022-06-05 00:00:00.000,1251,1916,canceled,5,
4133,2022-06-06 00:00:00.000,4001,3736,finished,6,
4135,2022-06-06 00:00:00.000,4211,1663,canceled,2,
4136,2022-06-06 00:00:00.000,2795,918,canceled,5,
4140,2022-06-06 00:00:00.000,1469,4698,finished,2,
4141,2022-06-06 00:00:00.000,2865,1386,finished,1,
4145,2022-06-06 00:00:00.000,1241,3340,finished,6,
4148,2022-06-06 00:00:00.000,4565,3766,finished,7,
4153,2022-06-06 00:00:00.000,2463,2115,finished,7,
4154,2022-06-06 00:00:00.000,4854,4099,finished,6,
4155,2022-06-06 00:00:00.000,4334,1682,finished,2,
4156,2022-06-06 00:00:00.000,498,3448,finished,1,
4160,2022-06-06 00:00:00.000,3025,1287,finished,1,
4161,2022-06-07 00:00:00.000,3828,1886,canceled,5,
4166,2022-06-07 00:00:00.000,3029,3983,canceled,5,
4167,2022-06-07 00:00:00.000,4804,1134,canceled,2,
4168,2022-06-07 00:00:00.000,2651,842,finished,6,
4170,2022-06-07 00:00:00.000,4425,1885,finished,6,
4171,2022-06-07 00:00:00.000,1927,1050,finished,3,
4173,2022-06-07 00:00:00.000,3624,4434,finished,3,
4175,2022-06-07 00:00:00.000,2820,3394,finished,7,
4176,2022-06-07 00:00:00.000,2881,4880,finished,2,
4177,2022-06-07 00:00:00.000,3415,1685,finished,4,
4179,2022-06-07 00:00:00.000,3060,3453,finished,6,
4181,2022-06-07 00:00:00.000,4124,1078,finished,3,
4185,2022-06-07 00:00:00.000,2016,1505,finished,5,
4186,2022-06-07 00:00:00.000,2485,1508,finished,1,
4187,2022-06-07 00:00:00.000,410,2847,canceled,5,
4190,2022-06-08 00:00:00.000,1736,1488,canceled,3,
4192,2022-06-08 00:00:00.000,2181,1317,finished,2,
4195,2022-06-08 00:00:00.000,3971,4501,finished,7,
4196,2022-06-08 00:00:00.000,603,3032,finished,3,
4198,2022-06-08 00:00:00.000,2622,1904,finished,4,
4199,2022-06-08 00:00:00.000,4776,4806,finished,4,
4200,2022-06-08 00:00:00.000,2651,1095,finished,6,
4202,2022-06-08 00:00:00.000,1258,63,finished,7,
4204,2022-06-08 00:00:00.000,1982,3994,finished,4,
4205,2022-06-08 00:00:00.000,2670,1726,finished,4,
4206,2022-06-08 00:00:00.000,1189,908,finished,4,
4207,2022-06-08 00:00:00.000,4234,1313,finished,1,
4209,2022-06-08 00:00:00.000,4108,1539,finished,7,
4210,2022-06-08 00:00:00.000,1462,3325,canceled,2,
4214,2022-06-08 00:00:00.000,4723,758,finished,3,
4215,2022-06-08 00:00:00.000,1262,1857,finished,5,
4216,2022-06-08 00:00:00.000,244,4927,finished,7,
4220,2022-06-08 00:00:00.000,4248,3919,finished,1,
4221,2022-06-08 00:00:00.000,3029,2910,finished,5,
4222,2022-06-08 00:00:00.000,2641,3810,finished,3,
4223,2022-06-08 00:00:00.000,4459,2711,finished,3,
4225,2022-06-08 00:00:00.000,1170,2537,finished,2,
4226,2022-06-08 00:00:00.000,1250,1472,finished,7,
4227,2022-06-08 00:00:00.000,1989,4396,finished,2,
4232,2022-06-08 00:00:00.000,4429,1175,canceled,5,
4238,2022-06-09 00:00:00.000,4480,386,finished,3,
4239,2022-06-09 00:00:00.000,2733,2318,finished,5,
4242,2022-06-09 00:00:00.000,3714,3897,finished,7,
4243,2022-06-09 00:00:00.000,3154,1317,finished,2,
4245,2022-06-09 00:00:00.000,890,1673,canceled,6,
4246,2022-06-09 00:00:00.000,4124,4578,finished,3,
4248,2022-06-09 00:00:00.000,3257,1022,canceled,5,
4249,2022-06-09 00:00:00.000,2506,2565,finished,5,
4250,2022-06-09 00:00:00.000,1872,313,finished,1,
4251,2022-06-09 00:00:00.000,3842,1144,finished,2,
4252,2022-06-09 00:00:00.000,7,4032,finished,6,
4255,2022-06-09 00:00:00.000,2687,139,finished,3,
4257,2022-06-09 00:00:00.000,4796,578,finished,3,
4259,2022-06-09 00:00:00.000,42,404,finished,2,
4263,2022-06-09 00:00:00.000,3029,1134,finished,5,
4264,2022-06-09 00:00:00.000,566,4332,finished,4,
4266,2022-06-09 00:00:00.000,1456,4587,finished,1,
4267,2022-06-09 00:00:00.000,3274,1784,finished,6,
4268,2022-06-09 00:00:00.000,2453,1350,finished,2,
4269,2022-06-10 00:00:00.000,4234,1355,finished,1,
4271,2022-06-10 00:00:00.000,166,3162,finished,7,
4275,2022-06-10 00:00:00.000,4595,36,finished,1,
4276,2022-06-10 00:00:00.000,2562,3715,finished,4,
4278,2022-06-10 00:00:00.000,1737,4708,finished,6,
4280,2022-06-10 00:00:00.000,2488,4783,finished,7,
4281,2022-06-10 00:00:00.000,4255,3697,finished,6,
4283,2022-06-10 00:00:00.000,4832,4365,finished,1,
4284,2022-06-10 00:00:00.000,1027,4960,canceled,2,
4285,2022-06-10 00:00:00.000,985,3740,finished,2,
4286,2022-06-10 00:00:00.000,4164,3039,finished,7,
4287,2022-06-10 00:00:00.000,2534,1096,finished,2,
4292,2022-06-10 00:00:00.000,2777,2932,finished,6,
4293,2022-06-10 00:00:00.000,1754,2482,finished,1,
4295,2022-06-10 00:00:00.000,1106,2221,canceled,7,
4297,2022-06-10 00:00:00.000,4651,3766,finished,1,
4298,2022-06-10 00:00:00.000,1291,909,finished,2,
4303,2022-06-11 00:00:00.000,4103,3332,canceled,6,
4304,2022-06-11 00:00:00.000,1850,914,finished,2,
4305,2022-06-11 00:00:00.000,2081,4464,finished,3,
4306,2022-06-11 00:00:00.000,2654,4079,finished,1,
4307,2022-06-11 00:00:00.000,4833,2171,canceled,1,
4308,2022-06-11 00:00:00.000,2180,1936,finished,6,
4310,2022-06-11 00:00:00.000,1423,1050,finished,2,
4311,2022-06-11 00:00:00.000,3828,4844,finished,5,
4312,2022-06-11 00:00:00.000,1850,2796,finished,2,
4314,2022-06-11 00:00:00.000,4576,71,finished,2,
4317,2022-06-11 00:00:00.000,880,2335,finished,7,
4318,2022-06-11 00:00:00.000,4480,4750,finished,3,
4319,2022-06-11 00:00:00.000,2105,2019,finished,7,
4321,2022-06-11 00:00:00.000,1554,2676,finished,5,
4323,2022-06-11 00:00:00.000,2520,369,finished,3,
4324,2022-06-11 00:00:00.000,4879,2050,finished,4,
4325,2022-06-11 00:00:00.000,3059,2672,finished,5,
4326,2022-06-11 00:00:00.000,781,2745,canceled,3,
4328,2022-06-11 00:00:00.000,3088,4672,canceled,2,
4329,2022-06-11 00:00:00.000,1736,3473,finished,3,
4332,2022-06-11 00:00:00.000,2571,1839,finished,7,
4333,2022-06-11 00:00:00.000,1573,3528,finished,6,
4337,2022-06-12 00:00:00.000,4832,195,finished,1,
4340,2022-06-12 00:00:00.000,410,2791,finished,5,
4341,2022-06-12 00:00:00.000,3038,3516,finished,1,
4342,2022-06-12 00:00:00.000,2195,2312,finished,6,
4343,2022-06-12 00:00:00.000,728,670,finished,3,
4344,2022-06-12 00:00:00.000,4486,715,finished,1,
4345,2022-06-12 00:00:00.000,3835,2804,finished,2,
4346,2022-06-12 00:00:00.000,3088,215,finished,2,
4347,2022-06-12 00:00:00.000,3279,175,canceled,6,
4349,2022-06-12 00:00:00.000,3045,1268,finished,7,
4351,2022-06-12 00:00:00.000,4732,1834,finished,3,
4352,2022-06-12 00:00:00.000,2933,332,finished,2,
4353,2022-06-12 00:00:00.000,1291,4372,finished,2,
4354,2022-06-12 00:00:00.000,1985,1374,finished,7,
4355,2022-06-12 00:00:00.000,2733,1787,canceled,5,
4357,2022-06-12 00:00:00.000,233,175,finished,2,
4359,2022-06-12 00:00:00.000,2185,3900,finished,4,
4360,2022-06-12 00:00:00.000,2488,4407,finished,7,
4361,2022-06-12 00:00:00.000,1728,2140,canceled,5,
4363,2022-06-12 00:00:00.000,2571,1424,finished,7,
4364,2022-06-12 00:00:00.000,2687,4544,finished,3,
4366,2022-06-13 00:00:00.000,571,4286,finished,5,
4367,2022-06-13 00:00:00.000,2623,3078,finished,4,
4368,2022-06-13 00:00:00.000,4412,1134,finished,3,
4369,2022-06-13 00:00:00.000,4486,1557,finished,1,
4370,2022-06-13 00:00:00.000,3225,1368,finished,1,
4371,2022-06-13 00:00:00.000,410,431,canceled,5,
4373,2022-06-13 00:00:00.000,3911,2104,finished,5,
4374,2022-06-13 00:00:00.000,2613,1188,finished,2,
4375,2022-06-13 00:00:00.000,3279,3780,finished,6,
4378,2022-06-13 00:00:00.000,1509,3562,canceled,4,
4379,2022-06-13 00:00:00.000,4530,2840,finished,3,
4382,2022-06-13 00:00:00.000,3704,2246,canceled,1,
4383,2022-06-13 00:00:00.000,3048,2577,finished,6,
4384,2022-06-13 00:00:00.000,1417,2561,finished,3,
4385,2022-06-13 00:00:00.000,391,4321,finished,7,
4386,2022-06-13 00:00:00.000,168,500,finished,5,
4387,2022-06-13 00:00:00.000,2591,1277,finished,4,
4388,2022-06-13 00:00:00.000,4662,2489,finished,5,
4390,2022-06-13 00:00:00.000,1417,1087,finished,3,
4392,2022-06-13 00:00:00.000,3971,4096,finished,7,
4393,2022-06-13 00:00:00.000,162,1564,finished,2,
4394,2022-06-13 00:00:00.000,2639,3199,canceled,7,
4395,2022-06-13 00:00:00.000,428,2100,finished,7,
4396,2022-06-13 00:00:00.000,4289,3203,finished,3,
4397,2022-06-13 00:00:00.000,1027,1472,finished,2,
4398,2022-06-13 00:00:00.000,2465,4464,finished,7,
4399,2022-06-13 00:00:00.000,603,1102,finished,3,
4401,2022-06-13 00:00:00.000,3828,967,finished,5,
4404,2022-06-13 00:00:00.000,2635,2380,finished,1,
4405,2022-06-13 00:00:00.000,477,1138,finished,4,
4406,2022-06-13 00:00:00.000,2636,4195,finished,1,
4407,2022-06-13 00:00:00.000,2506,3258,finished,5,
4409,2022-06-13 00:00:00.000,3029,316,finished,5,
4410,2022-06-13 00:00:00.000,4711,2706,finished,7,
4412,2022-06-13 00:00:00.000,1914,2621,finished,6,
4414,2022-06-14 00:00:00.000,1296,2922,finished,6,
4415,2022-06-14 00:00:00.000,2934,1887,finished,6,
4417,2022-06-14 00:00:00.000,2805,1329,finished,3,
4420,2022-06-14 00:00:00.000,4001,4213,finished,6,
4421,2022-06-14 00:00:00.000,3714,4477,finished,7,
4423,2022-06-14 00:00:00.000,3724,2840,finished,1,
4426,2022-06-14 00:00:00.000,4732,3506,finished,3,
4428,2022-06-14 00:00:00.000,2635,1000,finished,1,
4433,2022-06-14 00:00:00.000,3279,1207,finished,6,
4434,2022-06-14 00:00:00.000,3493,712,finished,3,
4436,2022-06-14 00:00:00.000,170,2191,finished,3,
4438,2022-06-14 00:00:00.000,4143,2669,finished,6,
4439,2022-06-14 00:00:00.000,2641,1260,finished,3,
4440,2022-06-14 00:00:00.000,1375,588,finished,6,
4441,2022-06-14 00:00:00.000,1532,3318,finished,7,
4444,2022-06-14 00:00:00.000,2351,3642,finished,5,
4446,2022-06-15 00:00:00.000,4289,3998,finished,3,
4448,2022-06-15 00:00:00.000,421,3385,finished,6,
4451,2022-06-15 00:00:00.000,3969,35,finished,4,
4452,2022-06-15 00:00:00.000,3787,4787,finished,1,
4453,2022-06-15 00:00:00.000,3477,2356,finished,6,
4456,2022-06-15 00:00:00.000,4680,1315,finished,3,
4460,2022-06-15 00:00:00.000,4486,365,finished,1,
4461,2022-06-15 00:00:00.000,3363,4964,finished,1,
4462,2022-06-15 00:00:00.000,3972,3542,canceled,5,
4463,2022-06-15 00:00:00.000,162,4827,canceled,2,
4464,2022-06-15 00:00:00.000,4852,1685,canceled,5,
4465,2022-06-15 00:00:00.000,603,1935,finished,3,
4466,2022-06-15 00:00:00.000,2520,2519,finished,3,
4467,2022-06-15 00:00:00.000,566,265,finished,4,
4468,2022-06-15 00:00:00.000,538,1495,finished,1,
4470,2022-06-15 00:00:00.000,1349,974,canceled,1,
4471,2022-06-15 00:00:00.000,3025,4750,finished,1,
4472,2022-06-15 00:00:00.000,2622,322,finished,4,
4473,2022-06-15 00:00:00.000,1332,1187,finished,5,
4474,2022-06-15 00:00:00.000,4920,2625,finished,1,
4477,2022-06-15 00:00:00.000,4914,3408,finished,1,
4478,2022-06-15 00:00:00.000,2571,1304,finished,7,
4483,2022-06-16 00:00:00.000,3175,3481,finished,6,
4484,2022-06-16 00:00:00.000,2955,4507,finished,4,
4487,2022-06-16 00:00:00.000,1431,2082,finished,6,
4489,2022-06-16 00:00:00.000,1484,3948,finished,1,
4490,2022-06-16 00:00:00.000,4831,2205,finished,4,
4491,2022-06-16 00:00:00.000,1462,2627,finished,2,
4493,2022-06-16 00:00:00.000,2551,986,finished,5,
4494,2022-06-16 00:00:00.000,1856,1772,finished,1,
4496,2022-06-16 00:00:00.000,3059,2350,finished,5,
4497,2022-06-16 00:00:00.000,179,3889,finished,6,
4500,2022-06-16 00:00:00.000,3396,1343,finished,1,
4503,2022-06-16 00:00:00.000,4968,1889,finished,4,
4505,2022-06-16 00:00:00.000,1469,4055,finished,2,
4507,2022-06-16 00:00:00.000,3477,3650,finished,6,
4508,2022-06-16 00:00:00.000,4565,4365,finished,7,
4509,2022-06-16 00:00:00.000,4838,3959,finished,2,
4511,2022-06-16 00:00:00.000,2961,4964,finished,3,
4512,2022-06-16 00:00:00.000,1881,1907,finished,3,
4514,2022-06-16 00:00:00.000,781,450,finished,3,
4516,2022-06-17 00:00:00.000,1492,1610,canceled,4,
4517,2022-06-17 00:00:00.000,1462,2356,finished,2,
4518,2022-06-17 00:00:00.000,3886,1749,finished,6,
4519,2022-06-17 00:00:00.000,3350,2312,finished,3,
4520,2022-06-17 00:00:00.000,2098,4755,finished,2,
4522,2022-06-17 00:00:00.000,54,1878,finished,3,
4524,2022-06-17 00:00:00.000,2795,2219,finished,5,
4525,2022-06-17 00:00:00.000,4671,1480,finished,5,
4527,2022-06-17 00:00:00.000,168,1102,finished,5,
4528,2022-06-17 00:00:00.000,4530,1767,finished,3,
4529,2022-06-17 00:00:00.000,2473,2932,finished,2,
4531,2022-06-17 00:00:00.000,310,712,finished,6,
4533,2022-06-17 00:00:00.000,4625,4283,finished,2,
4534,2022-06-17 00:00:00.000,2571,3223,canceled,7,
4535,2022-06-17 00:00:00.000,1027,2753,finished,2,
4538,2022-06-17 00:00:00.000,1449,3741,finished,7,
4539,2022-06-17 00:00:00.000,1250,1275,finished,7,
4541,2022-06-17 00:00:00.000,888,4751,finished,3,
4542,2022-06-17 00:00:00.000,3842,4704,canceled,2,
4543,2022-06-17 00:00:00.000,1532,2323,finished,7,
4544,2022-06-17 00:00:00.000,1474,3148,finished,7,
4552,2022-06-17 00:00:00.000,221,267,finished,1,
4553,2022-06-17 00:00:00.000,3972,419,canceled,5,
4555,2022-06-17 00:00:00.000,3820,3562,canceled,5,
4556,2022-06-17 00:00:00.000,3835,357,finished,2,
4558,2022-06-17 00:00:00.000,1106,2247,finished,7,
4559,2022-06-17 00:00:00.000,2488,2992,finished,7,
4561,2022-06-17 00:00:00.000,4804,1610,finished,2,
4562,2022-06-17 00:00:00.000,2973,145,finished,4,
4564,2022-06-17 00:00:00.000,4459,2350,finished,3,
4565,2022-06-17 00:00:00.000,2485,1940,finished,1,
4566,2022-06-17 00:00:00.000,4664,2652,finished,7,
4568,2022-06-18 00:00:00.000,606,4129,finished,1,
4569,2022-06-18 00:00:00.000,3958,4728,canceled,1,
4572,2022-06-18 00:00:00.000,4915,4476,finished,7,
4573,2022-06-18 00:00:00.000,4103,3650,finished,6,
4575,2022-06-18 00:00:00.000,4095,1655,canceled,4,
4577,2022-06-18 00:00:00.000,2473,1158,canceled,2,
4578,2022-06-18 00:00:00.000,4221,431,finished,4,
4579,2022-06-18 00:00:00.000,2556,899,finished,6,
4581,2022-06-18 00:00:00.000,4452,3650,finished,3,
4584,2022-06-18 00:00:00.000,1728,2090,finished,5,
4587,2022-06-18 00:00:00.000,170,1709,finished,3,
4588,2022-06-18 00:00:00.000,371,4193,finished,5,
4591,2022-06-18 00:00:00.000,1234,1508,finished,6,
4592,2022-06-18 00:00:00.000,3029,426,finished,5,
4593,2022-06-18 00:00:00.000,428,3888,finished,7,
4594,2022-06-18 00:00:00.000,2377,2335,finished,7,
4597,2022-06-18 00:00:00.000,4681,4400,finished,3,
4598,2022-06-18 00:00:00.000,1985,1071,finished,7,
4600,2022-06-18 00:00:00.000,4723,832,finished,3,
4601,2022-06-18 00:00:00.000,774,812,finished,7,
4602,2022-06-18 00:00:00.000,742,1665,canceled,5,
4605,2022-06-19 00:00:00.000,1654,3740,finished,5,
4606,2022-06-19 00:00:00.000,1069,2750,finished,6,
4609,2022-06-19 00:00:00.000,1431,1204,finished,6,
4612,2022-06-19 00:00:00.000,2747,1623,finished,5,
4613,2022-06-19 00:00:00.000,1242,3897,finished,3,
4616,2022-06-19 00:00:00.000,3108,4352,finished,5,
4618,2022-06-19 00:00:00.000,1593,1842,finished,3,
4619,2022-06-19 00:00:00.000,421,2695,finished,6,
4620,2022-06-19 00:00:00.000,2134,2082,finished,1,
4622,2022-06-19 00:00:00.000,1492,3298,finished,4,
4623,2022-06-19 00:00:00.000,1986,4073,canceled,6,
4626,2022-06-19 00:00:00.000,2596,152,finished,1,
4627,2022-06-19 00:00:00.000,1725,4233,finished,6,
4628,2022-06-19 00:00:00.000,1431,3554,finished,6,
4629,2022-06-19 00:00:00.000,4565,1377,canceled,7,
4630,2022-06-19 00:00:00.000,1169,1437,finished,6,
4631,2022-06-19 00:00:00.000,2662,1665,finished,1,
4632,2022-06-19 00:00:00.000,3143,601,canceled,1,
4636,2022-06-19 00:00:00.000,1573,1662,finished,6,
4637,2022-06-19 00:00:00.000,2571,4065,canceled,7,
4638,2022-06-19 00:00:00.000,4459,3052,finished,3,
4640,2022-06-20 00:00:00.000,2562,265,finished,4,
4643,2022-06-20 00:00:00.000,1236,2603,finished,4,
4645,2022-06-20 00:00:00.000,4681,1472,canceled,3,
4650,2022-06-20 00:00:00.000,2179,313,canceled,4,
4651,2022-06-20 00:00:00.000,162,4186,finished,2,
4652,2022-06-20 00:00:00.000,3114,3665,canceled,5,
4653,2022-06-20 00:00:00.000,3407,2024,finished,6,
4654,2022-06-20 00:00:00.000,3179,3291,finished,3,
4660,2022-06-20 00:00:00.000,4849,2064,finished,3,
4661,2022-06-20 00:00:00.000,4732,2736,finished,3,
4663,2022-06-20 00:00:00.000,477,1465,finished,4,
4664,2022-06-20 00:00:00.000,4838,4335,canceled,2,
4665,2022-06-20 00:00:00.000,3274,1877,finished,6,
4666,2022-06-20 00:00:00.000,3782,4543,finished,3,
4670,2022-06-20 00:00:00.000,3290,3605,finished,4,
4671,2022-06-20 00:00:00.000,4585,1809,finished,7,
4672,2022-06-20 00:00:00.000,742,654,finished,5,
4673,2022-06-20 00:00:00.000,477,2812,finished,4,
4674,2022-06-20 00:00:00.000,845,4312,finished,6,
4675,2022-06-20 00:00:00.000,4914,215,finished,1,
4678,2022-06-20 00:00:00.000,3322,2380,finished,1,
4679,2022-06-20 00:00:00.000,912,2851,finished,5,
4680,2022-06-20 00:00:00.000,901,1300,finished,1,
4681,2022-06-20 00:00:00.000,2473,1897,canceled,2,
4682,2022-06-20 00:00:00.000,4849,3080,finished,3,
4683,2022-06-20 00:00:00.000,3261,1547,finished,1,
4686,2022-06-21 00:00:00.000,26,4475,finished,7,
4687,2022-06-21 00:00:00.000,748,4099,finished,7,
4688,2022-06-21 00:00:00.000,4095,1355,finished,4,
4689,2022-06-21 00:00:00.000,279,2375,finished,4,
4693,2022-06-21 00:00:00.000,3754,3441,finished,1,
4694,2022-06-21 00:00:00.000,1484,2932,finished,1,
4695,2022-06-21 00:00:00.000,3576,452,finished,5,
4696,2022-06-21 00:00:00.000,4522,436,finished,7,
4697,2022-06-21 00:00:00.000,2473,3939,finished,2,
4698,2022-06-21 00:00:00.000,2934,809,finished,6,
4703,2022-06-21 00:00:00.000,1513,2356,finished,4,
4704,2022-06-21 00:00:00.000,3911,1006,finished,5,
4705,2022-06-21 00:00:00.000,1384,2976,finished,3,
4706,2022-06-21 00:00:00.000,3842,3365,finished,2,
4707,2022-06-21 00:00:00.000,4000,1017,finished,7,
4708,2022-06-21 00:00:00.000,3487,891,finished,5,
4711,2022-06-21 00:00:00.000,3415,4813,finished,4,
4713,2022-06-21 00:00:00.000,4854,500,finished,6,
4714,2022-06-21 00:00:00.000,1314,2826,finished,4,
4715,2022-06-21 00:00:00.000,2557,1071,canceled,2,
4717,2022-06-21 00:00:00.000,1736,3801,finished,3,
4719,2022-06-21 00:00:00.000,2969,932,finished,4,
4721,2022-06-21 00:00:00.000,3013,4390,canceled,4,
4724,2022-06-21 00:00:00.000,3717,825,finished,5,
4725,2022-06-21 00:00:00.000,203,1300,finished,5,
4726,2022-06-21 00:00:00.000,355,1693,finished,1,
4727,2022-06-21 00:00:00.000,1796,2588,finished,5,
4729,2022-06-21 00:00:00.000,4723,4332,finished,3,
4730,2022-06-22 00:00:00.000,4585,4652,finished,7,
4731,2022-06-22 00:00:00.000,3820,1166,finished,5,
4732,2022-06-22 00:00:00.000,2571,154,canceled,7,
4733,2022-06-22 00:00:00.000,2269,313,finished,3,
4734,2022-06-22 00:00:00.000,2733,2250,canceled,5,
4735,2022-06-22 00:00:00.000,170,147,finished,3,
4737,2022-06-22 00:00:00.000,3005,97,finished,4,
4739,2022-06-22 00:00:00.000,16,1920,finished,6,
4741,2022-06-22 00:00:00.000,2132,3252,finished,5,
4743,2022-06-22 00:00:00.000,1728,309,finished,5,
4745,2022-06-22 00:00:00.000,3858,691,canceled,4,
4747,2022-06-22 00:00:00.000,3415,2497,finished,4,
4748,2022-06-22 00:00:00.000,2377,2029,finished,7,
4751,2022-06-22 00:00:00.000,16,4537,finished,6,
4752,2022-06-22 00:00:00.000,16,3431,finished,6,
4753,2022-06-22 00:00:00.000,3754,3295,finished,1,
4754,2022-06-22 00:00:00.000,4103,3193,finished,6,
4755,2022-06-22 00:00:00.000,1509,2602,finished,4,
4756,2022-06-22 00:00:00.000,2969,4880,finished,4,
4759,2022-06-22 00:00:00.000,4541,2951,finished,2,
4760,2022-06-22 00:00:00.000,4714,1665,finished,5,
4761,2022-06-22 00:00:00.000,3415,789,finished,4,
4762,2022-06-22 00:00:00.000,4625,3506,finished,2,
4764,2022-06-22 00:00:00.000,4143,479,finished,6,
4766,2022-06-22 00:00:00.000,2381,631,finished,3,
4767,2022-06-22 00:00:00.000,2995,4871,finished,1,
4768,2022-06-22 00:00:00.000,1796,4496,canceled,5,
4769,2022-06-22 00:00:00.000,3123,1717,finished,5,
4770,2022-06-22 00:00:00.000,2955,431,finished,4,
4772,2022-06-23 00:00:00.000,3972,1637,finished,5,
4773,2022-06-23 00:00:00.000,3088,3119,finished,2,
4774,2022-06-23 00:00:00.000,2650,4510,finished,5,
4775,2022-06-23 00:00:00.000,852,1460,finished,6,
4776,2022-06-23 00:00:00.000,1462,1930,finished,2,
4777,2022-06-23 00:00:00.000,1712,2482,finished,3,
4778,2022-06-23 00:00:00.000,3989,450,finished,1,
4779,2022-06-23 00:00:00.000,482,374,finished,3,
4782,2022-06-23 00:00:00.000,3127,599,finished,1,
4783,2022-06-23 00:00:00.000,4654,342,finished,6,
4785,2022-06-23 00:00:00.000,955,81,finished,4,
4789,2022-06-23 00:00:00.000,4259,3271,finished,5,
4790,2022-06-23 00:00:00.000,1872,2883,canceled,1,
4791,2022-06-23 00:00:00.000,4138,1487,finished,5,
4796,2022-06-23 00:00:00.000,162,1798,finished,2,
4797,2022-06-23 00:00:00.000,423,4629,finished,1,
4799,2022-06-23 00:00:00.000,515,2511,finished,4,
4800,2022-06-23 00:00:00.000,355,89,finished,1,
4801,2022-06-23 00:00:00.000,4444,2497,finished,1,
4802,2022-06-23 00:00:00.000,2865,4575,canceled,1,
4803,2022-06-23 00:00:00.000,3383,4102,finished,3,
4804,2022-06-23 00:00:00.000,888,2120,finished,3,
4806,2022-06-23 00:00:00.000,3415,2327,canceled,4,
4812,2022-06-24 00:00:00.000,3421,1739,canceled,3,
4813,2022-06-24 00:00:00.000,1927,1099,finished,3,
4817,2022-06-24 00:00:00.000,1533,2341,finished,6,
4818,2022-06-24 00:00:00.000,47,1187,finished,5,
4820,2022-06-24 00:00:00.000,1189,4177,finished,4,
4822,2022-06-24 00:00:00.000,165,1936,finished,7,
4823,2022-06-24 00:00:00.000,1233,3277,canceled,3,
4824,2022-06-24 00:00:00.000,3059,97,finished,5,
4825,2022-06-24 00:00:00.000,271,672,finished,5,
4826,2022-06-24 00:00:00.000,4804,1803,finished,2,
4827,2022-06-24 00:00:00.000,4830,2826,finished,5,
4828,2022-06-24 00:00:00.000,955,311,finished,4,
4830,2022-06-24 00:00:00.000,3261,2827,finished,1,
4831,2022-06-24 00:00:00.000,2933,4892,finished,2,
4832,2022-06-24 00:00:00.000,4471,509,finished,4,
4834,2022-06-24 00:00:00.000,4255,3597,finished,6,
4835,2022-06-24 00:00:00.000,4835,2246,finished,1,
4836,2022-06-24 00:00:00.000,636,3023,canceled,6,
4839,2022-06-25 00:00:00.000,3005,2380,finished,4,
4840,2022-06-25 00:00:00.000,3175,4023,finished,6,
4841,2022-06-25 00:00:00.000,3115,691,finished,2,
4842,2022-06-25 00:00:00.000,2795,3716,finished,5,
4843,2022-06-25 00:00:00.000,421,1157,finished,6,
4844,2022-06-25 00:00:00.000,2803,1413,canceled,3,
4851,2022-06-25 00:00:00.000,3828,1350,finished,5,
4853,2022-06-25 00:00:00.000,4920,3490,finished,1,
4855,2022-06-25 00:00:00.000,2177,3652,finished,1,
4856,2022-06-25 00:00:00.000,1890,4233,finished,5,
4857,2022-06-25 00:00:00.000,2562,195,finished,4,
4858,2022-06-25 00:00:00.000,3911,3991,finished,5,
4860,2022-06-25 00:00:00.000,3290,3478,finished,4,
4861,2022-06-25 00:00:00.000,598,471,canceled,5,
4862,2022-06-25 00:00:00.000,249,1000,finished,6,
4863,2022-06-25 00:00:00.000,2173,2515,finished,3,
4865,2022-06-25 00:00:00.000,4503,2171,finished,1,
4867,2022-06-25 00:00:00.000,1069,2052,finished,6,
4869,2022-06-25 00:00:00.000,4752,1293,finished,7,
4870,2022-06-25 00:00:00.000,685,3035,finished,1,
4872,2022-06-25 00:00:00.000,2406,1590,finished,2,
4873,2022-06-25 00:00:00.000,4150,4507,finished,6,
4874,2022-06-25 00:00:00.000,1170,2013,finished,2,
4875,2022-06-25 00:00:00.000,2181,655,finished,2,
4878,2022-06-25 00:00:00.000,2179,2612,canceled,4,
4879,2022-06-25 00:00:00.000,1170,2204,finished,2,
4880,2022-06-26 00:00:00.000,516,3387,finished,6,
4883,2022-06-26 00:00:00.000,4314,215,finished,7,
4884,2022-06-26 00:00:00.000,1462,1119,finished,2,
4890,2022-06-26 00:00:00.000,4269,2270,finished,1,
4892,2022-06-26 00:00:00.000,2562,3542,finished,4,
4893,2022-06-26 00:00:00.000,852,972,finished,6,
4895,2022-06-26 00:00:00.000,3168,2883,finished,1,
4897,2022-06-26 00:00:00.000,2622,624,finished,4,
4899,2022-06-26 00:00:00.000,2662,1497,finished,1,
4901,2022-06-26 00:00:00.000,4831,3053,finished,4,
4902,2022-06-26 00:00:00.000,1091,2762,finished,1,
4903,2022-06-26 00:00:00.000,4868,3872,finished,4,
4904,2022-06-26 00:00:00.000,494,1182,finished,6,
4905,2022-06-26 00:00:00.000,2132,72,canceled,5,
4909,2022-06-26 00:00:00.000,1484,2140,finished,1,
4910,2022-06-26 00:00:00.000,428,3054,finished,7,
4911,2022-06-26 00:00:00.000,2650,1083,finished,5,
4912,2022-06-26 00:00:00.000,4349,2997,finished,7,
4917,2022-06-26 00:00:00.000,2905,4318,finished,2,
4918,2022-06-26 00:00:00.000,2647,3923,finished,7,
4920,2022-06-26 00:00:00.000,477,932,finished,4,
4923,2022-06-27 00:00:00.000,2372,176,canceled,7,
4924,2022-06-27 00:00:00.000,4503,664,finished,1,
4926,2022-06-27 00:00:00.000,538,951,finished,1,
4928,2022-06-27 00:00:00.000,636,4853,finished,6,
4930,2022-06-27 00:00:00.000,3717,4470,finished,5,
4931,2022-06-27 00:00:00.000,1850,3298,finished,2,
4932,2022-06-27 00:00:00.000,2098,1697,finished,2,
4933,2022-06-27 00:00:00.000,3803,18,finished,5,
4935,2022-06-27 00:00:00.000,1850,1140,finished,2,
4936,2022-06-27 00:00:00.000,47,2600,canceled,5,
4939,2022-06-27 00:00:00.000,3251,4727,canceled,5,
4940,2022-06-27 00:00:00.000,4664,3921,finished,7,
4941,2022-06-27 00:00:00.000,3461,2168,finished,4,
4944,2022-06-27 00:00:00.000,2805,972,canceled,3,
4946,2022-06-27 00:00:00.000,4121,1391,finished,7,
4947,2022-06-27 00:00:00.000,4833,4626,finished,1,
4949,2022-06-27 00:00:00.000,477,718,finished,4,
4950,2022-06-27 00:00:00.000,168,4892,finished,5,
4951,2022-06-27 00:00:00.000,1457,2712,finished,2,
4956,2022-06-27 00:00:00.000,4711,186,finished,7,
4957,2022-06-27 00:00:00.000,516,1943,canceled,6,
4958,2022-06-27 00:00:00.000,1796,1071,finished,5,
4960,2022-06-27 00:00:00.000,2195,2201,finished,6,
4961,2022-06-27 00:00:00.000,3632,3968,finished,4,
4962,2022-06-27 00:00:00.000,946,4501,finished,3,
4963,2022-06-27 00:00:00.000,4095,3789,finished,4,
4964,2022-06-27 00:00:00.000,4269,790,finished,1,
4965,2022-06-27 00:00:00.000,2344,4230,finished,6,
4966,2022-06-27 00:00:00.000,1251,4133,finished,5,
4967,2022-06-27 00:00:00.000,2243,34,finished,1,
4971,2022-06-28 00:00:00.000,15,1295,finished,5,
4972,2022-06-28 00:00:00.000,901,2786,canceled,1,
4975,2022-06-28 00:00:00.000,2512,2371,canceled,7,
4976,2022-06-28 00:00:00.000,2456,4023,finished,3,
4977,2022-06-28 00:00:00.000,4854,1655,finished,6,
4978,2022-06-28 00:00:00.000,3284,3639,finished,2,
4981,2022-06-28 00:00:00.000,1250,3451,canceled,7,
4982,2022-06-28 00:00:00.000,3580,2311,finished,2,
4983,2022-06-28 00:00:00.000,2092,3528,finished,6,
4984,2022-06-28 00:00:00.000,4486,330,finished,1,
4985,2022-06-28 00:00:00.000,1124,1511,canceled,4,
4988,2022-06-28 00:00:00.000,695,4166,canceled,7,
4989,2022-06-28 00:00:00.000,845,944,finished,6,
4991,2022-06-28 00:00:00.000,4680,1134,finished,3,
4992,2022-06-28 00:00:00.000,477,163,finished,4,
4993,2022-06-28 00:00:00.000,3225,2408,finished,1,
4994,2022-06-28 00:00:00.000,1851,2290,canceled,6,
4996,2022-06-28 00:00:00.000,2887,1022,canceled,5,
4998,2022-06-28 00:00:00.000,1986,304,finished,6,
5000,2022-06-28 00:00:00.000,1366,3834,finished,3,
5001,2022-06-28 00:00:00.000,1027,149,finished,2,
5002,2022-06-28 00:00:00.000,2195,1675,finished,6,
5005,2022-06-28 00:00:00.000,4309,2565,finished,2,
5006,2022-06-28 00:00:00.000,4334,1665,finished,2,
5007,2022-06-28 00:00:00.000,4968,4179,finished,4,
5008,2022-06-28 00:00:00.000,1097,2395,finished,1,
5009,2022-06-28 00:00:00.000,1390,2669,finished,1,
5010,2022-06-28 00:00:00.000,3047,3897,finished,5,
5011,2022-06-28 00:00:00.000,1498,717,finished,4,
5013,2022-06-28 00:00:00.000,3059,2175,finished,5,
5014,2022-06-28 00:00:00.000,2123,4439,canceled,4,
5015,2022-06-28 00:00:00.000,4833,3391,finished,1,
5019,2022-06-28 00:00:00.000,1160,1479,finished,5,
5021,2022-06-29 00:00:00.000,1423,1488,finished,2,
5022,2022-06-29 00:00:00.000,997,972,finished,2,
5023,2022-06-29 00:00:00.000,3754,418,finished,1,
5024,2022-06-29 00:00:00.000,4248,252,finished,1,
5026,2022-06-29 00:00:00.000,1881,1339,finished,3,
5027,2022-06-29 00:00:00.000,3505,4178,finished,4,
5028,2022-06-29 00:00:00.000,2081,36,finished,3,
5029,2022-06-29 00:00:00.000,3941,535,finished,4,
5030,2022-06-29 00:00:00.000,4849,601,finished,3,
5031,2022-06-29 00:00:00.000,2305,3049,finished,1,
5037,2022-06-29 00:00:00.000,1688,4077,finished,1,
5038,2022-06-29 00:00:00.000,1023,3177,finished,6,
5040,2022-06-29 00:00:00.000,3383,1104,finished,3,
5041,2022-06-29 00:00:00.000,1760,1622,canceled,6,
5045,2022-06-29 00:00:00.000,660,1401,finished,1,
5050,2022-06-29 00:00:00.000,1989,426,finished,2,
5053,2022-06-29 00:00:00.000,1456,4751,canceled,1,
5054,2022-06-29 00:00:00.000,168,3285,finished,5,
5056,2022-06-29 00:00:00.000,1434,3682,finished,2,
5057,2022-06-29 00:00:00.000,180,4159,finished,2,
5058,2022-06-29 00:00:00.000,3179,4629,finished,3,
5059,2022-06-29 00:00:00.000,1532,932,finished,7,
5061,2022-06-30 00:00:00.000,4502,3626,finished,4,
5066,2022-06-30 00:00:00.000,1881,495,finished,3,
5068,2022-06-30 00:00:00.000,2636,1782,finished,1,
5069,2022-06-30 00:00:00.000,2166,687,finished,4,
5071,2022-06-30 00:00:00.000,2961,4135,finished,3,
5072,2022-06-30 00:00:00.000,977,1343,finished,5,
5073,2022-06-30 00:00:00.000,2887,4733,finished,5,
5077,2022-06-30 00:00:00.000,2283,1719,finished,4,
5080,2022-06-30 00:00:00.000,166,2159,finished,7,
5082,2022-06-30 00:00:00.000,2351,486,finished,5,
5083,2022-06-30 00:00:00.000,3400,541,finished,1,
5085,2022-06-30 00:00:00.000,1796,3698,finished,5,
5086,2022-06-30 00:00:00.000,997,1811,finished,2,
5089,2022-06-30 00:00:00.000,2400,1402,finished,1,
5091,2022-06-30 00:00:00.000,1728,1888,canceled,5,
5092,2022-06-30 00:00:00.000,4651,4956,finished,1,
5093,2022-06-30 00:00:00.000,3462,4041,finished,4,
5094,2022-06-30 00:00:00.000,210,411,finished,3,
5095,2022-06-30 00:00:00.000,854,2801,canceled,2,
5097,2022-06-30 00:00:00.000,1989,1499,canceled,2,
5098,2022-06-30 00:00:00.000,1881,1355,canceled,3,
5099,2022-06-30 00:00:00.000,4879,1353,finished,4,
5100,2022-06-30 00:00:00.000,660,4463,finished,1,
5101,2022-06-30 00:00:00.000,4486,2424,finished,1,
5102,2022-06-30 00:00:00.000,2670,2600,finished,4,
5104,2022-07-01 00:00:00.000,3713,2611,canceled,5,
5105,2022-07-01 00:00:00.000,4255,1150,finished,6,
5106,2022-07-01 00:00:00.000,3097,3300,canceled,6,
5107,2022-07-01 00:00:00.000,4471,673,canceled,4,
5109,2022-07-01 00:00:00.000,4459,3532,finished,3,
5110,2022-07-01 00:00:00.000,477,2013,canceled,4,
5111,2022-07-01 00:00:00.000,2532,2316,finished,2,
5112,2022-07-01 00:00:00.000,660,3789,canceled,1,
5113,2022-07-01 00:00:00.000,1927,4077,finished,3,
5114,2022-07-01 00:00:00.000,1688,4365,finished,1,
5117,2022-07-01 00:00:00.000,2105,1732,finished,7,
5118,2022-07-01 00:00:00.000,3883,951,finished,2,
5119,2022-07-01 00:00:00.000,3714,347,finished,7,
5121,2022-07-01 00:00:00.000,2166,4403,finished,4,
5122,2022-07-01 00:00:00.000,3869,1388,finished,7,
5123,2022-07-01 00:00:00.000,180,707,finished,2,
5126,2022-07-01 00:00:00.000,2636,2350,finished,1,
5127,2022-07-01 00:00:00.000,3123,1623,finished,5,
5130,2022-07-01 00:00:00.000,1262,4296,finished,5,
5131,2022-07-01 00:00:00.000,852,3735,finished,6,
5132,2022-07-01 00:00:00.000,1456,2799,finished,1,
5133,2022-07-01 00:00:00.000,4824,2087,finished,6,
5139,2022-07-01 00:00:00.000,3097,4330,finished,6,
5140,2022-07-01 00:00:00.000,3641,1618,canceled,7,
5141,2022-07-01 00:00:00.000,210,3093,canceled,3,
5143,2022-07-01 00:00:00.000,3047,4698,canceled,5,
5144,2022-07-01 00:00:00.000,1630,1525,finished,4,
5146,2022-07-01 00:00:00.000,4830,1782,canceled,5,
5148,2022-07-01 00:00:00.000,987,3042,finished,5,
5150,2022-07-02 00:00:00.000,1169,3018,finished,6,
5152,2022-07-02 00:00:00.000,2473,968,finished,2,
5153,2022-07-02 00:00:00.000,3059,3626,finished,5,
5154,2022-07-02 00:00:00.000,4429,1910,finished,5,
5155,2022-07-02 00:00:00.000,4611,3888,finished,6,
5157,2022-07-02 00:00:00.000,3005,4133,finished,4,
5158,2022-07-02 00:00:00.000,1927,1611,canceled,3,
5159,2022-07-02 00:00:00.000,1715,3807,finished,5,
5160,2022-07-02 00:00:00.000,4833,1166,finished,1,
5161,2022-07-02 00:00:00.000,2973,682,finished,4,
5164,2022-07-02 00:00:00.000,3580,1774,finished,2,
5165,2022-07-02 00:00:00.000,1109,2353,finished,3,
5168,2022-07-02 00:00:00.000,2344,1670,finished,6,
5170,2022-07-02 00:00:00.000,1384,3272,finished,3,
5171,2022-07-02 00:00:00.000,2181,2601,finished,2,
5174,2022-07-02 00:00:00.000,2647,3939,finished,7,
5175,2022-07-02 00:00:00.000,3279,1305,finished,6,
5176,2022-07-02 00:00:00.000,3302,970,finished,6,
5177,2022-07-02 00:00:00.000,3251,3964,finished,5,
5182,2022-07-02 00:00:00.000,2805,3528,finished,3,
5183,2022-07-02 00:00:00.000,2635,1033,finished,1,
5187,2022-07-02 00:00:00.000,314,1767,finished,7,
5188,2022-07-02 00:00:00.000,1449,397,finished,7,
5189,2022-07-02 00:00:00.000,3835,397,finished,2,
5190,2022-07-02 00:00:00.000,2562,4476,finished,4,
5191,2022-07-02 00:00:00.000,2392,1706,canceled,6,
5195,2022-07-03 00:00:00.000,4831,4335,finished,4,
5201,2022-07-03 00:00:00.000,328,680,finished,7,
5202,2022-07-03 00:00:00.000,3580,791,finished,2,
5204,2022-07-03 00:00:00.000,1475,1439,finished,2,
5205,2022-07-03 00:00:00.000,2043,4705,finished,5,
5206,2022-07-03 00:00:00.000,997,2799,finished,2,
5210,2022-07-03 00:00:00.000,1291,3650,finished,2,
5211,2022-07-03 00:00:00.000,2842,2082,finished,2,
5213,2022-07-03 00:00:00.000,1754,2055,finished,1,
5217,2022-07-03 00:00:00.000,3487,3078,finished,5,
5218,2022-07-03 00:00:00.000,2137,3414,finished,2,
5219,2022-07-03 00:00:00.000,4852,4366,finished,5,
5220,2022-07-03 00:00:00.000,1712,2309,finished,3,
5221,2022-07-03 00:00:00.000,606,1468,finished,1,
5222,2022-07-03 00:00:00.000,170,2871,finished,3,
5224,2022-07-03 00:00:00.000,4502,2508,finished,4,
5225,2022-07-03 00:00:00.000,4662,1112,finished,5,
5227,2022-07-03 00:00:00.000,3828,1626,finished,5,
5228,2022-07-03 00:00:00.000,2485,2503,finished,1,
5231,2022-07-03 00:00:00.000,4001,1512,finished,6,
5232,2022-07-03 00:00:00.000,2453,1536,finished,2,
5233,2022-07-03 00:00:00.000,830,1055,finished,7,
5235,2022-07-03 00:00:00.000,4314,2742,finished,7,
5236,2022-07-03 00:00:00.000,1124,626,finished,4,
5237,2022-07-03 00:00:00.000,4732,383,canceled,3,
5238,2022-07-03 00:00:00.000,636,896,canceled,6,
5241,2022-07-04 00:00:00.000,1251,4475,finished,5,
5242,2022-07-04 00:00:00.000,1234,1512,finished,6,
5243,2022-07-04 00:00:00.000,3045,2723,finished,7,
5244,2022-07-04 00:00:00.000,1228,4937,finished,7,
5246,2022-07-04 00:00:00.000,2098,2868,finished,2,
5247,2022-07-04 00:00:00.000,1069,3273,finished,6,
5249,2022-07-04 00:00:00.000,4910,860,finished,7,
5250,2022-07-04 00:00:00.000,3005,3282,finished,4,
5251,2022-07-04 00:00:00.000,3421,626,finished,3,
5252,2022-07-04 00:00:00.000,3803,4257,finished,5,
5255,2022-07-04 00:00:00.000,3800,2860,finished,7,
5256,2022-07-04 00:00:00.000,1190,1489,finished,5,
5259,2022-07-04 00:00:00.000,1986,4175,canceled,6,
5262,2022-07-04 00:00:00.000,895,4825,finished,1,
5264,2022-07-04 00:00:00.000,4647,3994,finished,1,
5265,2022-07-04 00:00:00.000,2001,689,canceled,1,
5268,2022-07-04 00:00:00.000,1262,2270,canceled,5,
5269,2022-07-04 00:00:00.000,1475,4717,canceled,2,
5273,2022-07-04 00:00:00.000,3045,4959,finished,7,
5276,2022-07-04 00:00:00.000,4673,3665,finished,1,
5279,2022-07-04 00:00:00.000,4612,3606,finished,1,
5280,2022-07-04 00:00:00.000,3717,1863,finished,5,
5281,2022-07-04 00:00:00.000,4541,4166,finished,2,
5282,2022-07-04 00:00:00.000,1332,361,finished,5,
5284,2022-07-04 00:00:00.000,2473,2028,canceled,2,
5285,2022-07-04 00:00:00.000,1817,2022,finished,7,
5286,2022-07-04 00:00:00.000,4835,2153,finished,1,
5287,2022-07-04 00:00:00.000,4868,2723,canceled,4,
5288,2022-07-05 00:00:00.000,244,161,finished,7,
5289,2022-07-05 00:00:00.000,1509,3266,canceled,4,
5290,2022-07-05 00:00:00.000,2555,4287,finished,4,
5292,2022-07-05 00:00:00.000,4608,1006,finished,1,
5294,2022-07-05 00:00:00.000,3060,63,canceled,6,
5295,2022-07-05 00:00:00.000,1236,1520,finished,4,
5296,2022-07-05 00:00:00.000,852,1940,finished,6,
5297,2022-07-05 00:00:00.000,2920,620,finished,4,
5298,2022-07-05 00:00:00.000,338,2099,finished,4,
5302,2022-07-05 00:00:00.000,2641,3384,finished,3,
5305,2022-07-05 00:00:00.000,4001,1254,finished,6,
5306,2022-07-05 00:00:00.000,1347,1144,finished,1,
5307,2022-07-05 00:00:00.000,4838,647,finished,2,
5308,2022-07-05 00:00:00.000,3934,4401,finished,7,
5310,2022-07-05 00:00:00.000,1955,2764,finished,5,
5311,2022-07-05 00:00:00.000,3958,2799,finished,1,
5314,2022-07-05 00:00:00.000,1261,3698,canceled,3,
5315,2022-07-05 00:00:00.000,3407,1006,finished,6,
5316,2022-07-05 00:00:00.000,4731,4645,canceled,2,
5317,2022-07-05 00:00:00.000,455,2642,finished,7,
5318,2022-07-05 00:00:00.000,946,4031,finished,3,
5319,2022-07-05 00:00:00.000,1937,1655,canceled,4,
5320,2022-07-05 00:00:00.000,4452,2951,finished,3,
5322,2022-07-05 00:00:00.000,1279,1670,finished,5,
5323,2022-07-05 00:00:00.000,636,3298,canceled,6,
5328,2022-07-05 00:00:00.000,2961,4792,finished,3,
5329,2022-07-05 00:00:00.000,4915,2841,finished,7,
5330,2022-07-05 00:00:00.000,4608,1512,canceled,1,
5331,2022-07-05 00:00:00.000,4693,2298,canceled,6,
5332,2022-07-05 00:00:00.000,1817,63,finished,7,
5334,2022-07-06 00:00:00.000,3576,539,finished,5,
5337,2022-07-06 00:00:00.000,754,1035,finished,6,
5338,2022-07-06 00:00:00.000,338,3697,finished,4,
5339,2022-07-06 00:00:00.000,3102,2187,finished,5,
5340,2022-07-06 00:00:00.000,516,2371,finished,6,
5343,2022-07-06 00:00:00.000,1248,1931,finished,4,
5347,2022-07-06 00:00:00.000,162,3387,canceled,2,
5349,2022-07-06 00:00:00.000,504,4464,finished,2,
5351,2022-07-06 00:00:00.000,1248,3414,finished,4,
5352,2022-07-06 00:00:00.000,3911,3796,finished,5,
5353,2022-07-06 00:00:00.000,3227,3065,finished,6,
5354,2022-07-06 00:00:00.000,1688,1502,finished,1,
5355,2022-07-06 00:00:00.000,4459,941,finished,3,
5356,2022-07-06 00:00:00.000,3350,3036,finished,3,
5357,2022-07-06 00:00:00.000,3088,1915,finished,2,
5358,2022-07-06 00:00:00.000,4807,2020,finished,4,
5359,2022-07-06 00:00:00.000,613,1138,canceled,3,
5360,2022-07-06 00:00:00.000,3407,1772,finished,6,
5363,2022-07-06 00:00:00.000,1366,2552,finished,3,
5365,2022-07-06 00:00:00.000,1532,4708,finished,7,
5366,2022-07-06 00:00:00.000,3045,3093,finished,7,
5369,2022-07-06 00:00:00.000,4647,4744,finished,1,
5370,2022-07-06 00:00:00.000,4585,2316,finished,7,
5371,2022-07-06 00:00:00.000,2596,3167,finished,1,
5373,2022-07-06 00:00:00.000,4219,308,finished,6,
5374,2022-07-06 00:00:00.000,3858,1424,finished,4,
5375,2022-07-06 00:00:00.000,3505,2976,finished,4,
5376,2022-07-06 00:00:00.000,1160,3300,finished,5,
5377,2022-07-06 00:00:00.000,136,2145,finished,1,
5379,2022-07-06 00:00:00.000,3686,4438,finished,2,
5380,2022-07-06 00:00:00.000,4349,1784,finished,7,
5381,2022-07-07 00:00:00.000,1760,958,finished,6,
5382,2022-07-07 00:00:00.000,4681,3151,finished,3,
5383,2022-07-07 00:00:00.000,4714,18,finished,5,
5384,2022-07-07 00:00:00.000,901,1304,finished,1,
5387,2022-07-07 00:00:00.000,774,676,finished,7,
5388,2022-07-07 00:00:00.000,1768,594,finished,4,
5389,2022-07-07 00:00:00.000,1937,4257,finished,4,
5390,2022-07-07 00:00:00.000,1776,1710,finished,7,
5391,2022-07-07 00:00:00.000,4444,2153,canceled,1,
5394,2022-07-07 00:00:00.000,895,4439,finished,1,
5395,2022-07-07 00:00:00.000,477,2085,canceled,4,
5397,2022-07-07 00:00:00.000,3632,1445,finished,4,
5401,2022-07-07 00:00:00.000,3396,1388,finished,1,
5402,2022-07-07 00:00:00.000,410,3376,canceled,5,
5404,2022-07-07 00:00:00.000,685,990,finished,1,
5406,2022-07-07 00:00:00.000,314,947,finished,7,
5408,2022-07-07 00:00:00.000,3462,2923,finished,4,
5409,2022-07-07 00:00:00.000,3127,2853,finished,1,
5410,2022-07-07 00:00:00.000,1398,4057,finished,7,
5414,2022-07-07 00:00:00.000,3031,3896,finished,6,
5415,2022-07-07 00:00:00.000,56,4726,finished,7,
5416,2022-07-07 00:00:00.000,598,1445,finished,5,
5420,2022-07-07 00:00:00.000,210,687,canceled,3,
5421,2022-07-07 00:00:00.000,2805,3751,canceled,3,
5423,2022-07-07 00:00:00.000,4001,4335,finished,6,
5426,2022-07-07 00:00:00.000,2795,4496,canceled,5,
5427,2022-07-07 00:00:00.000,852,3897,finished,6,
5428,2022-07-07 00:00:00.000,895,4357,canceled,1,
5429,2022-07-08 00:00:00.000,4143,48,finished,6,
5430,2022-07-08 00:00:00.000,2463,4899,canceled,7,
5431,2022-07-08 00:00:00.000,2137,4129,finished,2,
5432,2022-07-08 00:00:00.000,4486,3705,finished,1,
5433,2022-07-08 00:00:00.000,3059,427,canceled,5,
5435,2022-07-08 00:00:00.000,16,369,canceled,6,
5436,2022-07-08 00:00:00.000,660,2345,finished,1,
5437,2022-07-08 00:00:00.000,136,1756,canceled,1,
5438,2022-07-08 00:00:00.000,4680,3994,finished,3,
5439,2022-07-08 00:00:00.000,3228,944,finished,1,
5440,2022-07-08 00:00:00.000,4752,2027,finished,7,
5441,2022-07-08 00:00:00.000,4212,4347,finished,3,
5442,2022-07-08 00:00:00.000,3713,1714,canceled,5,
5443,2022-07-08 00:00:00.000,129,1581,finished,3,
5445,2022-07-08 00:00:00.000,3734,1158,finished,2,
5447,2022-07-08 00:00:00.000,1937,1904,canceled,4,
5448,2022-07-08 00:00:00.000,2194,3811,canceled,5,
5450,2022-07-08 00:00:00.000,4565,4057,finished,7,
5452,2022-07-08 00:00:00.000,3225,4286,finished,1,
5453,2022-07-08 00:00:00.000,2243,4442,finished,1,
5454,2022-07-08 00:00:00.000,3800,404,finished,7,
5457,2022-07-08 00:00:00.000,2269,3335,finished,3,
5460,2022-07-08 00:00:00.000,538,60,finished,1,
5462,2022-07-08 00:00:00.000,1113,489,finished,6,
5463,2022-07-08 00:00:00.000,2654,2309,finished,1,
5464,2022-07-08 00:00:00.000,1314,4423,finished,4,
5465,2022-07-08 00:00:00.000,606,2306,finished,1,
5468,2022-07-08 00:00:00.000,4309,2120,finished,2,
5469,2022-07-08 00:00:00.000,494,4125,canceled,6,
5472,2022-07-08 00:00:00.000,2011,1387,canceled,3,
5473,2022-07-08 00:00:00.000,200,3526,finished,7,
5476,2022-07-08 00:00:00.000,1250,1245,finished,7,
5477,2022-07-08 00:00:00.000,2639,4610,finished,7,
5478,2022-07-08 00:00:00.000,1393,971,finished,7,
5480,2022-07-08 00:00:00.000,3989,1315,finished,1,
5482,2022-07-08 00:00:00.000,3493,2712,finished,3,
5484,2022-07-08 00:00:00.000,2555,911,finished,4,
5487,2022-07-09 00:00:00.000,4138,4561,canceled,5,
5490,2022-07-09 00:00:00.000,3641,891,finished,7,
5491,2022-07-09 00:00:00.000,2961,1157,finished,3,
5492,2022-07-09 00:00:00.000,2591,2718,finished,4,
5493,2022-07-09 00:00:00.000,852,1455,finished,6,
5494,2022-07-09 00:00:00.000,235,223,finished,2,
5497,2022-07-09 00:00:00.000,1474,3340,canceled,7,
5498,2022-07-09 00:00:00.000,516,4033,finished,6,
5500,2022-07-09 00:00:00.000,1393,3987,finished,7,
5504,2022-07-09 00:00:00.000,3547,3093,canceled,4,
5506,2022-07-09 00:00:00.000,2654,1495,finished,1,
5509,2022-07-09 00:00:00.000,2480,2726,finished,1,
5510,2022-07-09 00:00:00.000,1728,414,canceled,5,
5512,2022-07-09 00:00:00.000,2392,309,finished,6,
5513,2022-07-09 00:00:00.000,1754,2223,finished,1,
5514,2022-07-09 00:00:00.000,3465,647,finished,6,
5515,2022-07-09 00:00:00.000,4612,1304,finished,1,
5518,2022-07-09 00:00:00.000,2888,2602,finished,4,
5520,2022-07-09 00:00:00.000,1986,716,canceled,6,
5521,2022-07-09 00:00:00.000,2733,1301,finished,5,
5522,2022-07-09 00:00:00.000,4796,3473,finished,3,
5523,2022-07-09 00:00:00.000,3279,404,finished,6,
5524,2022-07-09 00:00:00.000,3641,4698,finished,7,
5525,2022-07-09 00:00:00.000,508,3131,finished,2,
5527,2022-07-09 00:00:00.000,2961,2720,finished,3,
5528,2022-07-09 00:00:00.000,4005,1310,finished,7,
5530,2022-07-09 00:00:00.000,1792,2736,finished,6,
5532,2022-07-10 00:00:00.000,1796,1499,finished,5,
5533,2022-07-10 00:00:00.000,3421,2951,finished,3,
5534,2022-07-10 00:00:00.000,1469,1741,finished,2,
5535,2022-07-10 00:00:00.000,2005,1655,canceled,7,
5536,2022-07-10 00:00:00.000,3415,3562,finished,4,
5539,2022-07-10 00:00:00.000,2591,982,finished,4,
5540,2022-07-10 00:00:00.000,1927,4287,finished,3,
5541,2022-07-10 00:00:00.000,328,1839,finished,7,
5542,2022-07-10 00:00:00.000,2174,3381,finished,6,
5543,2022-07-10 00:00:00.000,3717,2046,finished,5,
5547,2022-07-10 00:00:00.000,2506,436,finished,5,
5548,2022-07-10 00:00:00.000,2969,4373,finished,4,
5549,2022-07-10 00:00:00.000,1160,2362,canceled,5,
5550,2022-07-10 00:00:00.000,4625,4305,finished,2,
5551,2022-07-10 00:00:00.000,1027,1500,finished,2,
5552,2022-07-10 00:00:00.000,3477,2801,finished,6,
5553,2022-07-10 00:00:00.000,355,1338,finished,1,
5554,2022-07-10 00:00:00.000,2377,4744,finished,7,
5555,2022-07-10 00:00:00.000,4003,3555,finished,7,
5562,2022-07-10 00:00:00.000,4452,316,finished,3,
5565,2022-07-10 00:00:00.000,3274,719,canceled,6,
5566,2022-07-10 00:00:00.000,1097,3877,finished,1,
5569,2022-07-10 00:00:00.000,4334,3939,finished,2,
5571,2022-07-10 00:00:00.000,1390,951,finished,1,
5572,2022-07-10 00:00:00.000,4546,4421,finished,6,
5574,2022-07-10 00:00:00.000,516,309,finished,6,
5575,2022-07-10 00:00:00.000,1932,3258,finished,3,
5576,2022-07-10 00:00:00.000,3363,1547,finished,1,
5577,2022-07-10 00:00:00.000,4122,4543,finished,5,
5578,2022-07-10 00:00:00.000,338,1535,finished,4,
5579,2022-07-10 00:00:00.000,4314,1909,finished,7,
5581,2022-07-10 00:00:00.000,3257,1312,finished,5,
5582,2022-07-10 00:00:00.000,428,1805,finished,7,
5585,2022-07-10 00:00:00.000,4753,1620,finished,1,
5586,2022-07-10 00:00:00.000,3228,3311,finished,1,
5588,2022-07-11 00:00:00.000,2555,316,finished,4,
5590,2022-07-11 00:00:00.000,3800,3650,finished,7,
5592,2022-07-11 00:00:00.000,4278,4440,finished,7,
5593,2022-07-11 00:00:00.000,2639,3403,canceled,7,
5594,2022-07-11 00:00:00.000,3287,3014,canceled,6,
5595,2022-07-11 00:00:00.000,3251,1940,finished,5,
5597,2022-07-11 00:00:00.000,2605,3003,finished,5,
5598,2022-07-11 00:00:00.000,2647,2883,finished,7,
5599,2022-07-11 00:00:00.000,2551,3445,finished,5,
5601,2022-07-11 00:00:00.000,3759,951,finished,4,
5602,2022-07-11 00:00:00.000,3717,1245,finished,5,
5603,2022-07-11 00:00:00.000,3462,2154,finished,4,
5605,2022-07-11 00:00:00.000,1760,3426,finished,6,
5607,2022-07-11 00:00:00.000,1533,872,canceled,6,
5608,2022-07-11 00:00:00.000,4452,1295,finished,3,
5609,2022-07-11 00:00:00.000,1881,4757,canceled,3,
5611,2022-07-11 00:00:00.000,2887,4501,finished,5,
5612,2022-07-11 00:00:00.000,987,1564,finished,5,
5613,2022-07-11 00:00:00.000,180,3300,finished,2,
5614,2022-07-11 00:00:00.000,3820,4616,finished,5,
5617,2022-07-11 00:00:00.000,1279,4964,finished,5,
5618,2022-07-11 00:00:00.000,42,789,finished,2,
5620,2022-07-11 00:00:00.000,4320,2853,finished,7,
5621,2022-07-11 00:00:00.000,4662,3917,finished,5,
5622,2022-07-11 00:00:00.000,1796,4007,finished,5,
5623,2022-07-11 00:00:00.000,4693,672,finished,6,
5624,2022-07-11 00:00:00.000,3088,4903,finished,2,
5625,2022-07-11 00:00:00.000,1654,2467,finished,5,
5627,2022-07-11 00:00:00.000,802,2405,finished,1,
5628,2022-07-12 00:00:00.000,1250,2404,finished,7,
5629,2022-07-12 00:00:00.000,1241,3499,finished,6,
5630,2022-07-12 00:00:00.000,2001,1369,finished,1,
5631,2022-07-12 00:00:00.000,2265,1354,finished,2,
5632,2022-07-12 00:00:00.000,516,4074,finished,6,
5633,2022-07-12 00:00:00.000,129,1620,finished,3,
5634,2022-07-12 00:00:00.000,4612,1100,finished,1,
5635,2022-07-12 00:00:00.000,3228,3528,canceled,1,
5636,2022-07-12 00:00:00.000,3724,1166,canceled,1,
5639,2022-07-12 00:00:00.000,428,2068,finished,7,
5640,2022-07-12 00:00:00.000,4541,3896,finished,2,
5641,2022-07-12 00:00:00.000,1347,3562,finished,1,
5646,2022-07-12 00:00:00.000,1228,3340,finished,7,
5647,2022-07-12 00:00:00.000,2001,4652,finished,1,
5649,2022-07-12 00:00:00.000,325,163,finished,5,
5650,2022-07-12 00:00:00.000,518,2429,finished,6,
5653,2022-07-12 00:00:00.000,1390,1676,finished,1,
5655,2022-07-12 00:00:00.000,2888,4927,finished,4,
5656,2022-07-12 00:00:00.000,482,1182,finished,3,
5658,2022-07-12 00:00:00.000,4334,734,finished,2,
5659,2022-07-12 00:00:00.000,2406,4125,finished,2,
5661,2022-07-12 00:00:00.000,4565,4645,finished,7,
5663,2022-07-12 00:00:00.000,3257,585,finished,5,
5665,2022-07-12 00:00:00.000,4349,3603,finished,7,
5668,2022-07-12 00:00:00.000,371,2666,finished,5,
5669,2022-07-12 00:00:00.000,1328,4312,canceled,4,
5673,2022-07-12 00:00:00.000,1856,194,finished,1,
5675,2022-07-12 00:00:00.000,1927,3065,finished,3,
5676,2022-07-12 00:00:00.000,1754,186,finished,1,
5677,2022-07-12 00:00:00.000,1806,2723,finished,2,
5679,2022-07-13 00:00:00.000,3580,2286,finished,2,
5680,2022-07-13 00:00:00.000,4608,71,finished,1,
5681,2022-07-13 00:00:00.000,2888,2602,finished,4,
5682,2022-07-13 00:00:00.000,3225,1187,finished,1,
5684,2022-07-13 00:00:00.000,1172,1116,finished,7,
5686,2022-07-13 00:00:00.000,3547,397,finished,4,
5687,2022-07-13 00:00:00.000,4278,4531,finished,7,
5688,2022-07-13 00:00:00.000,4612,4185,canceled,1,
5691,2022-07-13 00:00:00.000,3097,3676,finished,6,
5692,2022-07-13 00:00:00.000,2512,3764,canceled,7,
5694,2022-07-13 00:00:00.000,1890,605,finished,5,
5696,2022-07-13 00:00:00.000,3971,1522,finished,7,
5697,2022-07-13 00:00:00.000,955,1508,finished,4,
5698,2022-07-13 00:00:00.000,4269,1536,canceled,1,
5701,2022-07-13 00:00:00.000,3102,1847,finished,5,
5702,2022-07-13 00:00:00.000,2733,938,finished,5,
5707,2022-07-13 00:00:00.000,3179,1739,finished,3,
5711,2022-07-13 00:00:00.000,1091,3606,finished,1,
5714,2022-07-13 00:00:00.000,1197,2086,canceled,3,
5716,2022-07-13 00:00:00.000,3031,1350,finished,6,
5717,2022-07-13 00:00:00.000,1796,308,canceled,5,
5718,2022-07-13 00:00:00.000,2650,313,finished,5,
5720,2022-07-13 00:00:00.000,901,938,finished,1,
5722,2022-07-13 00:00:00.000,4541,3718,finished,2,
5723,2022-07-13 00:00:00.000,1241,489,finished,6,
5725,2022-07-14 00:00:00.000,890,4616,finished,6,
5726,2022-07-14 00:00:00.000,4693,1765,finished,6,
5727,2022-07-14 00:00:00.000,4914,2311,finished,1,
5729,2022-07-14 00:00:00.000,3989,4184,canceled,1,
5730,2022-07-14 00:00:00.000,4108,2753,finished,7,
5732,2022-07-14 00:00:00.000,2635,4013,finished,1,
5733,2022-07-14 00:00:00.000,221,204,finished,1,
5735,2022-07-14 00:00:00.000,1715,2201,finished,5,
5736,2022-07-14 00:00:00.000,685,172,finished,1,
5737,2022-07-14 00:00:00.000,3038,631,finished,1,
5738,2022-07-14 00:00:00.000,3045,4591,finished,7,
5739,2022-07-14 00:00:00.000,2092,97,canceled,6,
5742,2022-07-14 00:00:00.000,4920,4964,finished,1,
5743,2022-07-14 00:00:00.000,1927,4946,finished,3,
5745,2022-07-14 00:00:00.000,2699,247,finished,1,
5746,2022-07-14 00:00:00.000,2392,932,finished,6,
5748,2022-07-14 00:00:00.000,4101,4157,finished,1,
5751,2022-07-14 00:00:00.000,4309,4464,finished,2,
5752,2022-07-14 00:00:00.000,3477,4645,finished,6,
5753,2022-07-14 00:00:00.000,3108,1138,finished,5,
5755,2022-07-14 00:00:00.000,4831,1732,finished,4,
5756,2022-07-14 00:00:00.000,4585,4737,finished,7,
5758,2022-07-14 00:00:00.000,3576,765,finished,5,
5759,2022-07-14 00:00:00.000,2933,2936,finished,2,
5760,2022-07-14 00:00:00.000,4654,1512,finished,6,
5761,2022-07-14 00:00:00.000,2534,284,finished,2,
5762,2022-07-14 00:00:00.000,1593,4935,finished,3,
5763,2022-07-14 00:00:00.000,1545,4117,finished,7,
5764,2022-07-14 00:00:00.000,1037,930,finished,2,
5765,2022-07-14 00:00:00.000,4412,252,finished,3,
5766,2022-07-14 00:00:00.000,2088,3171,finished,2,
5768,2022-07-14 00:00:00.000,410,1904,finished,5,
5770,2022-07-14 00:00:00.000,3261,3200,finished,1,
5772,2022-07-14 00:00:00.000,1398,81,finished,7,
5775,2022-07-15 00:00:00.000,328,559,finished,7,
5776,2022-07-15 00:00:00.000,2177,4157,finished,1,
5777,2022-07-15 00:00:00.000,2605,2498,finished,5,
5778,2022-07-15 00:00:00.000,1091,4686,canceled,1,
5779,2022-07-15 00:00:00.000,4541,4087,finished,2,
5781,2022-07-15 00:00:00.000,1132,2054,finished,6,
5782,2022-07-15 00:00:00.000,1258,2327,canceled,7,
5784,2022-07-15 00:00:00.000,4863,1343,finished,6,
5786,2022-07-15 00:00:00.000,3632,4368,finished,4,
5789,2022-07-15 00:00:00.000,2556,3973,canceled,6,
5792,2022-07-15 00:00:00.000,4852,79,finished,5,
5794,2022-07-15 00:00:00.000,1258,3687,finished,7,
5799,2022-07-15 00:00:00.000,566,2104,finished,4,
5800,2022-07-15 00:00:00.000,2243,2390,finished,1,
5802,2022-07-15 00:00:00.000,4680,1701,finished,3,
5803,2022-07-15 00:00:00.000,1456,2948,finished,1,
5806,2022-07-15 00:00:00.000,4565,672,finished,7,
5809,2022-07-15 00:00:00.000,1423,1665,canceled,2,
5810,2022-07-15 00:00:00.000,3425,737,canceled,7,
5811,2022-07-15 00:00:00.000,4807,3058,finished,4,
5812,2022-07-15 00:00:00.000,3060,3008,canceled,6,
5814,2022-07-15 00:00:00.000,4103,3658,finished,6,
5817,2022-07-15 00:00:00.000,47,3431,canceled,5,
5818,2022-07-15 00:00:00.000,2836,4737,finished,5,
5819,2022-07-15 00:00:00.000,1937,1418,canceled,4,
5820,2022-07-15 00:00:00.000,2803,2625,finished,3,
5821,2022-07-15 00:00:00.000,4314,1732,finished,7,
5824,2022-07-16 00:00:00.000,4122,2799,finished,5,
5827,2022-07-16 00:00:00.000,2663,4476,finished,4,
5828,2022-07-16 00:00:00.000,2892,3344,finished,7,
5830,2022-07-16 00:00:00.000,3186,3334,finished,1,
5832,2022-07-16 00:00:00.000,3880,3879,finished,4,
5833,2022-07-16 00:00:00.000,1760,1338,finished,6,
5835,2022-07-16 00:00:00.000,1937,3453,finished,4,
5836,2022-07-16 00:00:00.000,279,2236,finished,4,
5837,2022-07-16 00:00:00.000,3461,4531,finished,4,
5840,2022-07-16 00:00:00.000,4278,1088,finished,7,
5841,2022-07-16 00:00:00.000,4923,3589,canceled,5,
5843,2022-07-16 00:00:00.000,1890,1315,finished,5,
5844,2022-07-16 00:00:00.000,3251,4537,finished,5,
5845,2022-07-16 00:00:00.000,3989,4298,finished,1,
5846,2022-07-16 00:00:00.000,2641,1125,finished,3,
5847,2022-07-16 00:00:00.000,3179,3353,finished,3,
5848,2022-07-16 00:00:00.000,560,436,finished,6,
5850,2022-07-16 00:00:00.000,987,444,canceled,5,
5851,2022-07-16 00:00:00.000,2262,777,finished,3,
5852,2022-07-16 00:00:00.000,4164,4591,finished,7,
5853,2022-07-16 00:00:00.000,1279,1150,finished,5,
5854,2022-07-16 00:00:00.000,3279,394,finished,6,
5857,2022-07-16 00:00:00.000,2453,1819,finished,2,
5859,2022-07-16 00:00:00.000,328,3740,finished,7,
5862,2022-07-16 00:00:00.000,895,3058,canceled,1,
5863,2022-07-16 00:00:00.000,1069,832,finished,6,
5864,2022-07-16 00:00:00.000,566,3818,finished,4,
5865,2022-07-16 00:00:00.000,2400,2582,canceled,1,
5868,2022-07-16 00:00:00.000,4452,1458,finished,3,
5869,2022-07-17 00:00:00.000,465,1764,finished,6,
5870,2022-07-17 00:00:00.000,2635,2316,canceled,1,
5872,2022-07-17 00:00:00.000,901,4057,finished,1,
5874,2022-07-17 00:00:00.000,3594,2435,finished,7,
5877,2022-07-17 00:00:00.000,830,4440,canceled,7,
5879,2022-07-17 00:00:00.000,1932,2868,finished,3,
5881,2022-07-17 00:00:00.000,3115,1212,canceled,2,
5884,2022-07-17 00:00:00.000,2733,74,canceled,5,
5886,2022-07-17 00:00:00.000,1189,2587,finished,4,
5887,2022-07-17 00:00:00.000,2472,2350,canceled,4,
5890,2022-07-17 00:00:00.000,3493,2390,finished,3,
5891,2022-07-17 00:00:00.000,4314,4718,finished,7,
5894,2022-07-17 00:00:00.000,2556,687,canceled,6,
5896,2022-07-17 00:00:00.000,4249,544,finished,7,
5898,2022-07-17 00:00:00.000,3972,2519,finished,5,
5900,2022-07-17 00:00:00.000,3461,1499,finished,4,
5901,2022-07-17 00:00:00.000,3274,1020,finished,6,
5902,2022-07-17 00:00:00.000,2663,1549,finished,4,
5903,2022-07-17 00:00:00.000,2687,360,finished,3,
5904,2022-07-17 00:00:00.000,279,342,finished,4,
5905,2022-07-17 00:00:00.000,3088,1024,finished,2,
5906,2022-07-17 00:00:00.000,179,1998,finished,6,
5910,2022-07-17 00:00:00.000,3958,766,canceled,1,
5911,2022-07-17 00:00:00.000,2480,1623,finished,1,
5912,2022-07-17 00:00:00.000,1037,2046,finished,2,
5913,2022-07-17 00:00:00.000,1233,2951,canceled,3,
5914,2022-07-17 00:00:00.000,410,4352,canceled,5,
5916,2022-07-17 00:00:00.000,3059,3626,finished,5,
5922,2022-07-18 00:00:00.000,494,4177,finished,6,
5923,2022-07-18 00:00:00.000,977,4092,finished,5,
5924,2022-07-18 00:00:00.000,4314,968,finished,7,
5925,2022-07-18 00:00:00.000,4122,4331,finished,5,
5926,2022-07-18 00:00:00.000,1393,4479,finished,7,
5927,2022-07-18 00:00:00.000,1266,4400,finished,3,
5928,2022-07-18 00:00:00.000,4138,4365,finished,5,
5929,2022-07-18 00:00:00.000,279,3924,finished,4,
5930,2022-07-18 00:00:00.000,560,2751,finished,6,
5937,2022-07-18 00:00:00.000,1366,283,finished,3,
5938,2022-07-18 00:00:00.000,4189,3199,finished,2,
5941,2022-07-18 00:00:00.000,4976,486,finished,2,
5943,2022-07-18 00:00:00.000,1851,4870,finished,6,
5944,2022-07-18 00:00:00.000,1526,3555,canceled,5,
5945,2022-07-18 00:00:00.000,4831,3266,finished,4,
5947,2022-07-18 00:00:00.000,685,2152,finished,1,
5948,2022-07-18 00:00:00.000,4612,4510,canceled,1,
5949,2022-07-18 00:00:00.000,203,1848,finished,5,
5950,2022-07-18 00:00:00.000,2562,2355,finished,4,
5951,2022-07-18 00:00:00.000,3989,922,finished,1,
5954,2022-07-18 00:00:00.000,645,3741,finished,2,
5955,2022-07-18 00:00:00.000,2488,3818,finished,7,
5956,2022-07-18 00:00:00.000,4777,1512,canceled,4,
5957,2022-07-18 00:00:00.000,1881,2851,finished,3,
5958,2022-07-19 00:00:00.000,1881,717,finished,3,
5959,2022-07-19 00:00:00.000,3097,4899,finished,6,
5961,2022-07-19 00:00:00.000,482,1685,canceled,3,
5964,2022-07-19 00:00:00.000,997,3376,finished,2,
5966,2022-07-19 00:00:00.000,4739,926,finished,1,
5967,2022-07-19 00:00:00.000,3911,3098,canceled,5,
5970,2022-07-19 00:00:00.000,3934,232,canceled,7,
5971,2022-07-19 00:00:00.000,504,411,finished,2,
5973,2022-07-19 00:00:00.000,1390,2508,finished,1,
5976,2022-07-19 00:00:00.000,2506,4182,finished,5,
5977,2022-07-19 00:00:00.000,1332,1229,finished,5,
5978,2022-07-19 00:00:00.000,660,291,canceled,1,
5980,2022-07-19 00:00:00.000,4103,2711,canceled,6,
5982,2022-07-19 00:00:00.000,4452,4432,finished,3,
5984,2022-07-19 00:00:00.000,4412,3006,canceled,3,
5987,2022-07-19 00:00:00.000,890,4237,finished,6,
5988,2022-07-19 00:00:00.000,912,951,finished,5,
5989,2022-07-19 00:00:00.000,26,1980,finished,7,
5990,2022-07-19 00:00:00.000,4219,2246,finished,6,
5991,2022-07-19 00:00:00.000,3025,1665,finished,1,
5992,2022-07-19 00:00:00.000,4976,1350,finished,2,
5993,2022-07-19 00:00:00.000,4611,1096,canceled,6,
5994,2022-07-19 00:00:00.000,1189,3766,finished,4,
5996,2022-07-19 00:00:00.000,482,4846,finished,3,
5997,2022-07-19 00:00:00.000,560,654,finished,6,
5998,2022-07-19 00:00:00.000,2132,509,finished,5,
6000,2022-07-19 00:00:00.000,1688,3018,finished,1,
6002,2022-07-19 00:00:00.000,603,213,finished,3,
6004,2022-07-19 00:00:00.000,2995,4380,canceled,1,
6005,2022-07-19 00:00:00.000,4541,3446,finished,2,
6007,2022-07-19 00:00:00.000,3274,2704,finished,6,
6009,2022-07-19 00:00:00.000,2551,342,finished,5,
6012,2022-07-19 00:00:00.000,2472,1829,finished,4,
6013,2022-07-19 00:00:00.000,987,4407,canceled,5,
6018,2022-07-19 00:00:00.000,1776,3445,finished,7,
6020,2022-07-19 00:00:00.000,166,2780,finished,7,
6023,2022-07-19 00:00:00.000,271,4266,finished,5,
6024,2022-07-19 00:00:00.000,890,3964,finished,6,
6027,2022-07-20 00:00:00.000,229,4755,finished,3,
6028,2022-07-20 00:00:00.000,4611,2809,finished,6,
6029,2022-07-20 00:00:00.000,3029,1387,finished,5,
6030,2022-07-20 00:00:00.000,4896,4096,finished,6,
6031,2022-07-20 00:00:00.000,4530,1863,finished,3,
6033,2022-07-20 00:00:00.000,423,2082,finished,1,
6035,2022-07-20 00:00:00.000,4753,2187,canceled,1,
6038,2022-07-20 00:00:00.000,4234,4686,finished,1,
6039,2022-07-20 00:00:00.000,4910,4508,finished,7,
6042,2022-07-20 00:00:00.000,2001,1204,finished,1,
6043,2022-07-20 00:00:00.000,513,1330,finished,1,
6045,2022-07-20 00:00:00.000,162,1455,finished,2,
6046,2022-07-20 00:00:00.000,2001,4087,finished,1,
6051,2022-07-20 00:00:00.000,4608,343,finished,1,
6053,2022-07-20 00:00:00.000,2934,3998,finished,6,
6054,2022-07-20 00:00:00.000,4693,36,finished,6,
6056,2022-07-20 00:00:00.000,613,4391,finished,3,
6057,2022-07-20 00:00:00.000,1881,2812,canceled,3,
6058,2022-07-20 00:00:00.000,2485,130,finished,1,
6061,2022-07-20 00:00:00.000,2381,2187,finished,3,
6062,2022-07-20 00:00:00.000,4852,4161,finished,5,
6063,2022-07-20 00:00:00.000,428,505,finished,7,
6064,2022-07-20 00:00:00.000,1492,2872,finished,4,
6065,2022-07-20 00:00:00.000,1492,1749,canceled,4,
6066,2022-07-20 00:00:00.000,2562,4135,finished,4,
6067,2022-07-20 00:00:00.000,2419,2332,canceled,4,
6069,2022-07-20 00:00:00.000,1927,1134,finished,3,
6073,2022-07-20 00:00:00.000,820,4161,finished,3,
6074,2022-07-20 00:00:00.000,3590,2022,finished,2,
6075,2022-07-21 00:00:00.000,3547,2812,finished,4,
6076,2022-07-21 00:00:00.000,4849,4464,finished,3,
6077,2022-07-21 00:00:00.000,4122,3343,finished,5,
6079,2022-07-21 00:00:00.000,4541,737,finished,2,
6080,2022-07-21 00:00:00.000,423,2246,finished,1,
6081,2022-07-21 00:00:00.000,4164,3332,finished,7,
6083,2022-07-21 00:00:00.000,4831,4438,finished,4,
6084,2022-07-21 00:00:00.000,2244,892,canceled,6,
6087,2022-07-21 00:00:00.000,162,3376,finished,2,
6088,2022-07-21 00:00:00.000,3717,4479,canceled,5,
6091,2022-07-21 00:00:00.000,4465,1777,finished,5,
6094,2022-07-21 00:00:00.000,4314,1922,finished,7,
6095,2022-07-21 00:00:00.000,2995,2476,finished,1,
6096,2022-07-21 00:00:00.000,4681,1017,finished,3,
6098,2022-07-21 00:00:00.000,4732,3959,finished,3,
6099,2022-07-21 00:00:00.000,2123,3128,finished,4,
6100,2022-07-21 00:00:00.000,2520,4127,finished,3,
6101,2022-07-21 00:00:00.000,73,2598,canceled,6,
6102,2022-07-21 00:00:00.000,4723,1353,finished,3,
6103,2022-07-21 00:00:00.000,3590,755,finished,2,
6104,2022-07-21 00:00:00.000,2687,278,canceled,3,
6106,2022-07-21 00:00:00.000,4465,3499,canceled,5,
6108,2022-07-21 00:00:00.000,3274,2271,finished,6,
6110,2022-07-21 00:00:00.000,2905,1119,finished,2,
6113,2022-07-21 00:00:00.000,2199,4065,canceled,4,
6115,2022-07-21 00:00:00.000,75,1050,finished,5,
6116,2022-07-21 00:00:00.000,1314,4363,finished,4,
6117,2022-07-21 00:00:00.000,1069,2695,finished,6,
6118,2022-07-21 00:00:00.000,3179,1204,finished,3,
6120,2022-07-21 00:00:00.000,754,35,canceled,6,
6121,2022-07-21 00:00:00.000,1091,3698,finished,1,
6125,2022-07-22 00:00:00.000,3989,4366,finished,1,
6127,2022-07-22 00:00:00.000,2453,1658,finished,2,
6128,2022-07-22 00:00:00.000,3059,2519,finished,5,
6129,2022-07-22 00:00:00.000,3588,4243,finished,2,
6131,2022-07-22 00:00:00.000,325,3956,canceled,5,
6132,2022-07-22 00:00:00.000,3828,4821,canceled,5,
6133,2022-07-22 00:00:00.000,7,1575,canceled,6,
6134,2022-07-22 00:00:00.000,4269,1709,finished,1,
6138,2022-07-22 00:00:00.000,516,1846,finished,6,
6139,2022-07-22 00:00:00.000,3858,3056,finished,4,
6140,2022-07-22 00:00:00.000,2733,485,finished,5,
6141,2022-07-22 00:00:00.000,4503,1724,finished,1,
6145,2022-07-22 00:00:00.000,3787,4609,finished,1,
6146,2022-07-22 00:00:00.000,421,3032,finished,6,
6147,2022-07-22 00:00:00.000,1262,3737,canceled,5,
6150,2022-07-22 00:00:00.000,4796,4094,finished,3,
6155,2022-07-22 00:00:00.000,1986,2590,finished,6,
6156,2022-07-22 00:00:00.000,1728,4787,finished,5,
6157,2022-07-22 00:00:00.000,2650,5,finished,5,
6159,2022-07-22 00:00:00.000,1498,3277,finished,4,
6160,2022-07-22 00:00:00.000,2795,4557,finished,5,
6165,2022-07-22 00:00:00.000,4189,2124,finished,2,
6167,2022-07-22 00:00:00.000,1890,1907,finished,5,
6172,2022-07-22 00:00:00.000,4143,505,finished,6,
6174,2022-07-22 00:00:00.000,2888,546,canceled,4,
6175,2022-07-23 00:00:00.000,3040,4337,finished,5,
6176,2022-07-23 00:00:00.000,1492,3403,finished,4,
6177,2022-07-23 00:00:00.000,2961,2565,finished,3,
6179,2022-07-23 00:00:00.000,3059,2497,finished,5,
6180,2022-07-23 00:00:00.000,2920,3151,canceled,4,
6181,2022-07-23 00:00:00.000,410,930,finished,5,
6182,2022-07-23 00:00:00.000,2622,1006,canceled,4,
6184,2022-07-23 00:00:00.000,3724,4438,finished,1,
6185,2022-07-23 00:00:00.000,2181,1839,finished,2,
6186,2022-07-23 00:00:00.000,2199,1935,canceled,4,
6187,2022-07-23 00:00:00.000,2699,711,finished,1,
6188,2022-07-23 00:00:00.000,4225,1863,finished,7,
6191,2022-07-23 00:00:00.000,3704,89,canceled,1,
6193,2022-07-23 00:00:00.000,4595,3438,canceled,1,
6195,2022-07-23 00:00:00.000,2037,546,finished,7,
6196,2022-07-23 00:00:00.000,3594,2238,finished,7,
6199,2022-07-23 00:00:00.000,162,1838,finished,2,
6202,2022-07-23 00:00:00.000,2472,1076,canceled,4,
6203,2022-07-23 00:00:00.000,355,188,finished,1,
6205,2022-07-23 00:00:00.000,235,4089,finished,2,
6207,2022-07-23 00:00:00.000,1526,1961,finished,5,
6208,2022-07-23 00:00:00.000,3040,4197,finished,5,
6210,2022-07-23 00:00:00.000,2381,4885,finished,3,
6211,2022-07-23 00:00:00.000,4005,4870,finished,7,
6212,2022-07-23 00:00:00.000,3594,4489,finished,7,
6214,2022-07-23 00:00:00.000,5000,2159,finished,2,
6215,2022-07-23 00:00:00.000,3748,4610,finished,4,
6216,2022-07-23 00:00:00.000,4289,2883,finished,3,
6218,2022-07-23 00:00:00.000,56,4197,finished,7,
6220,2022-07-23 00:00:00.000,4831,1455,finished,4,
6221,2022-07-23 00:00:00.000,3989,3300,finished,1,
6222,2022-07-23 00:00:00.000,1937,3361,finished,4,
6223,2022-07-24 00:00:00.000,2647,2849,finished,7,
6224,2022-07-24 00:00:00.000,742,2804,finished,5,
6225,2022-07-24 00:00:00.000,3803,1055,finished,5,
6227,2022-07-24 00:00:00.000,1258,3026,finished,7,
6228,2022-07-24 00:00:00.000,3212,2362,finished,7,
6230,2022-07-24 00:00:00.000,2805,2923,finished,3,
6231,2022-07-24 00:00:00.000,1236,2855,finished,4,
6234,2022-07-24 00:00:00.000,4680,2291,finished,3,
6235,2022-07-24 00:00:00.000,2551,2666,finished,5,
6238,2022-07-24 00:00:00.000,4849,2537,finished,3,
6242,2022-07-24 00:00:00.000,235,2621,finished,2,
6243,2022-07-24 00:00:00.000,2557,409,finished,2,
6245,2022-07-24 00:00:00.000,249,2899,finished,6,
6246,2022-07-24 00:00:00.000,1498,3896,finished,4,
6248,2022-07-24 00:00:00.000,3641,3365,finished,7,
6249,2022-07-24 00:00:00.000,3530,2350,finished,4,
6251,2022-07-24 00:00:00.000,2454,3968,finished,2,
6253,2022-07-24 00:00:00.000,1110,1355,finished,2,
6254,2022-07-24 00:00:00.000,1431,4133,finished,6,
6255,2022-07-24 00:00:00.000,1366,3779,canceled,3,
6256,2022-07-24 00:00:00.000,1881,2115,finished,3,
6260,2022-07-24 00:00:00.000,168,1818,finished,5,
6262,2022-07-24 00:00:00.000,4314,3065,finished,7,
6263,2022-07-24 00:00:00.000,2262,951,finished,3,
6266,2022-07-24 00:00:00.000,3734,2615,finished,2,
6268,2022-07-24 00:00:00.000,1796,958,canceled,5,
6269,2022-07-24 00:00:00.000,781,509,finished,3,
6270,2022-07-24 00:00:00.000,4314,2263,finished,7,
6271,2022-07-24 00:00:00.000,3040,1201,finished,5,
6272,2022-07-24 00:00:00.000,2887,3672,canceled,5,
6273,2022-07-24 00:00:00.000,4486,1774,finished,1,
6276,2022-07-24 00:00:00.000,2235,4045,canceled,4,
6278,2022-07-24 00:00:00.000,2888,2187,finished,4,
6279,2022-07-25 00:00:00.000,3493,2590,finished,3,
6280,2022-07-25 00:00:00.000,2400,2115,finished,1,
6281,2022-07-25 00:00:00.000,4530,570,finished,3,
6282,2022-07-25 00:00:00.000,4248,3162,finished,1,
6283,2022-07-25 00:00:00.000,1069,4464,finished,6,
6284,2022-07-25 00:00:00.000,1760,1506,finished,6,
6287,2022-07-25 00:00:00.000,2562,1287,finished,4,
6290,2022-07-25 00:00:00.000,598,4686,finished,5,
6293,2022-07-25 00:00:00.000,1434,1095,finished,2,
6294,2022-07-25 00:00:00.000,410,2637,canceled,5,
6296,2022-07-25 00:00:00.000,4914,2286,finished,1,
6298,2022-07-25 00:00:00.000,778,1935,finished,4,
6300,2022-07-25 00:00:00.000,3421,4432,finished,3,
6301,2022-07-25 00:00:00.000,179,1418,finished,6,
6304,2022-07-25 00:00:00.000,2454,3534,finished,2,
6305,2022-07-25 00:00:00.000,3686,186,finished,2,
6306,2022-07-25 00:00:00.000,3179,541,canceled,3,
6307,2022-07-25 00:00:00.000,890,2690,finished,6,
6308,2022-07-25 00:00:00.000,4387,2720,finished,7,
6309,2022-07-25 00:00:00.000,3059,3445,finished,5,
6310,2022-07-25 00:00:00.000,1654,4322,finished,5,
6312,2022-07-25 00:00:00.000,4910,932,finished,7,
6313,2022-07-25 00:00:00.000,3632,1724,finished,4,
6314,2022-07-25 00:00:00.000,2419,89,finished,4,
6315,2022-07-25 00:00:00.000,802,585,finished,1,
6316,2022-07-25 00:00:00.000,4920,911,finished,1,
6317,2022-07-25 00:00:00.000,4764,3846,finished,1,
6318,2022-07-25 00:00:00.000,136,1450,finished,1,
6319,2022-07-25 00:00:00.000,1474,1637,finished,7,
6320,2022-07-25 00:00:00.000,2687,1538,finished,3,
6324,2022-07-25 00:00:00.000,2453,3503,canceled,2,
6325,2022-07-25 00:00:00.000,1027,2750,finished,2,
6327,2022-07-26 00:00:00.000,4545,3056,finished,7,
6332,2022-07-26 00:00:00.000,3880,436,finished,4,
6336,2022-07-26 00:00:00.000,3047,930,finished,5,
6337,2022-07-26 00:00:00.000,325,223,finished,5,
6338,2022-07-26 00:00:00.000,2639,872,finished,7,
6340,2022-07-26 00:00:00.000,572,2704,finished,6,
6341,2022-07-26 00:00:00.000,4776,4292,finished,4,
6342,2022-07-26 00:00:00.000,1850,4244,finished,2,
6344,2022-07-26 00:00:00.000,4387,2350,finished,7,
6346,2022-07-26 00:00:00.000,572,1512,finished,6,
6347,2022-07-26 00:00:00.000,2419,1096,finished,4,
6348,2022-07-26 00:00:00.000,2177,1841,finished,1,
6349,2022-07-26 00:00:00.000,2181,5,finished,2,
6351,2022-07-26 00:00:00.000,1498,1798,finished,4,
6352,2022-07-26 00:00:00.000,1236,526,finished,4,
6353,2022-07-26 00:00:00.000,846,107,finished,4,
6354,2022-07-26 00:00:00.000,3168,2115,finished,1,
6355,2022-07-26 00:00:00.000,2852,4093,finished,5,
6359,2022-07-26 00:00:00.000,3290,1450,finished,4,
6360,2022-07-26 00:00:00.000,728,1143,canceled,3,
6361,2022-07-26 00:00:00.000,879,1809,finished,1,
6362,2022-07-26 00:00:00.000,2192,1427,finished,6,
6364,2022-07-26 00:00:00.000,2888,1080,finished,4,
6365,2022-07-26 00:00:00.000,2454,2812,finished,2,
6366,2022-07-26 00:00:00.000,2179,1623,canceled,4,
6367,2022-07-26 00:00:00.000,7,342,finished,6,
6368,2022-07-26 00:00:00.000,3240,4308,finished,4,
6374,2022-07-26 00:00:00.000,778,80,finished,4,
6375,2022-07-26 00:00:00.000,3852,4298,finished,1,
6376,2022-07-26 00:00:00.000,3855,4827,finished,4,
6382,2022-07-27 00:00:00.000,2454,4153,canceled,2,
6383,2022-07-27 00:00:00.000,1261,4787,finished,3,
6384,2022-07-27 00:00:00.000,1251,4719,finished,5,
6385,2022-07-27 00:00:00.000,4248,4479,finished,1,
6386,2022-07-27 00:00:00.000,2392,194,finished,6,
6387,2022-07-27 00:00:00.000,3156,2448,canceled,1,
6389,2022-07-27 00:00:00.000,2551,4577,finished,5,
6390,2022-07-27 00:00:00.000,1027,1597,finished,2,
6391,2022-07-27 00:00:00.000,513,3909,finished,1,
6392,2022-07-27 00:00:00.000,4664,343,finished,7,
6393,2022-07-27 00:00:00.000,4541,809,finished,2,
6395,2022-07-27 00:00:00.000,3972,4292,canceled,5,
6396,2022-07-27 00:00:00.000,2194,57,finished,5,
6397,2022-07-27 00:00:00.000,3828,4074,finished,5,
6398,2022-07-27 00:00:00.000,1584,4578,canceled,4,
6400,2022-07-27 00:00:00.000,47,1603,canceled,5,
6402,2022-07-27 00:00:00.000,977,4686,finished,5,
6403,2022-07-27 00:00:00.000,3038,718,finished,1,
6404,2022-07-27 00:00:00.000,4612,131,finished,1,
6408,2022-07-27 00:00:00.000,1132,691,finished,6,
6410,2022-07-27 00:00:00.000,3228,3532,finished,1,
6411,2022-07-27 00:00:00.000,3088,594,finished,2,
6412,2022-07-27 00:00:00.000,458,4292,canceled,7,
6415,2022-07-27 00:00:00.000,516,3995,finished,6,
6416,2022-07-27 00:00:00.000,1190,3049,canceled,5,
6417,2022-07-27 00:00:00.000,210,3608,finished,3,
6418,2022-07-27 00:00:00.000,3038,2932,finished,1,
6419,2022-07-27 00:00:00.000,1417,1212,finished,3,
6422,2022-07-27 00:00:00.000,2194,2728,finished,5,
6424,2022-07-27 00:00:00.000,4530,480,finished,3,
6426,2022-07-27 00:00:00.000,4304,766,finished,2,
6427,2022-07-27 00:00:00.000,4103,2176,canceled,6,
6429,2022-07-27 00:00:00.000,4452,3944,finished,3,
6430,2022-07-27 00:00:00.000,4664,3788,finished,7,
6432,2022-07-28 00:00:00.000,4221,2917,canceled,4,
6433,2022-07-28 00:00:00.000,1937,59,finished,4,
6435,2022-07-28 00:00:00.000,4852,4488,finished,5,
6436,2022-07-28 00:00:00.000,3240,3942,finished,4,
6437,2022-07-28 00:00:00.000,2137,65,finished,2,
6439,2022-07-28 00:00:00.000,3971,4400,finished,7,
6440,2022-07-28 00:00:00.000,3059,1535,finished,5,
6444,2022-07-28 00:00:00.000,355,1885,canceled,1,
6445,2022-07-28 00:00:00.000,2613,3751,finished,2,
6446,2022-07-28 00:00:00.000,1258,4892,canceled,7,
6448,2022-07-28 00:00:00.000,4585,4815,finished,7,
6449,2022-07-28 00:00:00.000,4480,4537,finished,3,
6450,2022-07-28 00:00:00.000,608,1710,finished,2,
6451,2022-07-28 00:00:00.000,3880,612,finished,4,
6452,2022-07-28 00:00:00.000,4856,3286,finished,1,
6454,2022-07-28 00:00:00.000,1688,4616,finished,1,
6456,2022-07-28 00:00:00.000,1728,1952,finished,5,
6457,2022-07-28 00:00:00.000,3066,1689,canceled,3,
6458,2022-07-28 00:00:00.000,4459,974,finished,3,
6459,2022-07-28 00:00:00.000,4101,1351,finished,1,
6464,2022-07-28 00:00:00.000,1654,4292,finished,5,
6466,2022-07-28 00:00:00.000,901,657,canceled,1,
6468,2022-07-28 00:00:00.000,3989,1549,finished,1,
6471,2022-07-28 00:00:00.000,4502,3056,finished,4,
6472,2022-07-28 00:00:00.000,2605,2341,finished,5,
6474,2022-07-28 00:00:00.000,3059,1078,finished,5,
6479,2022-07-28 00:00:00.000,2670,904,finished,4,
6480,2022-07-28 00:00:00.000,4835,1142,finished,1,
6481,2022-07-28 00:00:00.000,2174,1920,canceled,6,
6482,2022-07-28 00:00:00.000,4005,4186,finished,7,
6484,2022-07-29 00:00:00.000,3576,343,canceled,5,
6485,2022-07-29 00:00:00.000,3777,1848,canceled,3,
6487,2022-07-29 00:00:00.000,4776,4128,finished,4,
6489,2022-07-29 00:00:00.000,423,810,finished,1,
6492,2022-07-29 00:00:00.000,4664,2311,canceled,7,
6494,2022-07-29 00:00:00.000,2048,2790,canceled,7,
6496,2022-07-29 00:00:00.000,2852,1807,canceled,5,
6497,2022-07-29 00:00:00.000,3880,840,finished,4,
6499,2022-07-29 00:00:00.000,4662,1472,finished,5,
6500,2022-07-29 00:00:00.000,3493,1343,finished,3,
6501,2022-07-29 00:00:00.000,2473,3672,canceled,2,
6502,2022-07-29 00:00:00.000,3462,3964,finished,4,
6504,2022-07-29 00:00:00.000,3538,2175,canceled,3,
6505,2022-07-29 00:00:00.000,2377,2704,finished,7,
6506,2022-07-29 00:00:00.000,516,4970,finished,6,
6509,2022-07-29 00:00:00.000,200,3053,finished,7,
6511,2022-07-29 00:00:00.000,3088,4688,finished,2,
6512,2022-07-29 00:00:00.000,3989,63,finished,1,
6513,2022-07-29 00:00:00.000,890,3169,finished,6,
6514,2022-07-29 00:00:00.000,3868,4432,finished,7,
6515,2022-07-29 00:00:00.000,3257,4938,canceled,5,
6516,2022-07-29 00:00:00.000,244,2129,finished,7,
6518,2022-07-29 00:00:00.000,1190,4438,finished,5,
6519,2022-07-29 00:00:00.000,2663,4390,finished,4,
6520,2022-07-29 00:00:00.000,3251,777,finished,5,
6522,2022-07-29 00:00:00.000,4832,1976,canceled,1,
6523,2022-07-29 00:00:00.000,1431,3414,finished,6,
6524,2022-07-29 00:00:00.000,2777,4350,finished,6,
6526,2022-07-29 00:00:00.000,110,218,finished,3,
6527,2022-07-29 00:00:00.000,4248,3557,finished,1,
6528,2022-07-30 00:00:00.000,2194,121,finished,5,
6529,2022-07-30 00:00:00.000,3580,4827,finished,2,
6530,2022-07-30 00:00:00.000,955,680,finished,4,
6531,2022-07-30 00:00:00.000,3724,3873,finished,1,
6532,2022-07-30 00:00:00.000,2419,1388,finished,4,
6533,2022-07-30 00:00:00.000,3279,1980,finished,6,
6534,2022-07-30 00:00:00.000,1190,3423,finished,5,
6535,2022-07-30 00:00:00.000,1544,3453,finished,4,
6536,2022-07-30 00:00:00.000,3576,1956,finished,5,
6537,2022-07-30 00:00:00.000,2244,1749,finished,6,
6538,2022-07-30 00:00:00.000,1893,175,finished,6,
6539,2022-07-30 00:00:00.000,3800,4629,finished,7,
6541,2022-07-30 00:00:00.000,7,2978,finished,6,
6542,2022-07-30 00:00:00.000,3880,2780,finished,4,
6543,2022-07-30 00:00:00.000,1760,2627,finished,6,
6546,2022-07-30 00:00:00.000,1509,3018,finished,4,
6547,2022-07-30 00:00:00.000,2088,3479,finished,2,
6548,2022-07-30 00:00:00.000,2663,3585,finished,4,
6552,2022-07-30 00:00:00.000,1027,569,finished,2,
6556,2022-07-30 00:00:00.000,4664,1879,finished,7,
6558,2022-07-30 00:00:00.000,4597,4449,finished,6,
6559,2022-07-30 00:00:00.000,1241,4325,finished,6,
6560,2022-07-30 00:00:00.000,1776,145,finished,7,
6561,2022-07-30 00:00:00.000,1568,4706,finished,1,
6565,2022-07-30 00:00:00.000,210,4687,canceled,3,
6566,2022-07-30 00:00:00.000,2881,4959,finished,2,
6567,2022-07-30 00:00:00.000,2177,2582,finished,1,
6568,2022-07-30 00:00:00.000,2181,1277,finished,2,
6569,2022-07-30 00:00:00.000,3143,2187,finished,1,
6570,2022-07-30 00:00:00.000,1160,1525,finished,5,
6572,2022-07-30 00:00:00.000,2622,148,finished,4,
6573,2022-07-30 00:00:00.000,3941,1182,finished,4,
6574,2022-07-30 00:00:00.000,2344,60,canceled,6,
6575,2022-07-30 00:00:00.000,4314,3555,finished,7,
6576,2022-07-30 00:00:00.000,1332,599,canceled,5,
6577,2022-07-30 00:00:00.000,2700,3148,finished,5,
6580,2022-07-31 00:00:00.000,1108,2478,finished,7,
6581,2022-07-31 00:00:00.000,1106,4806,finished,7,
6582,2022-07-31 00:00:00.000,3396,594,finished,1,
6585,2022-07-31 00:00:00.000,4095,1603,finished,4,
6586,2022-07-31 00:00:00.000,4711,3676,canceled,7,
6588,2022-07-31 00:00:00.000,3828,1798,finished,5,
6589,2022-07-31 00:00:00.000,3421,70,finished,3,
6593,2022-07-31 00:00:00.000,2243,252,finished,1,
6595,2022-07-31 00:00:00.000,3118,1408,finished,3,
6597,2022-07-31 00:00:00.000,1248,3130,finished,4,
6598,2022-07-31 00:00:00.000,1064,3770,finished,4,
6599,2022-07-31 00:00:00.000,3713,1472,finished,5,
6602,2022-07-31 00:00:00.000,3290,427,finished,4,
6603,2022-07-31 00:00:00.000,4225,2141,finished,7,
6607,2022-07-31 00:00:00.000,1328,3145,finished,4,
6608,2022-07-31 00:00:00.000,1903,2356,canceled,4,
6611,2022-07-31 00:00:00.000,830,1724,finished,7,
6612,2022-07-31 00:00:00.000,2243,4037,finished,1,
6613,2022-07-31 00:00:00.000,1233,1761,finished,3,
6615,2022-07-31 00:00:00.000,4923,2223,finished,5,
6621,2022-07-31 00:00:00.000,1124,4592,finished,4,
6622,2022-07-31 00:00:00.000,4776,2086,finished,4,
6624,2022-07-31 00:00:00.000,1483,4305,finished,3,
6625,2022-07-31 00:00:00.000,231,1724,finished,4,
6628,2022-07-31 00:00:00.000,1172,3537,finished,7,
6629,2022-07-31 00:00:00.000,1654,1065,finished,5,
6631,2022-07-31 00:00:00.000,4225,1356,finished,7,
6632,2022-07-31 00:00:00.000,2699,4343,finished,1,
6633,2022-07-31 00:00:00.000,73,679,finished,6,
6634,2022-07-31 00:00:00.000,2269,927,finished,3,
6635,2022-07-31 00:00:00.000,955,2917,finished,4,
6636,2022-07-31 00:00:00.000,2920,1536,canceled,4,
6637,2022-08-01 00:00:00.000,4015,1142,canceled,7,
6638,2022-08-01 00:00:00.000,1856,1369,finished,1,
6639,2022-08-01 00:00:00.000,4221,1910,finished,4,
6641,2022-08-01 00:00:00.000,3828,3262,finished,5,
6642,2022-08-01 00:00:00.000,4005,93,finished,7,
6643,2022-08-01 00:00:00.000,4334,4447,finished,2,
6644,2022-08-01 00:00:00.000,2166,2350,finished,4,
6646,2022-08-01 00:00:00.000,1366,3897,canceled,3,
6647,2022-08-01 00:00:00.000,3225,2115,canceled,1,
6648,2022-08-01 00:00:00.000,2419,4052,finished,4,
6650,2022-08-01 00:00:00.000,4164,2615,canceled,7,
6652,2022-08-01 00:00:00.000,2700,3157,finished,5,
6655,2022-08-01 00:00:00.000,2920,4175,finished,4,
6656,2022-08-01 00:00:00.000,4671,2786,finished,5,
6659,2022-08-01 00:00:00.000,423,3191,canceled,1,
6661,2022-08-01 00:00:00.000,1375,1018,finished,6,
6663,2022-08-01 00:00:00.000,4545,342,canceled,7,
6664,2022-08-01 00:00:00.000,2985,188,canceled,7,
6667,2022-08-01 00:00:00.000,4776,3975,canceled,4,
6671,2022-08-01 00:00:00.000,4015,3904,finished,7,
6672,2022-08-01 00:00:00.000,3800,2363,finished,7,
6673,2022-08-01 00:00:00.000,3066,358,canceled,3,
6677,2022-08-01 00:00:00.000,1131,793,finished,5,
6678,2022-08-01 00:00:00.000,2556,676,canceled,6,
6680,2022-08-01 00:00:00.000,1890,1743,finished,5,
6681,2022-08-01 00:00:00.000,4680,1970,finished,3,
6682,2022-08-01 00:00:00.000,4776,4185,finished,4,
6683,2022-08-01 00:00:00.000,3118,396,canceled,3,
6684,2022-08-01 00:00:00.000,2623,1388,finished,4,
6686,2022-08-01 00:00:00.000,3274,4470,canceled,6,
6687,2022-08-01 00:00:00.000,1509,194,finished,4,
6688,2022-08-01 00:00:00.000,2454,1771,finished,2,
6690,2022-08-01 00:00:00.000,4856,74,finished,1,
6691,2022-08-01 00:00:00.000,4680,3318,finished,3,
6692,2022-08-01 00:00:00.000,2473,1671,finished,2,
6693,2022-08-01 00:00:00.000,2199,4292,canceled,4,
6694,2022-08-01 00:00:00.000,4693,4024,finished,6,
6696,2022-08-01 00:00:00.000,2192,1618,finished,6,
6697,2022-08-01 00:00:00.000,2641,1739,finished,3,
6700,2022-08-01 00:00:00.000,4585,1973,finished,7,
6701,2022-08-01 00:00:00.000,235,151,finished,2,
6704,2022-08-01 00:00:00.000,4565,957,finished,7,
6705,2022-08-01 00:00:00.000,1728,2270,finished,5,
6706,2022-08-02 00:00:00.000,4614,4591,finished,1,
6709,2022-08-02 00:00:00.000,4824,569,finished,6,
6710,2022-08-02 00:00:00.000,1903,4498,finished,4,
6711,2022-08-02 00:00:00.000,1423,2353,finished,2,
6712,2022-08-02 00:00:00.000,4585,1572,finished,7,
6713,2022-08-02 00:00:00.000,819,899,finished,7,
6714,2022-08-02 00:00:00.000,4122,3148,canceled,5,
6715,2022-08-02 00:00:00.000,1533,1889,finished,6,
6720,2022-08-02 00:00:00.000,2641,3998,finished,3,
6722,2022-08-02 00:00:00.000,4122,2079,finished,5,
6725,2022-08-02 00:00:00.000,3048,236,finished,6,
6727,2022-08-02 00:00:00.000,1463,4161,finished,6,
6728,2022-08-02 00:00:00.000,1109,698,finished,3,
6731,2022-08-02 00:00:00.000,3733,2159,finished,4,
6732,2022-08-02 00:00:00.000,2647,926,finished,7,
6733,2022-08-02 00:00:00.000,1985,3678,finished,7,
6737,2022-08-02 00:00:00.000,572,3654,finished,6,
6738,2022-08-02 00:00:00.000,538,2159,finished,1,
6739,2022-08-02 00:00:00.000,3487,2326,finished,5,
6741,2022-08-02 00:00:00.000,2084,4744,finished,1,
6744,2022-08-02 00:00:00.000,4976,4601,finished,2,
6746,2022-08-02 00:00:00.000,2888,1125,finished,4,
6747,2022-08-02 00:00:00.000,2733,3431,finished,5,
6748,2022-08-02 00:00:00.000,1234,1114,finished,6,
6749,2022-08-02 00:00:00.000,279,4705,finished,4,
6750,2022-08-02 00:00:00.000,1124,1116,finished,4,
6751,2022-08-02 00:00:00.000,1856,2106,finished,1,
6753,2022-08-02 00:00:00.000,4654,4755,finished,6,
6754,2022-08-02 00:00:00.000,1160,3557,finished,5,
6755,2022-08-02 00:00:00.000,2596,1499,finished,1,
6757,2022-08-02 00:00:00.000,2887,2945,finished,5,
6758,2022-08-02 00:00:00.000,2973,1408,finished,4,
6759,2022-08-02 00:00:00.000,3461,4470,finished,4,
6760,2022-08-02 00:00:00.000,4344,2681,finished,1,
6762,2022-08-02 00:00:00.000,16,1620,finished,6,
6763,2022-08-03 00:00:00.000,2274,2264,finished,5,
6765,2022-08-03 00:00:00.000,3855,904,canceled,4,
6766,2022-08-03 00:00:00.000,421,1455,finished,6,
6767,2022-08-03 00:00:00.000,560,3664,canceled,6,
6768,2022-08-03 00:00:00.000,1314,3904,finished,4,
6770,2022-08-03 00:00:00.000,2177,2424,finished,1,
6771,2022-08-03 00:00:00.000,901,4470,finished,1,
6772,2022-08-03 00:00:00.000,3383,3446,finished,3,
6773,2022-08-03 00:00:00.000,338,2390,finished,4,
6774,2022-08-03 00:00:00.000,231,3454,finished,4,
6775,2022-08-03 00:00:00.000,4164,4174,finished,7,
6776,2022-08-03 00:00:00.000,1955,3159,finished,5,
6777,2022-08-03 00:00:00.000,879,1878,finished,1,
6780,2022-08-03 00:00:00.000,4680,1542,finished,3,
6781,2022-08-03 00:00:00.000,3421,2306,finished,3,
6784,2022-08-03 00:00:00.000,4212,3271,finished,3,
6786,2022-08-03 00:00:00.000,3855,2129,finished,4,
6787,2022-08-03 00:00:00.000,1234,1377,finished,6,
6789,2022-08-03 00:00:00.000,955,2950,finished,4,
6790,2022-08-03 00:00:00.000,3787,4197,finished,1,
6791,2022-08-03 00:00:00.000,328,4174,finished,7,
6792,2022-08-03 00:00:00.000,2016,1479,finished,5,
6793,2022-08-03 00:00:00.000,2687,1181,finished,3,
6795,2022-08-03 00:00:00.000,1927,2723,finished,3,
6796,2022-08-03 00:00:00.000,2881,4959,canceled,2,
6799,2022-08-03 00:00:00.000,235,1990,finished,2,
6800,2022-08-03 00:00:00.000,2274,3207,finished,5,
6801,2022-08-03 00:00:00.000,2403,4719,finished,1,
6804,2022-08-03 00:00:00.000,1236,2799,finished,4,
6806,2022-08-03 00:00:00.000,136,3606,finished,1,
6808,2022-08-03 00:00:00.000,4344,3343,finished,1,
6809,2022-08-03 00:00:00.000,2166,4213,finished,4,
6810,2022-08-03 00:00:00.000,2842,3778,finished,2,
6813,2022-08-03 00:00:00.000,338,3028,canceled,4,
6814,2022-08-03 00:00:00.000,820,4089,finished,3,
6815,2022-08-03 00:00:00.000,4503,2608,finished,1,
6816,2022-08-03 00:00:00.000,2192,3701,finished,6,
6817,2022-08-03 00:00:00.000,4597,2209,canceled,6,
6818,2022-08-04 00:00:00.000,2148,1499,finished,1,
6820,2022-08-04 00:00:00.000,4838,3825,canceled,2,
6822,2022-08-04 00:00:00.000,328,2417,finished,7,
6826,2022-08-04 00:00:00.000,4003,2350,finished,7,
6828,2022-08-04 00:00:00.000,3734,2079,finished,2,
6829,2022-08-04 00:00:00.000,2641,920,finished,3,
6830,2022-08-04 00:00:00.000,428,2147,finished,7,
6831,2022-08-04 00:00:00.000,3156,3664,finished,1,
6836,2022-08-04 00:00:00.000,3261,4163,finished,1,
6838,2022-08-04 00:00:00.000,2269,2765,finished,3,
6840,2022-08-04 00:00:00.000,3190,4011,finished,3,
6841,2022-08-04 00:00:00.000,3179,4768,finished,3,
6842,2022-08-04 00:00:00.000,279,1313,finished,4,
6844,2022-08-04 00:00:00.000,2747,3555,finished,5,
6846,2022-08-04 00:00:00.000,4612,2079,finished,1,
6847,2022-08-04 00:00:00.000,2465,1732,finished,7,
6849,2022-08-04 00:00:00.000,3279,933,finished,6,
6850,2022-08-04 00:00:00.000,1027,1819,finished,2,
6852,2022-08-04 00:00:00.000,4671,1539,finished,5,
6854,2022-08-04 00:00:00.000,4671,2332,finished,5,
6855,2022-08-04 00:00:00.000,4807,1000,finished,4,
6856,2022-08-04 00:00:00.000,338,3453,finished,4,
6858,2022-08-04 00:00:00.000,3493,620,finished,3,
6859,2022-08-04 00:00:00.000,2670,4686,finished,4,
6865,2022-08-04 00:00:00.000,2887,1316,finished,5,
6867,2022-08-04 00:00:00.000,3059,4744,finished,5,
6875,2022-08-05 00:00:00.000,3212,2445,finished,7,
6877,2022-08-05 00:00:00.000,3883,97,finished,2,
6878,2022-08-05 00:00:00.000,4164,1458,finished,7,
6880,2022-08-05 00:00:00.000,2591,4803,finished,4,
6881,2022-08-05 00:00:00.000,2512,3200,finished,7,
6882,2022-08-05 00:00:00.000,2123,2781,canceled,4,
6883,2022-08-05 00:00:00.000,4056,4325,finished,6,
6884,2022-08-05 00:00:00.000,2905,1670,finished,2,
6885,2022-08-05 00:00:00.000,4122,546,finished,5,
6886,2022-08-05 00:00:00.000,1688,1018,canceled,1,
6887,2022-08-05 00:00:00.000,3855,3476,finished,4,
6888,2022-08-05 00:00:00.000,4005,1784,finished,7,
6890,2022-08-05 00:00:00.000,2747,1599,finished,5,
6892,2022-08-05 00:00:00.000,2192,2554,finished,6,
6896,2022-08-05 00:00:00.000,1390,4913,finished,1,
6897,2022-08-05 00:00:00.000,1552,1439,canceled,4,
6899,2022-08-05 00:00:00.000,890,1827,finished,6,
6907,2022-08-05 00:00:00.000,4753,4159,canceled,1,
6908,2022-08-05 00:00:00.000,1566,3163,finished,7,
6909,2022-08-05 00:00:00.000,4189,4163,finished,2,
6912,2022-08-05 00:00:00.000,4776,647,finished,4,
6913,2022-08-05 00:00:00.000,3724,4243,canceled,1,
6914,2022-08-05 00:00:00.000,4585,817,finished,7,
6915,2022-08-05 00:00:00.000,3040,1919,finished,5,
6918,2022-08-05 00:00:00.000,4647,2590,finished,1,
6919,2022-08-05 00:00:00.000,2506,111,finished,5,
6921,2022-08-05 00:00:00.000,4278,2538,finished,7,
6922,2022-08-05 00:00:00.000,1568,2020,finished,1,
6924,2022-08-05 00:00:00.000,2173,3032,finished,3,
6931,2022-08-05 00:00:00.000,987,3376,finished,5,
6932,2022-08-05 00:00:00.000,2419,398,finished,4,
6933,2022-08-05 00:00:00.000,1552,1869,canceled,4,
6934,2022-08-05 00:00:00.000,3400,1468,finished,1,
6935,2022-08-05 00:00:00.000,890,1907,finished,6,
6937,2022-08-05 00:00:00.000,3225,74,finished,1,
6938,2022-08-05 00:00:00.000,3749,1468,finished,4,
6940,2022-08-05 00:00:00.000,1563,765,finished,7,
6941,2022-08-05 00:00:00.000,2650,1990,finished,5,
6942,2022-08-05 00:00:00.000,603,4715,finished,3,
6945,2022-08-06 00:00:00.000,1108,4020,finished,7,
6947,2022-08-06 00:00:00.000,1258,4935,finished,7,
6950,2022-08-06 00:00:00.000,4863,1006,finished,6,
6952,2022-08-06 00:00:00.000,1390,204,canceled,1,
6955,2022-08-06 00:00:00.000,802,3751,finished,1,
6956,2022-08-06 00:00:00.000,3855,4912,finished,4,
6959,2022-08-06 00:00:00.000,3934,2335,finished,7,
6960,2022-08-06 00:00:00.000,4444,2109,finished,1,
6961,2022-08-06 00:00:00.000,1457,1952,finished,2,
6962,2022-08-06 00:00:00.000,3175,3277,finished,6,
6963,2022-08-06 00:00:00.000,338,3171,canceled,4,
6964,2022-08-06 00:00:00.000,2192,2878,finished,6,
6965,2022-08-06 00:00:00.000,4530,4011,finished,3,
6967,2022-08-06 00:00:00.000,1172,2885,finished,7,
6970,2022-08-06 00:00:00.000,338,3805,finished,4,
6971,2022-08-06 00:00:00.000,2179,2417,finished,4,
6972,2022-08-06 00:00:00.000,2037,2094,finished,7,
6974,2022-08-06 00:00:00.000,1937,4475,finished,4,
6976,2022-08-06 00:00:00.000,4673,184,finished,1,
6977,2022-08-06 00:00:00.000,2001,4704,finished,1,
6978,2022-08-06 00:00:00.000,3462,1658,finished,4,
6979,2022-08-06 00:00:00.000,421,1670,canceled,6,
6980,2022-08-06 00:00:00.000,3108,2909,canceled,5,
6981,2022-08-06 00:00:00.000,1233,3909,finished,3,
6982,2022-08-06 00:00:00.000,1296,1006,finished,6,
6984,2022-08-06 00:00:00.000,4320,2291,finished,7,
6985,2022-08-06 00:00:00.000,4471,3959,finished,4,
6986,2022-08-06 00:00:00.000,3883,1970,finished,2,
6987,2022-08-06 00:00:00.000,1792,2111,finished,6,
6988,2022-08-06 00:00:00.000,2381,2120,finished,3,
6991,2022-08-06 00:00:00.000,3972,354,finished,5,
6995,2022-08-06 00:00:00.000,3724,4153,finished,1,
6996,2022-08-06 00:00:00.000,3828,2588,finished,5,
6998,2022-08-06 00:00:00.000,4732,2634,finished,3,
7000,2022-08-06 00:00:00.000,1417,3654,finished,3,
7001,2022-08-06 00:00:00.000,2969,4705,finished,4,
7002,2022-08-06 00:00:00.000,3029,2976,finished,5,
7003,2022-08-06 00:00:00.000,1853,3909,finished,1,
7005,2022-08-06 00:00:00.000,2381,4691,finished,3,
7008,2022-08-06 00:00:00.000,328,1857,finished,7,
7009,2022-08-06 00:00:00.000,2011,4251,finished,3,
7011,2022-08-06 00:00:00.000,3108,397,finished,5,
7013,2022-08-06 00:00:00.000,4856,4803,finished,1,
7016,2022-08-06 00:00:00.000,271,3674,finished,5,
7018,2022-08-07 00:00:00.000,2235,3057,finished,4,
7019,2022-08-07 00:00:00.000,4856,4792,finished,1,
7023,2022-08-07 00:00:00.000,4444,4629,finished,1,
7025,2022-08-07 00:00:00.000,3212,4718,finished,7,
7029,2022-08-07 00:00:00.000,3465,4774,canceled,6,
7030,2022-08-07 00:00:00.000,3396,1488,canceled,1,
7033,2022-08-07 00:00:00.000,2454,1374,finished,2,
7034,2022-08-07 00:00:00.000,1736,612,finished,3,
7035,2022-08-07 00:00:00.000,4001,4769,finished,6,
7036,2022-08-07 00:00:00.000,2453,2078,canceled,2,
7038,2022-08-07 00:00:00.000,4121,3685,finished,7,
7039,2022-08-07 00:00:00.000,4608,3870,finished,1,
7040,2022-08-07 00:00:00.000,2532,918,finished,2,
7042,2022-08-07 00:00:00.000,2663,4457,finished,4,
7043,2022-08-07 00:00:00.000,3941,2694,finished,4,
7048,2022-08-07 00:00:00.000,1728,2866,finished,5,
7049,2022-08-07 00:00:00.000,1091,4251,finished,1,
7051,2022-08-07 00:00:00.000,2244,3999,finished,6,
7052,2022-08-07 00:00:00.000,955,4004,finished,4,
7056,2022-08-07 00:00:00.000,2419,4912,finished,4,
7057,2022-08-07 00:00:00.000,4596,145,canceled,1,
7058,2022-08-07 00:00:00.000,3047,1138,finished,5,
7059,2022-08-07 00:00:00.000,3733,1157,canceled,4,
7061,2022-08-07 00:00:00.000,200,3665,finished,7,
7062,2022-08-07 00:00:00.000,4001,2159,finished,6,
7063,2022-08-07 00:00:00.000,685,1086,finished,1,
7066,2022-08-07 00:00:00.000,423,1599,finished,1,
7068,2022-08-07 00:00:00.000,1563,4194,finished,7,
7069,2022-08-07 00:00:00.000,2269,3672,canceled,3,
7070,2022-08-08 00:00:00.000,4103,4440,canceled,6,
7071,2022-08-08 00:00:00.000,1434,4733,finished,2,
7072,2022-08-08 00:00:00.000,4915,1574,finished,7,
7073,2022-08-08 00:00:00.000,1433,1968,finished,1,
7076,2022-08-08 00:00:00.000,3641,4616,finished,7,
7078,2022-08-08 00:00:00.000,4662,3766,finished,5,
7080,2022-08-08 00:00:00.000,4863,3140,finished,6,
7081,2022-08-08 00:00:00.000,572,860,finished,6,
7083,2022-08-08 00:00:00.000,2454,3163,canceled,2,
7085,2022-08-08 00:00:00.000,2180,1774,finished,6,
7086,2022-08-08 00:00:00.000,4530,2223,finished,3,
7089,2022-08-08 00:00:00.000,802,329,canceled,1,
7090,2022-08-08 00:00:00.000,4585,1968,finished,7,
7091,2022-08-08 00:00:00.000,4005,4011,finished,7,
7094,2022-08-08 00:00:00.000,2512,2478,finished,7,
7097,2022-08-08 00:00:00.000,2262,1116,canceled,3,
7099,2022-08-08 00:00:00.000,4056,2417,finished,6,
7100,2022-08-08 00:00:00.000,4278,61,finished,7,
7101,2022-08-08 00:00:00.000,4732,3549,finished,3,
7102,2022-08-08 00:00:00.000,2596,4052,finished,1,
7103,2022-08-08 00:00:00.000,4732,4283,finished,3,
7104,2022-08-08 00:00:00.000,3989,2178,finished,1,
7105,2022-08-08 00:00:00.000,3713,471,canceled,5,
7106,2022-08-08 00:00:00.000,4225,4331,finished,7,
7108,2022-08-08 00:00:00.000,4625,4738,finished,2,
7109,2022-08-08 00:00:00.000,1668,173,finished,6,
7111,2022-08-08 00:00:00.000,1474,2723,finished,7,
7113,2022-08-08 00:00:00.000,458,102,finished,7,
7115,2022-08-08 00:00:00.000,3240,4092,finished,4,
7116,2022-08-08 00:00:00.000,2132,4368,finished,5,
7118,2022-08-08 00:00:00.000,1069,4057,finished,6,
7119,2022-08-08 00:00:00.000,3713,2261,finished,5,
7123,2022-08-08 00:00:00.000,4015,2017,finished,7,
7124,2022-08-08 00:00:00.000,4452,3342,finished,3,
7126,2022-08-08 00:00:00.000,73,1877,finished,6,
7127,2022-08-08 00:00:00.000,1248,3789,canceled,4,
7129,2022-08-08 00:00:00.000,1752,4748,finished,3,
7130,2022-08-08 00:00:00.000,2305,3763,canceled,1,
7132,2022-08-08 00:00:00.000,3225,2443,finished,1,
7133,2022-08-08 00:00:00.000,2463,3921,finished,7,
7139,2022-08-08 00:00:00.000,421,1158,finished,6,
7140,2022-08-09 00:00:00.000,1108,631,finished,7,
7142,2022-08-09 00:00:00.000,4471,1935,finished,4,
7143,2022-08-09 00:00:00.000,244,1805,finished,7,
7144,2022-08-09 00:00:00.000,1132,4161,finished,6,
7146,2022-08-09 00:00:00.000,4221,4945,finished,4,
7148,2022-08-09 00:00:00.000,1433,4561,finished,1,
7149,2022-08-09 00:00:00.000,4662,4691,canceled,5,
7150,2022-08-09 00:00:00.000,2824,1600,finished,6,
7151,2022-08-09 00:00:00.000,249,2153,finished,6,
7155,2022-08-09 00:00:00.000,4465,63,finished,5,
7157,2022-08-09 00:00:00.000,2662,868,finished,1,
7159,2022-08-09 00:00:00.000,2265,452,finished,2,
7161,2022-08-09 00:00:00.000,2663,3634,canceled,4,
7162,2022-08-09 00:00:00.000,1903,4378,finished,4,
7163,2022-08-09 00:00:00.000,854,4434,finished,2,
7166,2022-08-09 00:00:00.000,2641,1,finished,3,
7169,2022-08-09 00:00:00.000,1532,1576,finished,7,
7170,2022-08-09 00:00:00.000,338,1212,finished,4,
7173,2022-08-09 00:00:00.000,1903,1615,finished,4,
7174,2022-08-09 00:00:00.000,3754,892,finished,1,
7175,2022-08-09 00:00:00.000,2330,3654,finished,2,
7176,2022-08-09 00:00:00.000,1258,963,finished,7,
7178,2022-08-09 00:00:00.000,3477,1033,finished,6,
7181,2022-08-09 00:00:00.000,3754,1408,finished,1,
7182,2022-08-09 00:00:00.000,458,3109,finished,7,
7183,2022-08-09 00:00:00.000,2557,1523,canceled,2,
7186,2022-08-09 00:00:00.000,3971,964,finished,7,
7187,2022-08-09 00:00:00.000,2419,4733,finished,4,
7189,2022-08-09 00:00:00.000,3156,3458,finished,1,
7190,2022-08-09 00:00:00.000,2888,600,finished,4,
7191,2022-08-09 00:00:00.000,1654,3805,canceled,5,
7195,2022-08-09 00:00:00.000,598,2115,canceled,5,
7197,2022-08-09 00:00:00.000,3038,4407,finished,1,
7199,2022-08-09 00:00:00.000,504,4035,finished,2,
7200,2022-08-09 00:00:00.000,1326,1646,canceled,1,
7201,2022-08-09 00:00:00.000,1097,4055,finished,1,
7202,2022-08-09 00:00:00.000,997,2309,finished,2,
7205,2022-08-09 00:00:00.000,3989,4935,canceled,1,
7206,2022-08-09 00:00:00.000,4015,404,finished,7,
7207,2022-08-09 00:00:00.000,428,3652,finished,7,
7208,2022-08-10 00:00:00.000,2473,4449,finished,2,
7209,2022-08-10 00:00:00.000,3576,1838,finished,5,
7211,2022-08-10 00:00:00.000,1986,485,finished,6,
7212,2022-08-10 00:00:00.000,4804,1888,finished,2,
7213,2022-08-10 00:00:00.000,1728,137,finished,5,
7215,2022-08-10 00:00:00.000,3886,111,finished,6,
7217,2022-08-10 00:00:00.000,1728,600,canceled,5,
7218,2022-08-10 00:00:00.000,2820,1,finished,7,
7221,2022-08-10 00:00:00.000,2392,2849,finished,6,
7222,2022-08-10 00:00:00.000,2179,3751,finished,4,
7227,2022-08-10 00:00:00.000,3115,4363,finished,2,
7229,2022-08-10 00:00:00.000,4441,680,finished,4,
7230,2022-08-10 00:00:00.000,1001,1990,finished,6,
7231,2022-08-10 00:00:00.000,4015,1150,finished,7,
7232,2022-08-10 00:00:00.000,2493,4889,finished,6,
7233,2022-08-10 00:00:00.000,4752,2374,finished,7,
7237,2022-08-10 00:00:00.000,4015,3568,finished,7,
7240,2022-08-10 00:00:00.000,3190,989,finished,3,
7242,2022-08-10 00:00:00.000,2454,2790,canceled,2,
7243,2022-08-10 00:00:00.000,249,647,finished,6,
7248,2022-08-10 00:00:00.000,4545,771,finished,7,
7249,2022-08-10 00:00:00.000,660,1525,finished,1,
7250,2022-08-10 00:00:00.000,2381,398,finished,3,
7252,2022-08-10 00:00:00.000,2562,891,finished,4,
7253,2022-08-10 00:00:00.000,2520,3603,finished,3,
7254,2022-08-10 00:00:00.000,129,1479,finished,3,
7260,2022-08-10 00:00:00.000,2305,1066,finished,1,
7262,2022-08-10 00:00:00.000,4830,1750,finished,5,
7265,2022-08-10 00:00:00.000,7,3298,finished,6,
7266,2022-08-10 00:00:00.000,3175,920,finished,6,
7267,2022-08-10 00:00:00.000,3227,4102,finished,6,
7268,2022-08-10 00:00:00.000,3580,4355,finished,2,
7270,2022-08-10 00:00:00.000,2934,4337,finished,6,
7272,2022-08-10 00:00:00.000,2199,4815,finished,4,
7273,2022-08-10 00:00:00.000,1492,1353,finished,4,
7274,2022-08-10 00:00:00.000,2447,933,finished,2,
7275,2022-08-11 00:00:00.000,613,1006,finished,3,
7277,2022-08-11 00:00:00.000,4122,287,finished,5,
7280,2022-08-11 00:00:00.000,2192,2603,canceled,6,
7282,2022-08-11 00:00:00.000,1851,1547,finished,6,
7285,2022-08-11 00:00:00.000,4459,1599,finished,3,
7286,2022-08-11 00:00:00.000,1484,1522,finished,1,
7288,2022-08-11 00:00:00.000,3800,2067,finished,7,
7289,2022-08-11 00:00:00.000,1554,1502,finished,5,
7290,2022-08-11 00:00:00.000,879,1749,finished,1,
7292,2022-08-11 00:00:00.000,136,2559,finished,1,
7293,2022-08-11 00:00:00.000,515,1304,finished,4,
7295,2022-08-11 00:00:00.000,2699,2252,finished,1,
7296,2022-08-11 00:00:00.000,2344,2252,finished,6,
7297,2022-08-11 00:00:00.000,4143,4716,canceled,6,
7300,2022-08-11 00:00:00.000,2473,4021,finished,2,
7301,2022-08-11 00:00:00.000,645,4045,canceled,2,
7305,2022-08-11 00:00:00.000,513,3893,finished,1,
7306,2022-08-11 00:00:00.000,2493,882,canceled,6,
7307,2022-08-11 00:00:00.000,3029,1732,finished,5,
7308,2022-08-11 00:00:00.000,4596,1353,finished,1,
7309,2022-08-11 00:00:00.000,2850,3796,finished,5,
7311,2022-08-11 00:00:00.000,3880,44,canceled,4,
7312,2022-08-11 00:00:00.000,3530,3410,finished,4,
7313,2022-08-11 00:00:00.000,3257,1467,finished,5,
7314,2022-08-11 00:00:00.000,1172,3543,finished,7,
7315,2022-08-11 00:00:00.000,2377,1201,finished,7,
7318,2022-08-11 00:00:00.000,4849,2890,finished,3,
7320,2022-08-11 00:00:00.000,846,4029,finished,4,
7321,2022-08-11 00:00:00.000,1474,493,finished,7,
7323,2022-08-11 00:00:00.000,3240,719,finished,4,
7324,2022-08-11 00:00:00.000,4444,4708,finished,1,
7325,2022-08-11 00:00:00.000,338,2322,canceled,4,
7328,2022-08-11 00:00:00.000,2377,415,finished,7,
7330,2022-08-11 00:00:00.000,3013,3718,finished,4,
7331,2022-08-11 00:00:00.000,2973,3023,finished,4,
7332,2022-08-11 00:00:00.000,4005,1118,finished,7,
7336,2022-08-11 00:00:00.000,4662,2044,finished,5,
7338,2022-08-11 00:00:00.000,428,3157,finished,7,
7339,2022-08-11 00:00:00.000,2005,4601,finished,7,
7340,2022-08-11 00:00:00.000,2955,4579,finished,4,
7342,2022-08-11 00:00:00.000,4812,4076,finished,2,
7347,2022-08-12 00:00:00.000,2011,1055,canceled,3,
7349,2022-08-12 00:00:00.000,3858,1055,finished,4,
7350,2022-08-12 00:00:00.000,3835,415,finished,2,
7352,2022-08-12 00:00:00.000,4546,1402,finished,6,
7353,2022-08-12 00:00:00.000,4915,318,finished,7,
7356,2022-08-12 00:00:00.000,2905,2224,finished,2,
7357,2022-08-12 00:00:00.000,3179,3993,finished,3,
7361,2022-08-12 00:00:00.000,328,3258,finished,7,
7363,2022-08-12 00:00:00.000,645,4177,finished,2,
7365,2022-08-12 00:00:00.000,2037,3846,finished,7,
7366,2022-08-12 00:00:00.000,2512,3939,finished,7,
7367,2022-08-12 00:00:00.000,3097,3445,finished,6,
7369,2022-08-12 00:00:00.000,4304,284,finished,2,
7370,2022-08-12 00:00:00.000,1903,366,finished,4,
7372,2022-08-12 00:00:00.000,1239,4272,canceled,6,
7373,2022-08-12 00:00:00.000,328,3626,finished,7,
7379,2022-08-12 00:00:00.000,2465,1779,finished,7,
7381,2022-08-12 00:00:00.000,1903,3458,finished,4,
7382,2022-08-12 00:00:00.000,4349,111,finished,7,
7384,2022-08-12 00:00:00.000,566,3956,finished,4,
7386,2022-08-12 00:00:00.000,888,1663,canceled,3,
7388,2022-08-12 00:00:00.000,1630,2478,finished,4,
7389,2022-08-12 00:00:00.000,4849,4243,finished,3,
7390,2022-08-12 00:00:00.000,2192,1411,canceled,6,
7392,2022-08-12 00:00:00.000,1903,1388,finished,4,
7395,2022-08-12 00:00:00.000,4896,1898,finished,6,
7396,2022-08-12 00:00:00.000,3912,2153,finished,1,
7397,2022-08-12 00:00:00.000,421,1717,finished,6,
7403,2022-08-12 00:00:00.000,2048,4744,finished,7,
7404,2022-08-12 00:00:00.000,1328,4375,finished,4,
7405,2022-08-12 00:00:00.000,1357,3606,finished,3,
7406,2022-08-12 00:00:00.000,1456,4470,canceled,1,
7407,2022-08-12 00:00:00.000,1190,4339,finished,5,
7409,2022-08-12 00:00:00.000,1349,777,finished,1,
7410,2022-08-12 00:00:00.000,2092,753,finished,6,
7412,2022-08-12 00:00:00.000,3225,20,finished,1,
7413,2022-08-12 00:00:00.000,2092,4744,finished,6,
7414,2022-08-12 00:00:00.000,2243,2338,finished,1,
7416,2022-08-12 00:00:00.000,1856,152,finished,1,
7417,2022-08-12 00:00:00.000,3118,4073,finished,3,
7419,2022-08-13 00:00:00.000,1759,1925,finished,6,
7420,2022-08-13 00:00:00.000,4585,76,finished,7,
7423,2022-08-13 00:00:00.000,3880,4250,finished,4,
7424,2022-08-13 00:00:00.000,681,926,finished,5,
7426,2022-08-13 00:00:00.000,3227,641,canceled,6,
7428,2022-08-13 00:00:00.000,3212,2032,finished,7,
7430,2022-08-13 00:00:00.000,3855,2017,canceled,4,
7431,2022-08-13 00:00:00.000,1584,2909,finished,4,
7433,2022-08-13 00:00:00.000,1932,2474,finished,3,
7434,2022-08-13 00:00:00.000,2795,1304,finished,5,
7435,2022-08-13 00:00:00.000,4309,4686,finished,2,
7438,2022-08-13 00:00:00.000,4256,4117,canceled,5,
7439,2022-08-13 00:00:00.000,2623,3110,finished,4,
7440,2022-08-13 00:00:00.000,2243,1642,finished,1,
7441,2022-08-13 00:00:00.000,3880,2026,finished,4,
7442,2022-08-13 00:00:00.000,2166,4161,finished,4,
7443,2022-08-13 00:00:00.000,2820,4881,finished,7,
7444,2022-08-13 00:00:00.000,2005,309,finished,7,
7445,2022-08-13 00:00:00.000,4095,4885,finished,4,
7446,2022-08-13 00:00:00.000,538,2223,finished,1,
7448,2022-08-13 00:00:00.000,681,2827,canceled,5,
7451,2022-08-13 00:00:00.000,3048,730,finished,6,
7453,2022-08-13 00:00:00.000,2199,1743,finished,4,
7456,2022-08-13 00:00:00.000,901,1685,finished,1,
7460,2022-08-13 00:00:00.000,2888,3486,canceled,4,
7463,2022-08-13 00:00:00.000,754,4117,finished,6,
7464,2022-08-13 00:00:00.000,4923,530,finished,5,
7468,2022-08-13 00:00:00.000,4896,1689,canceled,6,
7469,2022-08-13 00:00:00.000,4234,2380,canceled,1,
7471,2022-08-13 00:00:00.000,4541,4125,finished,2,
7472,2022-08-13 00:00:00.000,820,969,finished,3,
7473,2022-08-13 00:00:00.000,2274,927,finished,5,
7475,2022-08-13 00:00:00.000,4268,3252,finished,5,
7477,2022-08-13 00:00:00.000,1856,3200,finished,1,
7479,2022-08-13 00:00:00.000,3425,753,finished,7,
7480,2022-08-13 00:00:00.000,1234,3285,finished,6,
7481,2022-08-13 00:00:00.000,1233,1780,finished,3,
7483,2022-08-13 00:00:00.000,2011,898,finished,3,
7484,2022-08-13 00:00:00.000,2392,4019,finished,6,
7486,2022-08-13 00:00:00.000,4108,329,finished,7,
7488,2022-08-13 00:00:00.000,2639,753,finished,7,
7489,2022-08-13 00:00:00.000,4915,2923,finished,7,
7490,2022-08-13 00:00:00.000,4103,647,canceled,6,
7492,2022-08-13 00:00:00.000,2651,2386,finished,6,
7493,2022-08-14 00:00:00.000,2330,2849,finished,2,
7495,2022-08-14 00:00:00.000,912,4440,finished,5,
7496,2022-08-14 00:00:00.000,4289,1604,finished,3,
7498,2022-08-14 00:00:00.000,47,2396,finished,5,
7499,2022-08-14 00:00:00.000,2591,382,finished,4,
7502,2022-08-14 00:00:00.000,4597,715,finished,6,
7504,2022-08-14 00:00:00.000,4915,1610,finished,7,
7505,2022-08-14 00:00:00.000,2344,4288,finished,6,
7506,2022-08-14 00:00:00.000,518,1300,canceled,6,
7507,2022-08-14 00:00:00.000,4425,1549,finished,6,
7509,2022-08-14 00:00:00.000,2473,1338,finished,2,
7511,2022-08-14 00:00:00.000,4486,1646,finished,1,
7514,2022-08-14 00:00:00.000,1806,3473,finished,2,
7517,2022-08-14 00:00:00.000,1712,1655,finished,3,
7519,2022-08-14 00:00:00.000,1654,247,finished,5,
7520,2022-08-14 00:00:00.000,1584,2899,canceled,4,
7521,2022-08-14 00:00:00.000,3538,4936,canceled,3,
7523,2022-08-14 00:00:00.000,4441,4457,finished,4,
7525,2022-08-14 00:00:00.000,2850,1346,finished,5,
7526,2022-08-14 00:00:00.000,1630,872,finished,4,
7527,2022-08-14 00:00:00.000,2985,972,finished,7,
7529,2022-08-14 00:00:00.000,606,4881,finished,1,
7530,2022-08-14 00:00:00.000,786,1007,canceled,7,
7531,2022-08-14 00:00:00.000,2850,4286,finished,5,
7532,2022-08-14 00:00:00.000,1258,969,finished,7,
7535,2022-08-14 00:00:00.000,1433,989,finished,1,
7540,2022-08-14 00:00:00.000,4541,2445,finished,2,
7541,2022-08-14 00:00:00.000,1927,4286,finished,3,
7542,2022-08-14 00:00:00.000,3108,1140,finished,5,
7543,2022-08-14 00:00:00.000,2243,2094,finished,1,
7544,2022-08-14 00:00:00.000,3547,386,finished,4,
7545,2022-08-14 00:00:00.000,1856,3095,finished,1,
7546,2022-08-14 00:00:00.000,2454,1430,finished,2,
7548,2022-08-14 00:00:00.000,1937,1235,finished,4,
7550,2022-08-14 00:00:00.000,2123,4786,finished,4,
7551,2022-08-14 00:00:00.000,1484,4263,finished,1,
7555,2022-08-14 00:00:00.000,328,4036,finished,7,
7556,2022-08-14 00:00:00.000,4164,4149,canceled,7,
7558,2022-08-14 00:00:00.000,513,3107,finished,1,
7560,2022-08-14 00:00:00.000,1296,1455,finished,6,
7561,2022-08-14 00:00:00.000,3213,1143,finished,3,
7562,2022-08-15 00:00:00.000,4565,1254,canceled,7,
7564,2022-08-15 00:00:00.000,4465,4678,canceled,5,
7565,2022-08-15 00:00:00.000,3402,4757,finished,7,
7566,2022-08-15 00:00:00.000,3971,4579,finished,7,
7568,2022-08-15 00:00:00.000,4003,3473,finished,7,
7569,2022-08-15 00:00:00.000,3402,1523,finished,7,
7570,2022-08-15 00:00:00.000,1110,1689,finished,2,
7571,2022-08-15 00:00:00.000,2480,927,canceled,1,
7573,2022-08-15 00:00:00.000,1434,3276,finished,2,
7574,2022-08-15 00:00:00.000,4798,309,finished,7,
7580,2022-08-15 00:00:00.000,820,2338,finished,3,
7582,2022-08-15 00:00:00.000,1552,464,finished,4,
7583,2022-08-15 00:00:00.000,4000,1540,finished,7,
7584,2022-08-15 00:00:00.000,1914,1058,finished,6,
7586,2022-08-15 00:00:00.000,4595,1676,finished,1,
7587,2022-08-15 00:00:00.000,4611,2666,canceled,6,
7589,2022-08-15 00:00:00.000,2392,4045,finished,6,
7590,2022-08-15 00:00:00.000,2699,2929,canceled,1,
7591,2022-08-15 00:00:00.000,3005,4243,finished,4,
7592,2022-08-15 00:00:00.000,2377,3255,finished,7,
7593,2022-08-15 00:00:00.000,4256,2634,finished,5,
7594,2022-08-15 00:00:00.000,4863,609,finished,6,
7596,2022-08-15 00:00:00.000,1484,4956,finished,1,
7599,2022-08-15 00:00:00.000,4108,2742,finished,7,
7600,2022-08-15 00:00:00.000,4843,2015,finished,6,
7601,2022-08-15 00:00:00.000,4003,2497,finished,7,
7604,2022-08-15 00:00:00.000,2920,3192,finished,4,
7605,2022-08-15 00:00:00.000,2192,2034,finished,6,
7608,2022-08-15 00:00:00.000,4256,1542,finished,5,
7610,2022-08-15 00:00:00.000,1668,4243,finished,6,
7611,2022-08-15 00:00:00.000,4314,4092,finished,7,
7614,2022-08-15 00:00:00.000,3989,176,canceled,1,
7616,2022-08-15 00:00:00.000,1262,4632,finished,5,
7617,2022-08-15 00:00:00.000,2081,539,canceled,3,
7620,2022-08-15 00:00:00.000,455,4089,finished,7,
7621,2022-08-15 00:00:00.000,4852,530,finished,5,
7622,2022-08-15 00:00:00.000,2453,152,finished,2,
7623,2022-08-15 00:00:00.000,4256,4052,canceled,5,
7627,2022-08-15 00:00:00.000,4777,1990,finished,4,
7628,2022-08-15 00:00:00.000,2344,2205,finished,6,
7629,2022-08-15 00:00:00.000,3787,2323,canceled,1,
7630,2022-08-16 00:00:00.000,3213,1604,finished,3,
7631,2022-08-16 00:00:00.000,1234,2187,finished,6,
7637,2022-08-16 00:00:00.000,754,535,finished,6,
7640,2022-08-16 00:00:00.000,2605,2187,finished,5,
7642,2022-08-16 00:00:00.000,2733,308,finished,5,
7643,2022-08-16 00:00:00.000,3858,2270,finished,4,
7644,2022-08-16 00:00:00.000,1233,1550,finished,3,
7645,2022-08-16 00:00:00.000,3462,3796,finished,4,
7646,2022-08-16 00:00:00.000,4796,4578,finished,3,
7647,2022-08-16 00:00:00.000,1903,2801,canceled,4,
7648,2022-08-16 00:00:00.000,1291,2563,finished,2,
7650,2022-08-16 00:00:00.000,2777,3130,finished,6,
7651,2022-08-16 00:00:00.000,3284,486,finished,2,
7653,2022-08-16 00:00:00.000,3704,1638,finished,1,
7656,2022-08-16 00:00:00.000,1169,456,canceled,6,
7657,2022-08-16 00:00:00.000,235,2191,finished,2,
7660,2022-08-16 00:00:00.000,4731,237,finished,2,
7662,2022-08-16 00:00:00.000,249,4476,finished,6,
7664,2022-08-16 00:00:00.000,695,4881,finished,7,
7665,2022-08-16 00:00:00.000,4798,1968,finished,7,
7667,2022-08-16 00:00:00.000,7,3155,finished,6,
7668,2022-08-16 00:00:00.000,4486,591,finished,1,
7670,2022-08-16 00:00:00.000,1109,1300,finished,3,
7674,2022-08-16 00:00:00.000,1366,419,finished,3,
7675,2022-08-16 00:00:00.000,4349,4496,finished,7,
7676,2022-08-16 00:00:00.000,2488,4331,finished,7,
7677,2022-08-16 00:00:00.000,4444,4036,canceled,1,
7679,2022-08-16 00:00:00.000,3717,341,finished,5,
7682,2022-08-16 00:00:00.000,3066,2899,finished,3,
7683,2022-08-16 00:00:00.000,3641,916,finished,7,
7684,2022-08-16 00:00:00.000,2934,1713,finished,6,
7686,2022-08-16 00:00:00.000,3415,3816,canceled,4,
7687,2022-08-16 00:00:00.000,271,1016,finished,5,
7688,2022-08-16 00:00:00.000,3048,4004,finished,6,
7689,2022-08-16 00:00:00.000,3880,3169,finished,4,
7690,2022-08-16 00:00:00.000,3624,1888,canceled,3,
7691,2022-08-16 00:00:00.000,2373,989,finished,2,
7695,2022-08-16 00:00:00.000,1817,4572,finished,7,
7696,2022-08-16 00:00:00.000,4015,4112,finished,7,
7701,2022-08-16 00:00:00.000,3989,2087,finished,1,
7703,2022-08-16 00:00:00.000,955,2525,finished,4,
7706,2022-08-16 00:00:00.000,4314,1400,finished,7,
7707,2022-08-17 00:00:00.000,4256,793,finished,5,
7708,2022-08-17 00:00:00.000,1989,2224,finished,2,
7709,2022-08-17 00:00:00.000,2488,480,finished,7,
7712,2022-08-17 00:00:00.000,1170,4754,finished,2,
7713,2022-08-17 00:00:00.000,1903,3056,canceled,4,
7715,2022-08-17 00:00:00.000,3121,79,finished,5,
7716,2022-08-17 00:00:00.000,3969,1700,canceled,4,
7717,2022-08-17 00:00:00.000,4546,3698,finished,6,
7718,2022-08-17 00:00:00.000,4486,1807,finished,1,
7719,2022-08-17 00:00:00.000,200,938,canceled,7,
7721,2022-08-17 00:00:00.000,1069,4389,finished,6,
7722,2022-08-17 00:00:00.000,3251,509,finished,5,
7723,2022-08-17 00:00:00.000,572,3978,finished,6,
7724,2022-08-17 00:00:00.000,1236,1638,finished,4,
7726,2022-08-17 00:00:00.000,2181,2857,finished,2,
7728,2022-08-17 00:00:00.000,2955,1717,finished,4,
7730,2022-08-17 00:00:00.000,1456,278,finished,1,
7731,2022-08-17 00:00:00.000,1856,3579,finished,1,
7733,2022-08-17 00:00:00.000,1552,4734,canceled,4,
7734,2022-08-17 00:00:00.000,1357,222,canceled,3,
7736,2022-08-17 00:00:00.000,4003,4213,finished,7,
7740,2022-08-17 00:00:00.000,1069,1313,canceled,6,
7741,2022-08-17 00:00:00.000,221,1771,finished,1,
7742,2022-08-17 00:00:00.000,3969,2669,finished,4,
7743,2022-08-17 00:00:00.000,3886,2443,canceled,6,
7748,2022-08-17 00:00:00.000,3213,1515,finished,3,
7749,2022-08-17 00:00:00.000,2179,4139,finished,4,
7750,2022-08-17 00:00:00.000,1291,2462,finished,2,
7752,2022-08-17 00:00:00.000,3989,247,canceled,1,
7754,2022-08-17 00:00:00.000,2892,666,canceled,7,
7755,2022-08-17 00:00:00.000,1250,1614,finished,7,
7756,2022-08-17 00:00:00.000,1190,920,finished,5,
7760,2022-08-17 00:00:00.000,2092,1487,finished,6,
7763,2022-08-17 00:00:00.000,2520,4440,finished,3,
7764,2022-08-17 00:00:00.000,2274,833,finished,5,
7766,2022-08-17 00:00:00.000,854,2417,finished,2,
7767,2022-08-17 00:00:00.000,4502,3140,finished,4,
7771,2022-08-17 00:00:00.000,987,3608,finished,5,
7772,2022-08-17 00:00:00.000,4522,3453,finished,7,
7774,2022-08-17 00:00:00.000,1233,3825,finished,3,
7775,2022-08-17 00:00:00.000,458,4049,finished,7,
7777,2022-08-17 00:00:00.000,3213,1671,finished,3,
7778,2022-08-17 00:00:00.000,1242,1082,finished,3,
7781,2022-08-17 00:00:00.000,3704,535,canceled,1,
7782,2022-08-17 00:00:00.000,3400,539,finished,1,
7783,2022-08-17 00:00:00.000,4268,4233,finished,5,
7784,2022-08-17 00:00:00.000,1554,2686,finished,5,
7788,2022-08-17 00:00:00.000,613,3361,finished,3,
7789,2022-08-17 00:00:00.000,5000,3292,finished,2,
7790,2022-08-17 00:00:00.000,1509,2495,finished,4,
7792,2022-08-17 00:00:00.000,2419,1087,finished,4,
7793,2022-08-17 00:00:00.000,1654,4327,finished,5,
7794,2022-08-17 00:00:00.000,3714,3804,finished,7,
7795,2022-08-17 00:00:00.000,3615,3953,finished,5,
7799,2022-08-18 00:00:00.000,4879,577,finished,4,
7800,2022-08-18 00:00:00.000,4830,2082,finished,5,
7801,2022-08-18 00:00:00.000,2650,3008,finished,5,
7802,2022-08-18 00:00:00.000,3156,1468,finished,1,
7803,2022-08-18 00:00:00.000,1509,4327,finished,4,
7804,2022-08-18 00:00:00.000,4219,1356,canceled,6,
7805,2022-08-18 00:00:00.000,3538,2201,finished,3,
7809,2022-08-18 00:00:00.000,4812,1782,finished,2,
7810,2022-08-18 00:00:00.000,695,4308,finished,7,
7811,2022-08-18 00:00:00.000,4001,4023,finished,6,
7814,2022-08-18 00:00:00.000,2373,1580,finished,2,
7816,2022-08-18 00:00:00.000,3855,605,finished,4,
7818,2022-08-18 00:00:00.000,477,1638,canceled,4,
7820,2022-08-18 00:00:00.000,819,2597,finished,7,
7823,2022-08-18 00:00:00.000,4143,771,finished,6,
7824,2022-08-18 00:00:00.000,249,693,finished,6,
7825,2022-08-18 00:00:00.000,2192,2050,finished,6,
7826,2022-08-18 00:00:00.000,4662,3199,finished,5,
7828,2022-08-18 00:00:00.000,1533,2849,finished,6,
7829,2022-08-18 00:00:00.000,1189,2476,finished,4,
7830,2022-08-18 00:00:00.000,271,3652,finished,5,
7831,2022-08-18 00:00:00.000,4914,1388,finished,1,
7832,2022-08-18 00:00:00.000,1091,2445,finished,1,
7833,2022-08-18 00:00:00.000,1262,1586,finished,5,
7834,2022-08-18 00:00:00.000,2493,1329,canceled,6,
7835,2022-08-18 00:00:00.000,1262,2082,finished,5,
7836,2022-08-18 00:00:00.000,4256,1922,finished,5,
7838,2022-08-18 00:00:00.000,4831,4867,finished,4,
7839,2022-08-18 00:00:00.000,660,2499,finished,1,
7840,2022-08-18 00:00:00.000,1366,2167,finished,3,
7841,2022-08-18 00:00:00.000,4103,1596,finished,6,
7842,2022-08-18 00:00:00.000,2850,1750,finished,5,
7843,2022-08-18 00:00:00.000,4798,2951,finished,7,
7844,2022-08-18 00:00:00.000,4776,4241,finished,4,
7845,2022-08-18 00:00:00.000,2562,430,canceled,4,
7846,2022-08-18 00:00:00.000,786,2681,finished,7,
7847,2022-08-18 00:00:00.000,1190,3458,finished,5,
7848,2022-08-18 00:00:00.000,2262,684,canceled,3,
7849,2022-08-18 00:00:00.000,3615,1863,finished,5,
7850,2022-08-18 00:00:00.000,2591,2143,canceled,4,
7852,2022-08-18 00:00:00.000,325,152,finished,5,
7854,2022-08-18 00:00:00.000,2192,500,finished,6,
7855,2022-08-18 00:00:00.000,997,3148,finished,2,
7856,2022-08-18 00:00:00.000,4015,4355,finished,7,
7857,2022-08-18 00:00:00.000,4150,2801,finished,6,
7859,2022-08-18 00:00:00.000,54,1539,finished,3,
7860,2022-08-18 00:00:00.000,4522,680,finished,7,
7863,2022-08-18 00:00:00.000,504,1687,canceled,2,
7864,2022-08-18 00:00:00.000,1890,4195,finished,5,
7867,2022-08-18 00:00:00.000,1314,673,canceled,4,
7868,2022-08-18 00:00:00.000,4486,3454,finished,1,
7869,2022-08-18 00:00:00.000,3213,4149,finished,3,
7870,2022-08-18 00:00:00.000,2400,4964,finished,1,
7871,2022-08-18 00:00:00.000,2555,1283,finished,4,
7872,2022-08-18 00:00:00.000,1754,441,finished,1,
7874,2022-08-18 00:00:00.000,946,3167,finished,3,
7875,2022-08-18 00:00:00.000,4314,4675,finished,7,
7876,2022-08-18 00:00:00.000,2173,2167,finished,3,
7877,2022-08-18 00:00:00.000,3097,2615,finished,6,
7878,2022-08-19 00:00:00.000,2777,121,finished,6,
7882,2022-08-19 00:00:00.000,1433,3897,finished,1,
7884,2022-08-19 00:00:00.000,221,2414,finished,1,
7885,2022-08-19 00:00:00.000,4289,3685,canceled,3,
7886,2022-08-19 00:00:00.000,3941,1785,finished,4,
7888,2022-08-19 00:00:00.000,4269,3543,canceled,1,
7891,2022-08-19 00:00:00.000,1462,1387,canceled,2,
7893,2022-08-19 00:00:00.000,2265,2903,finished,2,
7894,2022-08-19 00:00:00.000,4003,2306,finished,7,
7895,2022-08-19 00:00:00.000,1189,3093,finished,4,
7896,2022-08-19 00:00:00.000,2465,2281,finished,7,
7899,2022-08-19 00:00:00.000,229,1670,finished,3,
7900,2022-08-19 00:00:00.000,2081,4946,finished,3,
7901,2022-08-19 00:00:00.000,2089,932,finished,6,
7903,2022-08-19 00:00:00.000,603,1445,finished,3,
7905,2022-08-19 00:00:00.000,3290,1171,finished,4,
7906,2022-08-19 00:00:00.000,4608,1467,finished,1,
7907,2022-08-19 00:00:00.000,4798,4871,finished,7,
7908,2022-08-19 00:00:00.000,162,4125,finished,2,
7912,2022-08-19 00:00:00.000,1526,3827,finished,5,
7913,2022-08-19 00:00:00.000,1544,3130,canceled,4,
7914,2022-08-19 00:00:00.000,2805,4861,finished,3,
7916,2022-08-19 00:00:00.000,136,329,finished,1,
7917,2022-08-19 00:00:00.000,4249,4861,finished,7,
7918,2022-08-19 00:00:00.000,494,3564,finished,6,
7919,2022-08-19 00:00:00.000,3350,3513,canceled,3,
7920,2022-08-19 00:00:00.000,4585,1411,finished,7,
7924,2022-08-19 00:00:00.000,1258,4529,finished,7,
7925,2022-08-19 00:00:00.000,4001,1538,canceled,6,
7926,2022-08-19 00:00:00.000,3576,1973,finished,5,
7927,2022-08-19 00:00:00.000,2192,137,finished,6,
7928,2022-08-19 00:00:00.000,2194,4394,finished,5,
7929,2022-08-19 00:00:00.000,786,3933,finished,7,
7931,2022-08-19 00:00:00.000,1768,2753,finished,4,
7933,2022-08-19 00:00:00.000,231,1088,finished,4,
7935,2022-08-19 00:00:00.000,4833,1999,canceled,1,
7936,2022-08-19 00:00:00.000,2733,4748,finished,5,
7937,2022-08-19 00:00:00.000,1532,358,finished,7,
7938,2022-08-19 00:00:00.000,2623,2716,finished,4,
7941,2022-08-19 00:00:00.000,1357,3638,finished,3,
7942,2022-08-19 00:00:00.000,3717,3426,finished,5,
7943,2022-08-19 00:00:00.000,482,3921,finished,3,
7944,2022-08-19 00:00:00.000,4103,1549,canceled,6,
7946,2022-08-19 00:00:00.000,1776,3903,finished,7,
7951,2022-08-19 00:00:00.000,1752,1096,finished,3,
7953,2022-08-20 00:00:00.000,4608,3169,finished,1,
7954,2022-08-20 00:00:00.000,3031,2099,finished,6,
7955,2022-08-20 00:00:00.000,1106,2762,finished,7,
7956,2022-08-20 00:00:00.000,4256,670,finished,5,
7965,2022-08-20 00:00:00.000,4256,3480,finished,5,
7966,2022-08-20 00:00:00.000,1124,343,finished,4,
7967,2022-08-20 00:00:00.000,3402,4515,canceled,7,
7968,2022-08-20 00:00:00.000,3066,2889,finished,3,
7969,2022-08-20 00:00:00.000,3869,3658,finished,7,
7972,2022-08-20 00:00:00.000,2001,2085,finished,1,
7973,2022-08-20 00:00:00.000,2392,4327,finished,6,
7975,2022-08-20 00:00:00.000,2192,957,finished,6,
7976,2022-08-20 00:00:00.000,4753,4489,canceled,1,
7978,2022-08-20 00:00:00.000,977,121,finished,5,
7979,2022-08-20 00:00:00.000,4835,3678,finished,1,
7980,2022-08-20 00:00:00.000,1545,4390,finished,7,
7982,2022-08-20 00:00:00.000,1258,2323,finished,7,
7984,2022-08-20 00:00:00.000,355,2026,finished,1,
7988,2022-08-20 00:00:00.000,3179,1930,finished,3,
7990,2022-08-20 00:00:00.000,997,3167,canceled,2,
7991,2022-08-20 00:00:00.000,1776,2386,finished,7,
7992,2022-08-20 00:00:00.000,3114,1973,canceled,5,
7993,2022-08-20 00:00:00.000,2194,2094,finished,5,
7994,2022-08-20 00:00:00.000,2048,154,finished,7,
7995,2022-08-20 00:00:00.000,4852,3250,canceled,5,
7996,2022-08-20 00:00:00.000,1552,3454,finished,4,
7997,2022-08-20 00:00:00.000,391,2790,finished,7,
7998,2022-08-20 00:00:00.000,4314,3009,finished,7,
8000,2022-08-20 00:00:00.000,4565,111,finished,7,
8003,2022-08-20 00:00:00.000,4256,944,canceled,5,
8004,2022-08-20 00:00:00.000,1314,4799,finished,4,
8005,2022-08-20 00:00:00.000,4732,4284,finished,3,
8006,2022-08-20 00:00:00.000,2454,2845,canceled,2,
8007,2022-08-20 00:00:00.000,2700,1320,finished,5,
8008,2022-08-20 00:00:00.000,4798,1774,finished,7,
8012,2022-08-20 00:00:00.000,3421,3805,finished,3,
8014,2022-08-20 00:00:00.000,1357,402,canceled,3,
8015,2022-08-20 00:00:00.000,1736,1313,finished,3,
8017,2022-08-20 00:00:00.000,1314,4180,canceled,4,
8019,2022-08-20 00:00:00.000,2123,3684,finished,4,
8024,2022-08-20 00:00:00.000,73,2898,finished,6,
8028,2022-08-20 00:00:00.000,1498,4567,canceled,4,
8032,2022-08-21 00:00:00.000,1069,3513,canceled,6,
8033,2022-08-21 00:00:00.000,2089,4243,finished,6,
8034,2022-08-21 00:00:00.000,421,4019,finished,6,
8038,2022-08-21 00:00:00.000,997,500,finished,2,
8039,2022-08-21 00:00:00.000,1856,1973,finished,1,
8040,2022-08-21 00:00:00.000,3101,2889,finished,6,
8042,2022-08-21 00:00:00.000,3787,509,finished,1,
8047,2022-08-21 00:00:00.000,423,3376,finished,1,
8049,2022-08-21 00:00:00.000,786,2467,finished,7,
8050,2022-08-21 00:00:00.000,2887,577,canceled,5,
8051,2022-08-21 00:00:00.000,1228,3398,finished,7,
8055,2022-08-21 00:00:00.000,2662,3915,finished,1,
8056,2022-08-21 00:00:00.000,2262,920,canceled,3,
8057,2022-08-21 00:00:00.000,482,2402,finished,3,
8060,2022-08-21 00:00:00.000,2406,2736,finished,2,
8063,2022-08-21 00:00:00.000,310,1316,finished,6,
8064,2022-08-21 00:00:00.000,1552,4176,finished,4,
8065,2022-08-21 00:00:00.000,4334,1602,finished,2,
8066,2022-08-21 00:00:00.000,4796,1936,finished,3,
8067,2022-08-21 00:00:00.000,2134,539,finished,1,
8070,2022-08-21 00:00:00.000,2330,2167,finished,2,
8071,2022-08-21 00:00:00.000,645,3410,finished,2,
8072,2022-08-21 00:00:00.000,3883,4153,canceled,2,
8073,2022-08-21 00:00:00.000,3855,1016,finished,4,
8074,2022-08-21 00:00:00.000,3274,2841,finished,6,
8075,2022-08-21 00:00:00.000,1955,4337,finished,5,
8077,2022-08-21 00:00:00.000,235,3408,finished,2,
8078,2022-08-21 00:00:00.000,3580,1245,finished,2,
8081,2022-08-21 00:00:00.000,3717,1465,finished,5,
8082,2022-08-21 00:00:00.000,3402,4347,finished,7,
8084,2022-08-21 00:00:00.000,681,835,finished,5,
8085,2022-08-21 00:00:00.000,1021,3745,finished,5,
8086,2022-08-21 00:00:00.000,3704,4592,finished,1,
8087,2022-08-21 00:00:00.000,685,4587,finished,1,
8088,2022-08-21 00:00:00.000,3118,998,finished,3,
8090,2022-08-21 00:00:00.000,4429,18,finished,5,
8091,2022-08-21 00:00:00.000,3989,2736,finished,1,
8095,2022-08-21 00:00:00.000,820,4447,finished,3,
8097,2022-08-21 00:00:00.000,1132,4827,finished,6,
8099,2022-08-21 00:00:00.000,4647,4748,finished,1,
8102,2022-08-22 00:00:00.000,4000,3654,finished,7,
8105,2022-08-22 00:00:00.000,3101,2899,finished,6,
8106,2022-08-22 00:00:00.000,3835,4871,finished,2,
8107,2022-08-22 00:00:00.000,4480,4023,canceled,3,
8108,2022-08-22 00:00:00.000,3615,2498,finished,5,
8109,2022-08-22 00:00:00.000,3641,1557,finished,7,
8111,2022-08-22 00:00:00.000,1449,4161,canceled,7,
8112,2022-08-22 00:00:00.000,3855,599,finished,4,
8116,2022-08-22 00:00:00.000,3322,3169,finished,1,
8117,2022-08-22 00:00:00.000,1544,1618,canceled,4,
8118,2022-08-22 00:00:00.000,2636,2856,finished,1,
8119,2022-08-22 00:00:00.000,4546,3169,finished,6,
8120,2022-08-22 00:00:00.000,1190,1980,canceled,5,
8121,2022-08-22 00:00:00.000,4920,2223,finished,1,
8122,2022-08-22 00:00:00.000,2605,2801,finished,5,
8124,2022-08-22 00:00:00.000,4522,3783,finished,7,
8125,2022-08-22 00:00:00.000,73,2524,finished,6,
8129,2022-08-22 00:00:00.000,5000,2948,finished,2,
8130,2022-08-22 00:00:00.000,3717,3431,finished,5,
8132,2022-08-22 00:00:00.000,4255,1968,finished,6,
8138,2022-08-22 00:00:00.000,3101,4017,finished,6,
8139,2022-08-22 00:00:00.000,2294,3676,finished,7,
8140,2022-08-22 00:00:00.000,2294,3104,finished,7,
8144,2022-08-22 00:00:00.000,3029,1599,finished,5,
8145,2022-08-22 00:00:00.000,3615,4678,finished,5,
8146,2022-08-22 00:00:00.000,3505,3997,finished,4,
8147,2022-08-22 00:00:00.000,3402,3804,finished,7,
8149,2022-08-22 00:00:00.000,4465,3728,finished,5,
8150,2022-08-22 00:00:00.000,1853,1500,finished,1,
8151,2022-08-22 00:00:00.000,1545,1411,finished,7,
8152,2022-08-22 00:00:00.000,2888,1212,canceled,4,
8153,2022-08-22 00:00:00.000,3477,169,finished,6,
8154,2022-08-22 00:00:00.000,4441,1050,finished,4,
8155,2022-08-22 00:00:00.000,1986,2141,finished,6,
8156,2022-08-22 00:00:00.000,1197,1511,finished,3,
8157,2022-08-22 00:00:00.000,3912,1689,finished,1,
8158,2022-08-22 00:00:00.000,4628,2847,canceled,6,
8159,2022-08-22 00:00:00.000,203,2017,finished,5,
8160,2022-08-22 00:00:00.000,4255,3366,finished,6,
8163,2022-08-22 00:00:00.000,3855,2052,finished,4,
8164,2022-08-22 00:00:00.000,1851,426,finished,6,
8165,2022-08-22 00:00:00.000,3852,1834,finished,1,
8167,2022-08-22 00:00:00.000,4441,340,finished,4,
8168,2022-08-22 00:00:00.000,685,4686,canceled,1,
8170,2022-08-22 00:00:00.000,3421,2732,finished,3,
8171,2022-08-22 00:00:00.000,1251,2375,finished,5,
8172,2022-08-22 00:00:00.000,695,169,finished,7,
8173,2022-08-22 00:00:00.000,3733,920,finished,4,
8174,2022-08-22 00:00:00.000,4565,3540,canceled,7,
8177,2022-08-23 00:00:00.000,1760,3520,finished,6,
8178,2022-08-23 00:00:00.000,4268,935,finished,5,
8182,2022-08-23 00:00:00.000,2506,3551,finished,5,
8183,2022-08-23 00:00:00.000,2920,3654,canceled,4,
8186,2022-08-23 00:00:00.000,901,1547,canceled,1,
8187,2022-08-23 00:00:00.000,1754,3655,finished,1,
8188,2022-08-23 00:00:00.000,423,3991,finished,1,
8189,2022-08-23 00:00:00.000,2098,3543,finished,2,
8191,2022-08-23 00:00:00.000,4015,1603,finished,7,
8193,2022-08-23 00:00:00.000,2699,4035,finished,1,
8196,2022-08-23 00:00:00.000,3287,4037,finished,6,
8197,2022-08-23 00:00:00.000,4211,189,finished,2,
8198,2022-08-23 00:00:00.000,3088,1716,finished,2,
8199,2022-08-23 00:00:00.000,4664,3366,finished,7,
8200,2022-08-23 00:00:00.000,75,4016,finished,5,
8201,2022-08-23 00:00:00.000,1552,3980,canceled,4,
8204,2022-08-23 00:00:00.000,1806,3909,finished,2,
8205,2022-08-23 00:00:00.000,2733,2697,finished,5,
8206,2022-08-23 00:00:00.000,1347,2159,finished,1,
8208,2022-08-23 00:00:00.000,3302,2615,finished,6,
8209,2022-08-23 00:00:00.000,16,2087,finished,6,
8210,2022-08-23 00:00:00.000,3717,2311,finished,5,
8212,2022-08-23 00:00:00.000,4595,753,canceled,1,
8213,2022-08-23 00:00:00.000,2591,352,canceled,4,
8214,2022-08-23 00:00:00.000,4304,1071,finished,2,
8215,2022-08-23 00:00:00.000,3060,2564,canceled,6,
8217,2022-08-23 00:00:00.000,2465,3805,finished,7,
8218,2022-08-23 00:00:00.000,1668,1286,finished,6,
8219,2022-08-23 00:00:00.000,1262,664,finished,5,
8220,2022-08-23 00:00:00.000,3462,3902,finished,4,
8224,2022-08-23 00:00:00.000,3972,3701,canceled,5,
8225,2022-08-23 00:00:00.000,4150,167,finished,6,
8228,2022-08-23 00:00:00.000,3724,1283,finished,1,
8230,2022-08-23 00:00:00.000,2192,3193,finished,6,
8231,2022-08-23 00:00:00.000,4278,757,finished,7,
8233,2022-08-23 00:00:00.000,56,3909,canceled,7,
8234,2022-08-23 00:00:00.000,3615,1952,finished,5,
8237,2022-08-23 00:00:00.000,4441,4438,finished,4,
8238,2022-08-23 00:00:00.000,2406,3764,finished,2,
8239,2022-08-23 00:00:00.000,4056,2951,finished,6,
8240,2022-08-23 00:00:00.000,3886,1472,canceled,6,
8241,2022-08-23 00:00:00.000,3029,988,finished,5,
8242,2022-08-23 00:00:00.000,4753,1476,finished,1,
8243,2022-08-23 00:00:00.000,3590,4888,finished,2,
8245,2022-08-23 00:00:00.000,1776,3366,finished,7,
8246,2022-08-23 00:00:00.000,2662,4704,finished,1,
8251,2022-08-23 00:00:00.000,1563,4870,finished,7,
8254,2022-08-23 00:00:00.000,845,4355,finished,6,
8255,2022-08-23 00:00:00.000,310,1162,finished,6,
8256,2022-08-23 00:00:00.000,1357,2826,finished,3,
8257,2022-08-23 00:00:00.000,1903,4678,finished,4,
8258,2022-08-23 00:00:00.000,681,3081,finished,5,
8261,2022-08-23 00:00:00.000,1725,2857,finished,6,
8262,2022-08-23 00:00:00.000,2089,4454,finished,6,
8263,2022-08-23 00:00:00.000,3462,3766,finished,4,
8264,2022-08-23 00:00:00.000,1776,2169,canceled,7,
8265,2022-08-23 00:00:00.000,2089,4178,finished,6,
8266,2022-08-24 00:00:00.000,786,1465,finished,7,
8268,2022-08-24 00:00:00.000,3632,343,finished,4,
8269,2022-08-24 00:00:00.000,1893,4244,canceled,6,
8271,2022-08-24 00:00:00.000,4752,2120,finished,7,
8272,2022-08-24 00:00:00.000,1712,1216,finished,3,
8274,2022-08-24 00:00:00.000,1398,3685,finished,7,
8275,2022-08-24 00:00:00.000,3257,1983,finished,5,
8276,2022-08-24 00:00:00.000,1712,121,finished,3,
8278,2022-08-24 00:00:00.000,4452,2694,finished,3,
8280,2022-08-24 00:00:00.000,4545,1450,finished,7,
8282,2022-08-24 00:00:00.000,3462,1094,finished,4,
8284,2022-08-24 00:00:00.000,846,4175,canceled,4,
8285,2022-08-24 00:00:00.000,2001,109,finished,1,
8286,2022-08-24 00:00:00.000,1299,3534,canceled,4,
8289,2022-08-24 00:00:00.000,845,4146,finished,6,
8291,2022-08-24 00:00:00.000,3754,4286,canceled,1,
8292,2022-08-24 00:00:00.000,786,4244,canceled,7,
8294,2022-08-24 00:00:00.000,1566,1599,finished,7,
8296,2022-08-24 00:00:00.000,455,2169,finished,7,
8297,2022-08-24 00:00:00.000,165,3435,finished,7,
8298,2022-08-24 00:00:00.000,3465,2680,finished,6,
8299,2022-08-24 00:00:00.000,3734,2414,finished,2,
8300,2022-08-24 00:00:00.000,2985,154,finished,7,
8301,2022-08-24 00:00:00.000,2605,109,finished,5,
8302,2022-08-24 00:00:00.000,2001,3199,finished,1,
8303,2022-08-24 00:00:00.000,4798,4943,finished,7,
8304,2022-08-24 00:00:00.000,2852,2058,finished,5,
8306,2022-08-24 00:00:00.000,4796,2474,finished,3,
8307,2022-08-24 00:00:00.000,1533,4116,finished,6,
8310,2022-08-24 00:00:00.000,3632,2936,finished,4,
8316,2022-08-24 00:00:00.000,1654,3846,canceled,5,
8319,2022-08-24 00:00:00.000,314,341,finished,7,
8320,2022-08-24 00:00:00.000,2622,2334,finished,4,
8321,2022-08-24 00:00:00.000,3264,2311,finished,4,
8322,2022-08-24 00:00:00.000,4920,3389,finished,1,
8325,2022-08-24 00:00:00.000,1568,4133,finished,1,
8326,2022-08-24 00:00:00.000,73,3585,finished,6,
8327,2022-08-24 00:00:00.000,1160,3644,finished,5,
8328,2022-08-24 00:00:00.000,1754,753,finished,1,
8329,2022-08-24 00:00:00.000,1108,970,canceled,7,
8330,2022-08-24 00:00:00.000,819,1477,finished,7,
8331,2022-08-24 00:00:00.000,4662,1724,finished,5,
8334,2022-08-24 00:00:00.000,3322,36,finished,1,
8335,2022-08-24 00:00:00.000,846,4889,finished,4,
8336,2022-08-24 00:00:00.000,4465,4692,canceled,5,
8338,2022-08-24 00:00:00.000,325,4031,finished,5,
8341,2022-08-24 00:00:00.000,1160,2334,finished,5,
8343,2022-08-24 00:00:00.000,4441,2209,finished,4,
8345,2022-08-24 00:00:00.000,1434,329,finished,2,
8346,2022-08-24 00:00:00.000,1552,3900,finished,4,
8349,2022-08-24 00:00:00.000,2330,1540,finished,2,
8351,2022-08-24 00:00:00.000,477,657,finished,4,
8352,2022-08-24 00:00:00.000,4731,2478,finished,2,
8353,2022-08-24 00:00:00.000,4465,147,finished,5,
8355,2022-08-25 00:00:00.000,3101,1935,finished,6,
8356,2022-08-25 00:00:00.000,221,3551,finished,1,
8359,2022-08-25 00:00:00.000,1752,2738,finished,3,
8361,2022-08-25 00:00:00.000,3580,4901,finished,2,
8362,2022-08-25 00:00:00.000,3717,419,finished,5,
8364,2022-08-25 00:00:00.000,1903,1595,finished,4,
8365,2022-08-25 00:00:00.000,4628,1809,finished,6,
8370,2022-08-25 00:00:00.000,4720,4365,finished,7,
8372,2022-08-25 00:00:00.000,1927,3463,finished,3,
8373,2022-08-25 00:00:00.000,1262,1710,canceled,5,
8375,2022-08-25 00:00:00.000,3156,1293,finished,1,
8376,2022-08-25 00:00:00.000,1357,2732,finished,3,
8377,2022-08-25 00:00:00.000,3615,4616,finished,5,
8378,2022-08-25 00:00:00.000,1776,1187,finished,7,
8379,2022-08-25 00:00:00.000,1261,1408,canceled,3,
8383,2022-08-25 00:00:00.000,4256,4272,canceled,5,
8386,2022-08-25 00:00:00.000,2092,3394,finished,6,
8387,2022-08-25 00:00:00.000,1398,2741,finished,7,
8391,2022-08-25 00:00:00.000,1914,500,finished,6,
8393,2022-08-25 00:00:00.000,4597,3642,finished,6,
8394,2022-08-25 00:00:00.000,328,3453,finished,7,
8395,2022-08-25 00:00:00.000,778,4014,finished,4,
8396,2022-08-25 00:00:00.000,1449,3052,finished,7,
8397,2022-08-25 00:00:00.000,2453,3272,finished,2,
8398,2022-08-25 00:00:00.000,4412,2288,finished,3,
8399,2022-08-25 00:00:00.000,4798,4744,finished,7,
8400,2022-08-25 00:00:00.000,4812,3638,finished,2,
8401,2022-08-25 00:00:00.000,3088,2903,finished,2,
8402,2022-08-25 00:00:00.000,4831,1595,finished,4,
8403,2022-08-25 00:00:00.000,1172,2380,finished,7,
8404,2022-08-25 00:00:00.000,1266,2445,canceled,3,
8405,2022-08-25 00:00:00.000,4269,2760,canceled,1,
8406,2022-08-25 00:00:00.000,681,4885,finished,5,
8409,2022-08-25 00:00:00.000,3038,1794,finished,1,
8410,2022-08-25 00:00:00.000,4651,2120,finished,1,
8411,2022-08-25 00:00:00.000,3038,1286,finished,1,
8412,2022-08-25 00:00:00.000,2994,2082,finished,1,
8413,2022-08-25 00:00:00.000,2294,1455,finished,7,
8414,2022-08-25 00:00:00.000,3274,22,finished,6,
8419,2022-08-25 00:00:00.000,1393,3445,finished,7,
8424,2022-08-25 00:00:00.000,3101,1078,finished,6,
8425,2022-08-25 00:00:00.000,1806,1789,canceled,2,
8428,2022-08-25 00:00:00.000,428,3503,finished,7,
8429,2022-08-25 00:00:00.000,4259,4407,canceled,5,
8437,2022-08-25 00:00:00.000,3143,3825,finished,1,
8438,2022-08-25 00:00:00.000,2641,3771,finished,3,
8439,2022-08-26 00:00:00.000,3013,4464,finished,4,
8440,2022-08-26 00:00:00.000,2506,2856,canceled,5,
8441,2022-08-26 00:00:00.000,235,1094,finished,2,
8442,2022-08-26 00:00:00.000,421,4068,canceled,6,
8443,2022-08-26 00:00:00.000,4121,3849,canceled,7,
8444,2022-08-26 00:00:00.000,3088,1547,canceled,2,
8446,2022-08-26 00:00:00.000,4868,2796,finished,4,
8447,2022-08-26 00:00:00.000,2520,2741,finished,3,
8448,2022-08-26 00:00:00.000,1532,386,finished,7,
8449,2022-08-26 00:00:00.000,1357,4151,finished,3,
8452,2022-08-26 00:00:00.000,1266,1588,finished,3,
8453,2022-08-26 00:00:00.000,1982,3148,finished,4,
8454,2022-08-26 00:00:00.000,4234,3778,finished,1,
8458,2022-08-26 00:00:00.000,3114,3819,canceled,5,
8459,2022-08-26 00:00:00.000,4595,2554,finished,1,
8460,2022-08-26 00:00:00.000,3350,4484,finished,3,
8461,2022-08-26 00:00:00.000,685,543,finished,1,
8462,2022-08-26 00:00:00.000,3912,4169,finished,1,
8465,2022-08-26 00:00:00.000,2512,2291,finished,7,
8466,2022-08-26 00:00:00.000,3066,541,finished,3,
8467,2022-08-26 00:00:00.000,4309,2511,canceled,2,
8468,2022-08-26 00:00:00.000,4441,1416,finished,4,
8470,2022-08-26 00:00:00.000,4444,2281,finished,1,
8471,2022-08-26 00:00:00.000,1393,2100,finished,7,
8472,2022-08-26 00:00:00.000,4425,3109,finished,6,
8473,2022-08-26 00:00:00.000,1688,2507,finished,1,
8475,2022-08-26 00:00:00.000,560,3054,finished,6,
8478,2022-08-26 00:00:00.000,3803,1908,finished,5,
8479,2022-08-26 00:00:00.000,2235,3081,finished,4,
8482,2022-08-26 00:00:00.000,4741,1892,canceled,6,
8485,2022-08-26 00:00:00.000,2192,896,finished,6,
8487,2022-08-26 00:00:00.000,4798,4531,canceled,7,
8488,2022-08-26 00:00:00.000,2985,2106,finished,7,
8489,2022-08-26 00:00:00.000,516,3199,finished,6,
8491,2022-08-26 00:00:00.000,2920,4557,finished,4,
8493,2022-08-26 00:00:00.000,4711,4885,finished,7,
8495,2022-08-26 00:00:00.000,1261,2013,canceled,3,
8497,2022-08-26 00:00:00.000,852,4353,finished,6,
8500,2022-08-26 00:00:00.000,2243,4746,finished,1,
8504,2022-08-26 00:00:00.000,742,1819,finished,5,
8505,2022-08-26 00:00:00.000,2294,2345,finished,7,
8508,2022-08-26 00:00:00.000,3114,3278,finished,5,
8510,2022-08-26 00:00:00.000,3114,2799,finished,5,
8513,2022-08-26 00:00:00.000,2174,1608,finished,6,
8514,2022-08-26 00:00:00.000,688,1096,finished,6,
8515,2022-08-27 00:00:00.000,4714,4161,finished,5,
8516,2022-08-27 00:00:00.000,820,3652,finished,3,
8519,2022-08-27 00:00:00.000,3733,1286,canceled,4,
8520,2022-08-27 00:00:00.000,2480,2106,finished,1,
8521,2022-08-27 00:00:00.000,271,2553,canceled,5,
8522,2022-08-27 00:00:00.000,2089,4733,finished,6,
8526,2022-08-27 00:00:00.000,2454,1557,finished,2,
8527,2022-08-27 00:00:00.000,4597,4861,finished,6,
8531,2022-08-27 00:00:00.000,4530,4033,finished,3,
8534,2022-08-27 00:00:00.000,3051,3562,finished,3,
8535,2022-08-27 00:00:00.000,3383,3513,finished,3,
8537,2022-08-27 00:00:00.000,1903,2402,canceled,4,
8538,2022-08-27 00:00:00.000,1927,2082,finished,3,
8540,2022-08-27 00:00:00.000,1463,3676,finished,6,
8541,2022-08-27 00:00:00.000,3228,2741,finished,1,
8542,2022-08-27 00:00:00.000,2850,3779,finished,5,
8543,2022-08-27 00:00:00.000,1434,4371,finished,2,
8545,2022-08-27 00:00:00.000,3108,3793,finished,5,
8546,2022-08-27 00:00:00.000,4628,4230,finished,6,
8547,2022-08-27 00:00:00.000,2670,2511,canceled,4,
8548,2022-08-27 00:00:00.000,2641,2812,finished,3,
8549,2022-08-27 00:00:00.000,2373,4476,finished,2,
8550,2022-08-27 00:00:00.000,1630,385,finished,4,
8551,2022-08-27 00:00:00.000,4614,2394,finished,1,
8552,2022-08-27 00:00:00.000,1853,3490,finished,1,
8553,2022-08-27 00:00:00.000,2406,1983,finished,2,
8554,2022-08-27 00:00:00.000,4256,404,finished,5,
8558,2022-08-27 00:00:00.000,3156,1204,finished,1,
8559,2022-08-27 00:00:00.000,42,505,canceled,2,
8561,2022-08-27 00:00:00.000,1021,3246,finished,5,
8565,2022-08-27 00:00:00.000,3989,245,finished,1,
8566,2022-08-27 00:00:00.000,2662,791,finished,1,
8568,2022-08-27 00:00:00.000,200,4327,canceled,7,
8572,2022-08-27 00:00:00.000,1776,1701,finished,7,
8573,2022-08-27 00:00:00.000,1251,2467,finished,5,
8575,2022-08-27 00:00:00.000,3421,3551,canceled,3,
8576,2022-08-27 00:00:00.000,4693,3684,canceled,6,
8577,2022-08-27 00:00:00.000,1568,1900,finished,1,
8579,2022-08-27 00:00:00.000,4798,6,finished,7,
8580,2022-08-27 00:00:00.000,1326,2350,finished,1,
8581,2022-08-27 00:00:00.000,2294,2644,canceled,7,
8582,2022-08-27 00:00:00.000,4824,4100,finished,6,
8584,2022-08-27 00:00:00.000,2795,1724,finished,5,
8585,2022-08-27 00:00:00.000,3868,1671,finished,7,
8586,2022-08-27 00:00:00.000,2985,4746,canceled,7,
8590,2022-08-27 00:00:00.000,3114,2224,finished,5,
8591,2022-08-27 00:00:00.000,2842,2932,finished,2,
8592,2022-08-27 00:00:00.000,660,154,finished,1,
8593,2022-08-27 00:00:00.000,4647,1880,finished,1,
8595,2022-08-27 00:00:00.000,3477,4401,finished,6,
8598,2022-08-27 00:00:00.000,2235,2129,finished,4,
8599,2022-08-27 00:00:00.000,4838,1187,finished,2,
8600,2022-08-27 00:00:00.000,2473,3771,finished,2,
8601,2022-08-27 00:00:00.000,4101,1767,canceled,1,
8602,2022-08-27 00:00:00.000,1736,505,finished,3,
8603,2022-08-28 00:00:00.000,4741,4678,finished,6,
8604,2022-08-28 00:00:00.000,2330,2106,finished,2,
8605,2022-08-28 00:00:00.000,3576,1507,finished,5,
8606,2022-08-28 00:00:00.000,4920,86,finished,1,
8607,2022-08-28 00:00:00.000,2850,1756,finished,5,
8608,2022-08-28 00:00:00.000,179,2292,finished,6,
8609,2022-08-28 00:00:00.000,4256,3893,finished,5,
8611,2022-08-28 00:00:00.000,4739,2292,finished,1,
8612,2022-08-28 00:00:00.000,4309,2100,finished,2,
8615,2022-08-28 00:00:00.000,4122,172,finished,5,
8619,2022-08-28 00:00:00.000,1484,2559,finished,1,
8620,2022-08-28 00:00:00.000,4628,755,finished,6,
8621,2022-08-28 00:00:00.000,1390,1779,finished,1,
8622,2022-08-28 00:00:00.000,2454,2388,finished,2,
8624,2022-08-28 00:00:00.000,4833,1779,finished,1,
8626,2022-08-28 00:00:00.000,1027,851,finished,2,
8627,2022-08-28 00:00:00.000,2836,4716,canceled,5,
8628,2022-08-28 00:00:00.000,4673,1094,finished,1,
8629,2022-08-28 00:00:00.000,4000,2390,finished,7,
8630,2022-08-28 00:00:00.000,2699,4432,canceled,1,
8631,2022-08-28 00:00:00.000,4289,2404,finished,3,
8632,2022-08-28 00:00:00.000,4915,2402,finished,7,
8633,2022-08-28 00:00:00.000,3972,2854,finished,5,
8634,2022-08-28 00:00:00.000,162,4274,canceled,2,
8636,2022-08-28 00:00:00.000,3624,4889,canceled,3,
8637,2022-08-28 00:00:00.000,4349,306,finished,7,
8638,2022-08-28 00:00:00.000,2852,4185,finished,5,
8639,2022-08-28 00:00:00.000,4923,3780,finished,5,
8640,2022-08-28 00:00:00.000,2651,411,finished,6,
8644,2022-08-28 00:00:00.000,1357,2890,finished,3,
8645,2022-08-28 00:00:00.000,314,2017,finished,7,
8646,2022-08-28 00:00:00.000,997,1065,finished,2,
8647,2022-08-28 00:00:00.000,4673,3193,finished,1,
8648,2022-08-28 00:00:00.000,3025,2323,canceled,1,
8649,2022-08-28 00:00:00.000,2961,3169,finished,3,
8650,2022-08-28 00:00:00.000,3179,3751,canceled,3,
8651,2022-08-28 00:00:00.000,2372,3428,finished,7,
8652,2022-08-28 00:00:00.000,2591,1454,finished,4,
8654,2022-08-28 00:00:00.000,3228,2444,finished,1,
8656,2022-08-28 00:00:00.000,4863,4704,finished,6,
8658,2022-08-28 00:00:00.000,16,2332,finished,6,
8660,2022-08-28 00:00:00.000,325,4706,finished,5,
8661,2022-08-28 00:00:00.000,1357,4438,canceled,3,
8663,2022-08-28 00:00:00.000,4480,2799,finished,3,
8664,2022-08-28 00:00:00.000,854,609,canceled,2,
8667,2022-08-28 00:00:00.000,3101,3398,finished,6,
8668,2022-08-28 00:00:00.000,4741,740,finished,6,
8670,2022-08-28 00:00:00.000,355,2120,finished,1,
8671,2022-08-28 00:00:00.000,819,1391,finished,7,
8672,2022-08-28 00:00:00.000,955,1350,finished,4,
8673,2022-08-28 00:00:00.000,3714,975,canceled,7,
8675,2022-08-28 00:00:00.000,3212,4746,finished,7,
8676,2022-08-28 00:00:00.000,3714,4707,finished,7,
8678,2022-08-28 00:00:00.000,4441,4825,finished,4,
8680,2022-08-28 00:00:00.000,2850,4329,finished,5,
8681,2022-08-28 00:00:00.000,328,2355,finished,7,
8682,2022-08-29 00:00:00.000,2472,4363,finished,4,
8685,2022-08-29 00:00:00.000,2994,3685,finished,1,
8686,2022-08-29 00:00:00.000,1728,1777,canceled,5,
8690,2022-08-29 00:00:00.000,1366,3122,finished,3,
8691,2022-08-29 00:00:00.000,2456,4032,canceled,3,
8692,2022-08-29 00:00:00.000,3213,3735,finished,3,
8696,2022-08-29 00:00:00.000,4628,239,finished,6,
8698,2022-08-29 00:00:00.000,2400,3414,canceled,1,
8700,2022-08-29 00:00:00.000,4681,4746,canceled,3,
8701,2022-08-29 00:00:00.000,1584,2511,finished,4,
8702,2022-08-29 00:00:00.000,1113,4401,finished,6,
8704,2022-08-29 00:00:00.000,2662,791,finished,1,
8705,2022-08-29 00:00:00.000,410,1374,finished,5,
8708,2022-08-29 00:00:00.000,3261,2335,finished,1,
8711,2022-08-29 00:00:00.000,786,2327,canceled,7,
8714,2022-08-29 00:00:00.000,538,4125,finished,1,
8717,2022-08-29 00:00:00.000,4824,1973,finished,6,
8718,2022-08-29 00:00:00.000,170,3751,finished,3,
8719,2022-08-29 00:00:00.000,168,4290,finished,5,
8721,2022-08-29 00:00:00.000,3121,3672,finished,5,
8724,2022-08-29 00:00:00.000,2591,4400,finished,4,
8725,2022-08-29 00:00:00.000,4304,2621,finished,2,
8726,2022-08-29 00:00:00.000,598,2640,finished,5,
8728,2022-08-29 00:00:00.000,1630,169,finished,4,
8729,2022-08-29 00:00:00.000,1027,4901,finished,2,
8732,2022-08-29 00:00:00.000,2663,1096,canceled,4,
8734,2022-08-29 00:00:00.000,645,3915,finished,2,
8735,2022-08-29 00:00:00.000,165,4133,finished,7,
8737,2022-08-29 00:00:00.000,200,3053,finished,7,
8738,2022-08-29 00:00:00.000,685,1416,finished,1,
8740,2022-08-29 00:00:00.000,1654,189,canceled,5,
8742,2022-08-29 00:00:00.000,627,2444,finished,4,
8743,2022-08-29 00:00:00.000,338,4960,finished,4,
8744,2022-08-29 00:00:00.000,2512,2889,finished,7,
8745,2022-08-29 00:00:00.000,2274,3107,finished,5,
8746,2022-08-29 00:00:00.000,2037,1646,finished,7,
8747,2022-08-29 00:00:00.000,4732,1238,finished,3,
8748,2022-08-29 00:00:00.000,754,4292,finished,6,
8750,2022-08-29 00:00:00.000,7,1904,finished,6,
8752,2022-08-29 00:00:00.000,1433,2738,canceled,1,
8755,2022-08-29 00:00:00.000,2663,1522,finished,4,
8759,2022-08-29 00:00:00.000,3615,4827,canceled,5,
8761,2022-08-30 00:00:00.000,4001,2823,finished,6,
8764,2022-08-30 00:00:00.000,2098,1662,finished,2,
8765,2022-08-30 00:00:00.000,162,2478,finished,2,
8778,2022-08-30 00:00:00.000,3240,2106,canceled,4,
8779,2022-08-30 00:00:00.000,455,2762,canceled,7,
8782,2022-08-30 00:00:00.000,2803,1990,finished,3,
8784,2022-08-30 00:00:00.000,2294,3095,finished,7,
8787,2022-08-30 00:00:00.000,47,3915,finished,5,
8788,2022-08-30 00:00:00.000,4651,4699,finished,1,
8789,2022-08-30 00:00:00.000,4741,4166,finished,6,
8793,2022-08-30 00:00:00.000,3421,3292,finished,3,
8794,2022-08-30 00:00:00.000,1190,3324,finished,5,
8797,2022-08-30 00:00:00.000,2647,3826,finished,7,
8798,2022-08-30 00:00:00.000,2447,3371,finished,2,
8799,2022-08-30 00:00:00.000,4852,719,canceled,5,
8800,2022-08-30 00:00:00.000,1760,2554,finished,6,
8805,2022-08-30 00:00:00.000,2556,3056,finished,6,
8808,2022-08-30 00:00:00.000,4596,2281,canceled,1,
8809,2022-08-30 00:00:00.000,613,4149,finished,3,
8812,2022-08-30 00:00:00.000,4811,1749,finished,2,
8814,2022-08-30 00:00:00.000,538,4290,finished,1,
8816,2022-08-30 00:00:00.000,946,3709,finished,3,
8818,2022-08-30 00:00:00.000,2373,1956,canceled,2,
8819,2022-08-30 00:00:00.000,455,2054,finished,7,
8820,2022-08-30 00:00:00.000,328,4172,finished,7,
8821,2022-08-30 00:00:00.000,4868,3970,finished,4,
8822,2022-08-30 00:00:00.000,1881,2716,finished,3,
8824,2022-08-30 00:00:00.000,482,2847,canceled,3,
8825,2022-08-30 00:00:00.000,781,600,finished,3,
8826,2022-08-30 00:00:00.000,1552,2272,finished,4,
8828,2022-08-30 00:00:00.000,3101,680,finished,6,
8832,2022-08-30 00:00:00.000,3114,1437,canceled,5,
8833,2022-08-30 00:00:00.000,3800,2903,finished,7,
8834,2022-08-30 00:00:00.000,2994,1016,finished,1,
8835,2022-08-30 00:00:00.000,2089,1467,finished,6,
8836,2022-08-30 00:00:00.000,3274,2977,finished,6,
8837,2022-08-30 00:00:00.000,4711,1055,finished,7,
8839,2022-08-30 00:00:00.000,2605,4182,canceled,5,
8840,2022-08-30 00:00:00.000,4189,1749,finished,2,
8842,2022-08-30 00:00:00.000,4256,803,canceled,5,
8843,2022-08-30 00:00:00.000,2373,2530,finished,2,
8844,2022-08-30 00:00:00.000,2134,2552,finished,1,
8845,2022-08-30 00:00:00.000,566,2067,finished,4,
8847,2022-08-30 00:00:00.000,3421,2311,finished,3,
8848,2022-08-30 00:00:00.000,4545,1297,finished,7,
8849,2022-08-30 00:00:00.000,4289,1096,canceled,3,
8850,2022-08-30 00:00:00.000,1903,1699,finished,4,
8852,2022-08-30 00:00:00.000,2920,4130,finished,4,
8854,2022-08-30 00:00:00.000,1552,2350,finished,4,
8857,2022-08-30 00:00:00.000,4530,3557,finished,3,
8858,2022-08-30 00:00:00.000,1250,4483,canceled,7,
8860,2022-08-31 00:00:00.000,1296,4716,finished,6,
8861,2022-08-31 00:00:00.000,728,3761,canceled,3,
8862,2022-08-31 00:00:00.000,4211,2394,finished,2,
8863,2022-08-31 00:00:00.000,2850,4821,finished,5,
8865,2022-08-31 00:00:00.000,3820,4733,finished,5,
8866,2022-08-31 00:00:00.000,3858,1655,finished,4,
8871,2022-08-31 00:00:00.000,4256,3872,canceled,5,
8872,2022-08-31 00:00:00.000,4465,1157,finished,5,
8873,2022-08-31 00:00:00.000,3005,4601,finished,4,
8874,2022-08-31 00:00:00.000,4503,4678,finished,1,
8875,2022-08-31 00:00:00.000,2123,1839,finished,4,
8876,2022-08-31 00:00:00.000,3302,1567,finished,6,
8879,2022-08-31 00:00:00.000,1318,4373,finished,5,
8880,2022-08-31 00:00:00.000,2456,3515,finished,3,
8881,2022-08-31 00:00:00.000,2747,2198,finished,5,
8882,2022-08-31 00:00:00.000,4122,189,finished,5,
8883,2022-08-31 00:00:00.000,2194,3486,finished,5,
8884,2022-08-31 00:00:00.000,1109,2741,finished,3,
8888,2022-08-31 00:00:00.000,2265,1588,finished,2,
8889,2022-08-31 00:00:00.000,4530,2634,finished,3,
8892,2022-08-31 00:00:00.000,54,4092,finished,3,
8893,2022-08-31 00:00:00.000,598,3841,finished,5,
8896,2022-08-31 00:00:00.000,244,2071,finished,7,
8897,2022-08-31 00:00:00.000,3264,3607,finished,4,
8898,2022-08-31 00:00:00.000,4003,3405,finished,7,
8899,2022-08-31 00:00:00.000,2994,151,finished,1,
8900,2022-08-31 00:00:00.000,1776,3764,canceled,7,
8905,2022-08-31 00:00:00.000,4833,2058,finished,1,
8906,2022-08-31 00:00:00.000,110,3454,finished,3,
8907,2022-08-31 00:00:00.000,2994,3610,finished,1,
8909,2022-08-31 00:00:00.000,1760,2191,finished,6,
8912,2022-08-31 00:00:00.000,3538,2929,finished,3,
8913,2022-08-31 00:00:00.000,2852,1961,finished,5,
8914,2022-08-31 00:00:00.000,4856,4125,canceled,1,
8915,2022-08-31 00:00:00.000,1568,1604,finished,1,
8916,2022-08-31 00:00:00.000,2194,3282,finished,5,
8918,2022-08-31 00:00:00.000,3869,493,finished,7,
8921,2022-08-31 00:00:00.000,987,2205,finished,5,
8922,2022-08-31 00:00:00.000,4628,2976,finished,6,
8923,2022-08-31 00:00:00.000,244,3551,finished,7,
8924,2022-08-31 00:00:00.000,4471,2198,finished,4,
8926,2022-09-01 00:00:00.000,3754,2168,finished,1,
8928,2022-09-01 00:00:00.000,3038,1685,finished,1,
8930,2022-09-01 00:00:00.000,4628,526,canceled,6,
8931,2022-09-01 00:00:00.000,852,3956,finished,6,
8936,2022-09-01 00:00:00.000,1552,2085,finished,4,
8937,2022-09-01 00:00:00.000,1262,1749,finished,5,
8938,2022-09-01 00:00:00.000,2392,1033,finished,6,
8939,2022-09-01 00:00:00.000,846,4572,canceled,4,
8940,2022-09-01 00:00:00.000,3641,2349,finished,7,
8942,2022-09-01 00:00:00.000,2675,1743,finished,5,
8945,2022-09-01 00:00:00.000,4314,2292,canceled,7,
8946,2022-09-01 00:00:00.000,4625,1852,finished,2,
8948,2022-09-01 00:00:00.000,1533,3169,finished,6,
8949,2022-09-01 00:00:00.000,355,1363,finished,1,
8951,2022-09-01 00:00:00.000,2305,1315,canceled,1,
8953,2022-09-01 00:00:00.000,4122,2674,finished,5,
8955,2022-09-01 00:00:00.000,2777,2932,finished,6,
8956,2022-09-01 00:00:00.000,781,3080,finished,3,
8958,2022-09-01 00:00:00.000,3641,904,finished,7,
8959,2022-09-01 00:00:00.000,2081,1086,finished,3,
8961,2022-09-01 00:00:00.000,2123,2394,finished,4,
8962,2022-09-01 00:00:00.000,4225,712,finished,7,
8968,2022-09-01 00:00:00.000,1728,2276,finished,5,
8969,2022-09-01 00:00:00.000,1236,2017,finished,4,
8971,2022-09-01 00:00:00.000,3615,4906,finished,5,
8974,2022-09-01 00:00:00.000,4585,4128,finished,7,
8975,2022-09-01 00:00:00.000,4256,4052,finished,5,
8976,2022-09-01 00:00:00.000,4444,417,finished,1,
8979,2022-09-01 00:00:00.000,4849,3026,canceled,3,
8980,2022-09-01 00:00:00.000,1318,2902,finished,5,
8981,2022-09-01 00:00:00.000,2795,3827,finished,5,
8982,2022-09-01 00:00:00.000,271,1892,finished,5,
8983,2022-09-01 00:00:00.000,279,4308,canceled,4,
8986,2022-09-01 00:00:00.000,3713,972,finished,5,
8987,2022-09-01 00:00:00.000,4334,1472,finished,2,
8988,2022-09-01 00:00:00.000,742,2674,finished,5,
8990,2022-09-01 00:00:00.000,4764,415,finished,1,
8991,2022-09-01 00:00:00.000,3855,4149,finished,4,
8992,2022-09-01 00:00:00.000,4664,4073,finished,7,
8996,2022-09-01 00:00:00.000,2081,3877,finished,3,
8998,2022-09-01 00:00:00.000,328,543,finished,7,
8999,2022-09-01 00:00:00.000,1037,1560,finished,2,
9003,2022-09-01 00:00:00.000,4481,2006,finished,5,
9005,2022-09-01 00:00:00.000,1241,1087,finished,6,
9007,2022-09-01 00:00:00.000,3855,4318,finished,4,
9008,2022-09-01 00:00:00.000,4546,825,finished,6,
9010,2022-09-01 00:00:00.000,47,4235,finished,5,
9013,2022-09-01 00:00:00.000,4596,318,finished,1,
9014,2022-09-01 00:00:00.000,4441,1582,canceled,4,
9016,2022-09-01 00:00:00.000,802,4292,finished,1,
9017,2022-09-01 00:00:00.000,3240,2666,finished,4,
9018,2022-09-01 00:00:00.000,210,308,finished,3,
9019,2022-09-02 00:00:00.000,2534,2835,canceled,2,
9021,2022-09-02 00:00:00.000,3045,4169,finished,7,
9022,2022-09-02 00:00:00.000,4597,3566,finished,6,
9027,2022-09-02 00:00:00.000,1903,1144,finished,4,
9029,2022-09-02 00:00:00.000,3505,3740,finished,4,
9030,2022-09-02 00:00:00.000,4249,2388,canceled,7,
9032,2022-09-02 00:00:00.000,2235,2154,finished,4,
9033,2022-09-02 00:00:00.000,728,397,canceled,3,
9034,2022-09-02 00:00:00.000,4541,1973,finished,2,
9035,2022-09-02 00:00:00.000,2243,415,finished,1,
9037,2022-09-02 00:00:00.000,4541,4353,finished,2,
9038,2022-09-02 00:00:00.000,1160,1977,finished,5,
9039,2022-09-02 00:00:00.000,4481,3897,finished,5,
9040,2022-09-02 00:00:00.000,2473,417,finished,2,
9041,2022-09-02 00:00:00.000,421,3120,canceled,6,
9042,2022-09-02 00:00:00.000,1258,70,finished,7,
9043,2022-09-02 00:00:00.000,2305,3893,canceled,1,
9044,2022-09-02 00:00:00.000,3704,3506,finished,1,
9045,2022-09-02 00:00:00.000,2194,397,finished,5,
9047,2022-09-02 00:00:00.000,515,1814,finished,4,
9049,2022-09-02 00:00:00.000,2675,2708,finished,5,
9050,2022-09-02 00:00:00.000,2048,3499,finished,7,
9051,2022-09-02 00:00:00.000,912,4172,finished,5,
9052,2022-09-02 00:00:00.000,2961,3278,finished,3,
9053,2022-09-02 00:00:00.000,627,3751,finished,4,
9055,2022-09-02 00:00:00.000,1190,4927,canceled,5,
9056,2022-09-02 00:00:00.000,1037,2396,finished,2,
9057,2022-09-02 00:00:00.000,1108,4247,finished,7,
9059,2022-09-02 00:00:00.000,3029,4898,finished,5,
9063,2022-09-02 00:00:00.000,4203,100,finished,1,
9064,2022-09-02 00:00:00.000,2805,2960,finished,3,
9066,2022-09-02 00:00:00.000,4234,712,finished,1,
9067,2022-09-02 00:00:00.000,1796,3970,finished,5,
9070,2022-09-02 00:00:00.000,1817,3095,canceled,7,
9072,2022-09-02 00:00:00.000,2419,3964,finished,4,
9073,2022-09-02 00:00:00.000,2465,4035,finished,7,
9074,2022-09-02 00:00:00.000,1021,390,canceled,5,
9075,2022-09-02 00:00:00.000,2749,3973,finished,1,
9078,2022-09-02 00:00:00.000,754,4652,canceled,6,
9080,2022-09-02 00:00:00.000,4530,4023,finished,3,
9081,2022-09-02 00:00:00.000,3066,189,finished,3,
9082,2022-09-02 00:00:00.000,4915,1912,finished,7,
9083,2022-09-02 00:00:00.000,2194,2264,finished,5,
9086,2022-09-02 00:00:00.000,2493,3999,finished,6,
9088,2022-09-02 00:00:00.000,4680,1597,finished,3,
9090,2022-09-02 00:00:00.000,2622,4363,finished,4,
9091,2022-09-02 00:00:00.000,2662,2502,finished,1,
9092,2022-09-02 00:00:00.000,1021,3503,finished,5,
9093,2022-09-02 00:00:00.000,3421,3052,finished,3,
9096,2022-09-02 00:00:00.000,1349,2272,finished,1,
9097,2022-09-02 00:00:00.000,4256,4084,finished,5,
9098,2022-09-02 00:00:00.000,3713,3647,finished,5,
9099,2022-09-02 00:00:00.000,3462,1354,finished,4,
9101,2022-09-02 00:00:00.000,2647,1601,canceled,7,
9103,2022-09-02 00:00:00.000,4314,1615,finished,7,
9104,2022-09-02 00:00:00.000,845,2414,finished,6,
9105,2022-09-02 00:00:00.000,4608,2441,finished,1,
9106,2022-09-02 00:00:00.000,4441,4106,finished,4,
9110,2022-09-02 00:00:00.000,3031,2334,finished,6,
9112,2022-09-02 00:00:00.000,3274,3366,finished,6,
9113,2022-09-02 00:00:00.000,3186,1599,finished,1,
9114,2022-09-02 00:00:00.000,4585,2201,finished,7,
9115,2022-09-02 00:00:00.000,786,3053,finished,7,
9116,2022-09-02 00:00:00.000,4628,4700,finished,6,
9117,2022-09-02 00:00:00.000,4015,4292,finished,7,
9118,2022-09-02 00:00:00.000,2174,3318,finished,6,
9119,2022-09-02 00:00:00.000,2132,2286,finished,5,
9120,2022-09-02 00:00:00.000,742,2276,finished,5,
9121,2022-09-02 00:00:00.000,3883,50,finished,2,
9122,2022-09-02 00:00:00.000,4647,1201,finished,1,
9123,2022-09-02 00:00:00.000,2084,2644,canceled,1,
9124,2022-09-02 00:00:00.000,1318,18,finished,5,
9126,2022-09-03 00:00:00.000,4923,2404,finished,5,
9127,2022-09-03 00:00:00.000,4614,111,canceled,1,
9128,2022-09-03 00:00:00.000,2180,2167,finished,6,
9130,2022-09-03 00:00:00.000,515,2889,finished,4,
9134,2022-09-03 00:00:00.000,4259,3292,finished,5,
9136,2022-09-03 00:00:00.000,1332,445,finished,5,
9137,2022-09-03 00:00:00.000,3302,4033,finished,6,
9138,2022-09-03 00:00:00.000,1021,4477,finished,5,
9144,2022-09-03 00:00:00.000,4681,499,finished,3,
9150,2022-09-03 00:00:00.000,515,981,finished,4,
9151,2022-09-03 00:00:00.000,1533,1408,finished,6,
9152,2022-09-03 00:00:00.000,627,4201,finished,4,
9153,2022-09-03 00:00:00.000,1318,4024,finished,5,
9154,2022-09-03 00:00:00.000,560,676,finished,6,
9155,2022-09-03 00:00:00.000,4221,4599,finished,4,
9156,2022-09-03 00:00:00.000,4849,1980,finished,3,
9157,2022-09-03 00:00:00.000,355,2334,finished,1,
9158,2022-09-03 00:00:00.000,4662,1542,finished,5,
9159,2022-09-03 00:00:00.000,2675,70,finished,5,
9161,2022-09-03 00:00:00.000,3425,1286,finished,7,
9162,2022-09-03 00:00:00.000,1492,385,finished,4,
9164,2022-09-03 00:00:00.000,4854,2183,canceled,6,
9165,2022-09-03 00:00:00.000,410,1557,finished,5,
9167,2022-09-03 00:00:00.000,2179,4901,finished,4,
9168,2022-09-03 00:00:00.000,1573,4327,finished,6,
9169,2022-09-03 00:00:00.000,819,4093,finished,7,
9170,2022-09-03 00:00:00.000,2836,1404,finished,5,
9172,2022-09-03 00:00:00.000,4471,1425,finished,4,
9173,2022-09-03 00:00:00.000,2662,4100,finished,1,
9174,2022-09-03 00:00:00.000,3538,4327,finished,3,
9175,2022-09-03 00:00:00.000,1189,3057,finished,4,
9177,2022-09-03 00:00:00.000,4334,1779,finished,2,
9179,2022-09-03 00:00:00.000,802,3634,finished,1,
9182,2022-09-03 00:00:00.000,1484,3292,finished,1,
9183,2022-09-03 00:00:00.000,3101,3080,finished,6,
9186,2022-09-03 00:00:00.000,3615,4705,finished,5,
9188,2022-09-03 00:00:00.000,2622,817,finished,4,
9191,2022-09-03 00:00:00.000,4545,1764,finished,7,
9192,2022-09-03 00:00:00.000,2001,2799,finished,1,
9193,2022-09-03 00:00:00.000,819,1944,finished,7,
9194,2022-09-03 00:00:00.000,1106,2627,finished,7,
9197,2022-09-03 00:00:00.000,162,4898,finished,2,
9199,2022-09-03 00:00:00.000,1927,1652,finished,3,
9201,2022-09-03 00:00:00.000,1850,4905,finished,2,
9202,2022-09-03 00:00:00.000,2805,1595,finished,3,
9205,2022-09-03 00:00:00.000,2973,4355,finished,4,
9207,2022-09-04 00:00:00.000,4681,2559,finished,3,
9208,2022-09-04 00:00:00.000,2641,1597,canceled,3,
9209,2022-09-04 00:00:00.000,166,4475,finished,7,
9210,2022-09-04 00:00:00.000,3279,3542,canceled,6,
9211,2022-09-04 00:00:00.000,3588,2617,finished,2,
9215,2022-09-04 00:00:00.000,3855,4169,finished,4,
9216,2022-09-04 00:00:00.000,3400,3653,finished,1,
9217,2022-09-04 00:00:00.000,4849,4733,canceled,3,
9219,2022-09-04 00:00:00.000,4915,3258,finished,7,
9220,2022-09-04 00:00:00.000,4481,1930,canceled,5,
9223,2022-09-04 00:00:00.000,2675,2309,finished,5,
9224,2022-09-04 00:00:00.000,3123,4726,finished,5,
9225,2022-09-04 00:00:00.000,2265,4100,canceled,2,
9226,2022-09-04 00:00:00.000,3852,1083,finished,1,
9227,2022-09-04 00:00:00.000,3505,4719,finished,4,
9229,2022-09-04 00:00:00.000,2675,1898,finished,5,
9230,2022-09-04 00:00:00.000,3989,4507,finished,1,
9231,2022-09-04 00:00:00.000,428,4691,finished,7,
9234,2022-09-04 00:00:00.000,572,4290,finished,6,
9235,2022-09-04 00:00:00.000,1474,1480,canceled,7,
9241,2022-09-04 00:00:00.000,2850,3729,finished,5,
9242,2022-09-04 00:00:00.000,1262,2202,finished,5,
9243,2022-09-04 00:00:00.000,2994,464,canceled,1,
9244,2022-09-04 00:00:00.000,3400,3458,finished,1,
9245,2022-09-04 00:00:00.000,3462,2738,finished,4,
9247,2022-09-04 00:00:00.000,2243,4870,finished,1,
9249,2022-09-04 00:00:00.000,2512,4484,finished,7,
9252,2022-09-04 00:00:00.000,1903,436,canceled,4,
9255,2022-09-04 00:00:00.000,4225,2704,finished,7,
9257,2022-09-04 00:00:00.000,1239,2478,finished,6,
9259,2022-09-04 00:00:00.000,4651,2634,finished,1,
9260,2022-09-04 00:00:00.000,2662,1779,finished,1,
9261,2022-09-04 00:00:00.000,572,4290,finished,6,
9262,2022-09-04 00:00:00.000,2675,204,finished,5,
9263,2022-09-04 00:00:00.000,846,3697,finished,4,
9264,2022-09-04 00:00:00.000,3717,3537,finished,5,
9266,2022-09-04 00:00:00.000,1108,4287,finished,7,
9267,2022-09-04 00:00:00.000,4923,1724,canceled,5,
9268,2022-09-04 00:00:00.000,328,1658,canceled,7,
9269,2022-09-04 00:00:00.000,613,2187,finished,3,
9271,2022-09-04 00:00:00.000,1796,1741,finished,5,
9273,2022-09-04 00:00:00.000,754,2286,canceled,6,
9274,2022-09-04 00:00:00.000,681,430,finished,5,
9276,2022-09-04 00:00:00.000,2192,2695,finished,6,
9277,2022-09-04 00:00:00.000,1433,2120,finished,1,
9278,2022-09-04 00:00:00.000,2651,4691,finished,6,
9279,2022-09-04 00:00:00.000,946,3975,finished,3,
9280,2022-09-04 00:00:00.000,1552,1424,finished,4,
9281,2022-09-04 00:00:00.000,235,935,finished,2,
9282,2022-09-04 00:00:00.000,2591,3109,finished,4,
9284,2022-09-04 00:00:00.000,4444,4031,finished,1,
9285,2022-09-04 00:00:00.000,1170,2154,finished,2,
9286,2022-09-04 00:00:00.000,681,2311,finished,5,
9287,2022-09-04 00:00:00.000,1955,1779,canceled,5,
9288,2022-09-04 00:00:00.000,4480,3458,finished,3,
9289,2022-09-04 00:00:00.000,1258,3054,canceled,7,
9290,2022-09-04 00:00:00.000,3274,4959,canceled,6,
9292,2022-09-04 00:00:00.000,1545,550,finished,7,
9293,2022-09-04 00:00:00.000,136,509,canceled,1,
9294,2022-09-04 00:00:00.000,3615,3524,canceled,5,
9295,2022-09-04 00:00:00.000,4812,3366,finished,2,
9296,2022-09-04 00:00:00.000,2881,4373,finished,2,
9297,2022-09-04 00:00:00.000,3225,2855,finished,1,
9298,2022-09-04 00:00:00.000,1568,3697,finished,1,
9299,2022-09-04 00:00:00.000,2555,2553,finished,4,
9300,2022-09-04 00:00:00.000,1796,1847,finished,5,
9301,2022-09-04 00:00:00.000,3047,3506,finished,5,
9305,2022-09-05 00:00:00.000,2670,3334,finished,4,
9306,2022-09-05 00:00:00.000,3972,1425,finished,5,
9307,2022-09-05 00:00:00.000,47,4901,finished,5,
9312,2022-09-05 00:00:00.000,2123,4017,finished,4,
9313,2022-09-05 00:00:00.000,2454,3252,finished,2,
9317,2022-09-05 00:00:00.000,1314,3321,finished,4,
9318,2022-09-05 00:00:00.000,2670,4257,finished,4,
9319,2022-09-05 00:00:00.000,3257,2292,finished,5,
9320,2022-09-05 00:00:00.000,2805,2335,finished,3,
9321,2022-09-05 00:00:00.000,955,3696,finished,4,
9322,2022-09-05 00:00:00.000,3704,3783,finished,1,
9323,2022-09-05 00:00:00.000,3958,1846,finished,1,
9324,2022-09-05 00:00:00.000,4863,4936,finished,6,
9325,2022-09-05 00:00:00.000,3290,499,finished,4,
9327,2022-09-05 00:00:00.000,1433,3361,finished,1,
9328,2022-09-05 00:00:00.000,4680,2224,finished,3,
9330,2022-09-05 00:00:00.000,249,464,finished,6,
9332,2022-09-05 00:00:00.000,4854,749,canceled,6,
9334,2022-09-05 00:00:00.000,4852,2442,finished,5,
9335,2022-09-05 00:00:00.000,2934,2198,canceled,6,
9336,2022-09-05 00:00:00.000,4103,13,finished,6,
9337,2022-09-05 00:00:00.000,2454,1502,finished,2,
9339,2022-09-05 00:00:00.000,1318,2390,finished,5,
9340,2022-09-05 00:00:00.000,3156,4011,finished,1,
9342,2022-09-05 00:00:00.000,4811,1693,canceled,2,
9343,2022-09-05 00:00:00.000,754,4367,finished,6,
9347,2022-09-05 00:00:00.000,2494,4353,finished,2,
9348,2022-09-05 00:00:00.000,75,4438,finished,5,
9349,2022-09-05 00:00:00.000,3869,1118,canceled,7,
9351,2022-09-05 00:00:00.000,458,1615,finished,7,
9352,2022-09-05 00:00:00.000,2663,4799,canceled,4,
9353,2022-09-05 00:00:00.000,465,2923,finished,6,
9354,2022-09-05 00:00:00.000,2179,4861,finished,4,
9357,2022-09-05 00:00:00.000,1348,3658,finished,3,
9358,2022-09-05 00:00:00.000,2235,3366,finished,4,
9359,2022-09-05 00:00:00.000,1760,72,finished,6,
9360,2022-09-05 00:00:00.000,1566,3909,canceled,7,
9361,2022-09-05 00:00:00.000,2473,1538,finished,2,
9363,2022-09-05 00:00:00.000,613,2396,finished,3,
9366,2022-09-05 00:00:00.000,4753,4699,finished,1,
9367,2022-09-05 00:00:00.000,4741,176,finished,6,
9368,2022-09-05 00:00:00.000,2933,3715,finished,2,
9369,2022-09-05 00:00:00.000,1554,4004,finished,5,
9370,2022-09-05 00:00:00.000,1593,4020,finished,3,
9371,2022-09-05 00:00:00.000,233,2753,finished,2,
9374,2022-09-05 00:00:00.000,2995,2254,canceled,1,
9375,2022-09-05 00:00:00.000,279,4728,finished,4,
9376,2022-09-05 00:00:00.000,4425,4353,finished,6,
9378,2022-09-05 00:00:00.000,1433,1576,canceled,1,
9380,2022-09-05 00:00:00.000,4465,2627,canceled,5,
9381,2022-09-05 00:00:00.000,1850,2388,finished,2,
9382,2022-09-05 00:00:00.000,162,3603,finished,2,
9383,2022-09-05 00:00:00.000,1433,1604,finished,1,
9385,2022-09-05 00:00:00.000,2512,3570,finished,7,
9386,2022-09-05 00:00:00.000,4441,3955,finished,4,
9387,2022-09-05 00:00:00.000,1348,3167,finished,3,
9388,2022-09-05 00:00:00.000,1760,2781,finished,6,
9390,2022-09-05 00:00:00.000,2192,4619,finished,6,
9392,2022-09-05 00:00:00.000,2596,1685,finished,1,
9393,2022-09-05 00:00:00.000,1474,1365,finished,7,
9394,2022-09-05 00:00:00.000,4776,4867,finished,4,
9396,2022-09-05 00:00:00.000,1108,3987,finished,7,
9397,2022-09-05 00:00:00.000,458,3678,finished,7,
9399,2022-09-05 00:00:00.000,2888,3272,finished,4,
9402,2022-09-05 00:00:00.000,2973,390,finished,4,
9405,2022-09-05 00:00:00.000,3175,499,finished,6,
9407,2022-09-05 00:00:00.000,2447,4290,finished,2,
9408,2022-09-05 00:00:00.000,4304,545,finished,2,
9411,2022-09-06 00:00:00.000,1955,1936,finished,5,
9413,2022-09-06 00:00:00.000,627,3606,finished,4,
9414,2022-09-06 00:00:00.000,846,2823,finished,4,
9415,2022-09-06 00:00:00.000,1759,1365,canceled,6,
9418,2022-09-06 00:00:00.000,3624,329,finished,3,
9419,2022-09-06 00:00:00.000,3350,2519,finished,3,
9420,2022-09-06 00:00:00.000,1021,1460,finished,5,
9421,2022-09-06 00:00:00.000,1023,3366,finished,6,
9423,2022-09-06 00:00:00.000,4854,4475,finished,6,
9424,2022-09-06 00:00:00.000,4764,2626,finished,1,
9425,2022-09-06 00:00:00.000,4628,152,canceled,6,
9426,2022-09-06 00:00:00.000,1893,2728,finished,6,
9427,2022-09-06 00:00:00.000,4752,402,finished,7,
9428,2022-09-06 00:00:00.000,4612,4394,canceled,1,
9429,2022-09-06 00:00:00.000,2555,1620,finished,4,
9434,2022-09-06 00:00:00.000,2623,3206,finished,4,
9437,2022-09-06 00:00:00.000,1759,4657,finished,6,
9439,2022-09-06 00:00:00.000,845,591,finished,6,
9440,2022-09-06 00:00:00.000,3868,100,canceled,7,
9441,2022-09-06 00:00:00.000,2379,753,finished,1,
9442,2022-09-06 00:00:00.000,4056,1523,finished,6,
9443,2022-09-06 00:00:00.000,2235,2099,canceled,4,
9444,2022-09-06 00:00:00.000,4628,4133,finished,6,
9446,2022-09-06 00:00:00.000,4314,5,finished,7,
9448,2022-09-06 00:00:00.000,3213,1933,canceled,3,
9451,2022-09-06 00:00:00.000,2244,1976,finished,6,
9452,2022-09-06 00:00:00.000,4611,425,finished,6,
9453,2022-09-06 00:00:00.000,2555,2441,canceled,4,
9457,2022-09-06 00:00:00.000,4480,4567,finished,3,
9458,2022-09-06 00:00:00.000,4334,2899,finished,2,
9459,2022-09-06 00:00:00.000,3168,1201,finished,1,
9460,2022-09-06 00:00:00.000,3713,354,canceled,5,
9463,2022-09-06 00:00:00.000,1027,2694,finished,2,
9465,2022-09-06 00:00:00.000,338,3607,finished,4,
9466,2022-09-06 00:00:00.000,3787,1690,finished,1,
9467,2022-09-06 00:00:00.000,3969,983,finished,4,
9468,2022-09-06 00:00:00.000,3013,189,finished,4,
9472,2022-09-06 00:00:00.000,884,1602,finished,6,
9473,2022-09-06 00:00:00.000,1754,3165,finished,1,
9474,2022-09-06 00:00:00.000,1279,3241,finished,5,
9475,2022-09-06 00:00:00.000,3972,1006,finished,5,
9476,2022-09-06 00:00:00.000,1484,4905,finished,1,
9477,2022-09-06 00:00:00.000,2651,4112,finished,6,
9479,2022-09-06 00:00:00.000,681,4193,finished,5,
9480,2022-09-06 00:00:00.000,4481,1338,finished,5,
9481,2022-09-06 00:00:00.000,2699,2104,finished,1,
9484,2022-09-06 00:00:00.000,2494,1377,canceled,2,
9485,2022-09-06 00:00:00.000,3383,4093,finished,3,
9488,2022-09-06 00:00:00.000,1398,3326,finished,7,
9489,2022-09-06 00:00:00.000,3641,1523,finished,7,
9491,2022-09-06 00:00:00.000,3415,276,finished,4,
9492,2022-09-06 00:00:00.000,1817,654,canceled,7,
9493,2022-09-06 00:00:00.000,3025,283,finished,1,
9494,2022-09-06 00:00:00.000,2089,1615,finished,6,
9495,2022-09-06 00:00:00.000,1279,419,finished,5,
9496,2022-09-06 00:00:00.000,1109,241,canceled,3,
9497,2022-09-06 00:00:00.000,2235,568,canceled,4,
9500,2022-09-06 00:00:00.000,895,3651,canceled,1,
9501,2022-09-06 00:00:00.000,627,1102,finished,4,
9502,2022-09-06 00:00:00.000,4664,2883,finished,7,
9504,2022-09-06 00:00:00.000,1760,4292,finished,6,
9507,2022-09-06 00:00:00.000,2494,50,finished,2,
9508,2022-09-06 00:00:00.000,2192,972,finished,6,
9510,2022-09-06 00:00:00.000,4256,3438,canceled,5,
9512,2022-09-06 00:00:00.000,4121,108,finished,7,
9514,2022-09-06 00:00:00.000,2373,3953,finished,2,
9516,2022-09-06 00:00:00.000,271,1880,finished,5,
9518,2022-09-06 00:00:00.000,1475,2937,finished,2,
9519,2022-09-07 00:00:00.000,1532,4483,finished,7,
9520,2022-09-07 00:00:00.000,4741,2732,finished,6,
9522,2022-09-07 00:00:00.000,1190,3608,finished,5,
9524,2022-09-07 00:00:00.000,1318,2939,finished,5,
9525,2022-09-07 00:00:00.000,2092,4609,finished,6,
9527,2022-09-07 00:00:00.000,3025,1055,finished,1,
9528,2022-09-07 00:00:00.000,477,546,finished,4,
9530,2022-09-07 00:00:00.000,3615,1138,canceled,5,
9531,2022-09-07 00:00:00.000,2379,1885,canceled,1,
9532,2022-09-07 00:00:00.000,1903,3727,finished,4,
9533,2022-09-07 00:00:00.000,4628,2753,canceled,6,
9534,2022-09-07 00:00:00.000,4441,3626,finished,4,
9535,2022-09-07 00:00:00.000,1630,4484,finished,4,
9536,2022-09-07 00:00:00.000,3759,282,finished,4,
9537,2022-09-07 00:00:00.000,2463,2723,finished,7,
9538,2022-09-07 00:00:00.000,3190,1663,finished,3,
9540,2022-09-07 00:00:00.000,54,2204,finished,3,
9544,2022-09-07 00:00:00.000,1417,2691,finished,3,
9545,2022-09-07 00:00:00.000,1348,3528,finished,3,
9547,2022-09-07 00:00:00.000,660,1909,canceled,1,
9549,2022-09-07 00:00:00.000,1759,4898,finished,6,
9551,2022-09-07 00:00:00.000,2820,3388,finished,7,
9553,2022-09-07 00:00:00.000,389,422,canceled,5,
9554,2022-09-07 00:00:00.000,4968,3427,finished,4,
9556,2022-09-07 00:00:00.000,56,1751,finished,7,
9557,2022-09-07 00:00:00.000,3588,4327,finished,2,
9561,2022-09-07 00:00:00.000,3261,2799,canceled,1,
9563,2022-09-07 00:00:00.000,47,679,finished,5,
9564,2022-09-07 00:00:00.000,1169,4737,finished,6,
9565,2022-09-07 00:00:00.000,4812,1973,finished,2,
9566,2022-09-07 00:00:00.000,3179,4169,canceled,3,
9567,2022-09-07 00:00:00.000,3005,3761,finished,4,
9568,2022-09-07 00:00:00.000,4595,1603,finished,1,
9569,2022-09-07 00:00:00.000,56,2020,finished,7,
9570,2022-09-07 00:00:00.000,2001,3827,finished,1,
9573,2022-09-07 00:00:00.000,1348,154,finished,3,
9575,2022-09-07 00:00:00.000,1170,1751,canceled,2,
9576,2022-09-07 00:00:00.000,4143,4146,canceled,6,
9577,2022-09-07 00:00:00.000,2955,1977,finished,4,
9579,2022-09-07 00:00:00.000,1106,4230,canceled,7,
9584,2022-09-07 00:00:00.000,3060,4353,finished,6,
9585,2022-09-07 00:00:00.000,2675,1212,finished,5,
9587,2022-09-07 00:00:00.000,4256,4365,canceled,5,
9588,2022-09-07 00:00:00.000,2403,4092,finished,1,
9589,2022-09-07 00:00:00.000,2747,1877,finished,5,
9591,2022-09-07 00:00:00.000,1568,1388,canceled,1,
9592,2022-09-07 00:00:00.000,1776,109,finished,7,
9593,2022-09-07 00:00:00.000,162,2226,canceled,2,
9594,2022-09-07 00:00:00.000,3031,913,finished,6,
9595,2022-09-07 00:00:00.000,3624,835,finished,3,
9597,2022-09-07 00:00:00.000,1475,2374,finished,2,
9598,2022-09-07 00:00:00.000,3759,2259,finished,4,
9599,2022-09-07 00:00:00.000,2675,3160,finished,5,
9600,2022-09-07 00:00:00.000,884,585,finished,6,
9601,2022-09-07 00:00:00.000,4807,577,finished,4,
9602,2022-09-07 00:00:00.000,2179,2254,finished,4,
9603,2022-09-07 00:00:00.000,852,2286,finished,6,
9604,2022-09-07 00:00:00.000,1390,1511,finished,1,
9605,2022-09-07 00:00:00.000,3261,4869,finished,1,
9608,2022-09-07 00:00:00.000,1021,4616,canceled,5,
9610,2022-09-08 00:00:00.000,2852,2202,finished,5,
9614,2022-09-08 00:00:00.000,1584,770,finished,4,
9615,2022-09-08 00:00:00.000,4465,1574,finished,5,
9616,2022-09-08 00:00:00.000,3290,3120,finished,4,
9619,2022-09-08 00:00:00.000,1097,2421,finished,1,
9620,2022-09-08 00:00:00.000,1169,4434,canceled,6,
9621,2022-09-08 00:00:00.000,1197,2428,finished,3,
9627,2022-09-08 00:00:00.000,778,3515,finished,4,
9629,2022-09-08 00:00:00.000,2351,4041,finished,5,
9630,2022-09-08 00:00:00.000,2473,1168,finished,2,
9632,2022-09-08 00:00:00.000,2850,3872,finished,5,
9633,2022-09-08 00:00:00.000,2406,1685,finished,2,
9637,2022-09-08 00:00:00.000,7,4716,finished,6,
9640,2022-09-08 00:00:00.000,4723,1701,finished,3,
9641,2022-09-08 00:00:00.000,1986,3964,finished,6,
9642,2022-09-08 00:00:00.000,2534,2903,finished,2,
9643,2022-09-08 00:00:00.000,4723,1910,finished,3,
9647,2022-09-08 00:00:00.000,2400,2167,finished,1,
9648,2022-09-08 00:00:00.000,1262,2205,finished,5,
9649,2022-09-08 00:00:00.000,1533,2612,canceled,6,
9651,2022-09-08 00:00:00.000,2392,2815,finished,6,
9652,2022-09-08 00:00:00.000,2381,1575,canceled,3,
9653,2022-09-08 00:00:00.000,613,495,canceled,3,
9655,2022-09-08 00:00:00.000,754,1863,finished,6,
9656,2022-09-08 00:00:00.000,2274,2627,finished,5,
9657,2022-09-08 00:00:00.000,1754,1252,finished,1,
9660,2022-09-08 00:00:00.000,3400,1602,finished,1,
9665,2022-09-08 00:00:00.000,1357,3897,finished,3,
9666,2022-09-08 00:00:00.000,477,3006,finished,4,
9670,2022-09-08 00:00:00.000,627,1317,finished,4,
9672,2022-09-08 00:00:00.000,1563,757,finished,7,
9674,2022-09-08 00:00:00.000,513,1304,finished,1,
9675,2022-09-08 00:00:00.000,2749,4421,finished,1,
9676,2022-09-08 00:00:00.000,2994,3417,finished,1,
9677,2022-09-08 00:00:00.000,895,4193,finished,1,
9679,2022-09-08 00:00:00.000,2043,1970,finished,5,
9682,2022-09-08 00:00:00.000,2488,3393,finished,7,
9683,2022-09-08 00:00:00.000,477,4626,finished,4,
9685,2022-09-08 00:00:00.000,786,1898,canceled,7,
9686,2022-09-08 00:00:00.000,3493,3193,finished,3,
9687,2022-09-08 00:00:00.000,2379,4507,finished,1,
9688,2022-09-08 00:00:00.000,2472,3199,finished,4,
9689,2022-09-08 00:00:00.000,4124,4290,finished,3,
9691,2022-09-08 00:00:00.000,1172,975,finished,7,
9692,2022-09-08 00:00:00.000,2675,896,finished,5,
9693,2022-09-08 00:00:00.000,4320,4036,finished,7,
9694,2022-09-08 00:00:00.000,1228,3728,finished,7,
9696,2022-09-08 00:00:00.000,4576,2854,finished,2,
9698,2022-09-08 00:00:00.000,1279,226,finished,5,
9699,2022-09-08 00:00:00.000,3156,945,finished,1,
9701,2022-09-08 00:00:00.000,3615,2026,finished,5,
9702,2022-09-08 00:00:00.000,200,3188,finished,7,
9705,2022-09-08 00:00:00.000,2134,2187,finished,1,
9706,2022-09-08 00:00:00.000,1299,759,finished,4,
9707,2022-09-08 00:00:00.000,4612,2363,finished,1,
9708,2022-09-08 00:00:00.000,4452,4057,finished,3,
9709,2022-09-08 00:00:00.000,1568,1635,canceled,1,
9710,2022-09-08 00:00:00.000,685,535,canceled,1,
9713,2022-09-08 00:00:00.000,1850,4901,finished,2,
9715,2022-09-08 00:00:00.000,2192,2356,canceled,6,
9717,2022-09-08 00:00:00.000,4138,3923,canceled,5,
9718,2022-09-08 00:00:00.000,1552,1682,finished,4,
9721,2022-09-08 00:00:00.000,2733,1965,canceled,5,
9722,2022-09-08 00:00:00.000,606,3361,finished,1,
9723,2022-09-08 00:00:00.000,627,3427,finished,4,
9724,2022-09-08 00:00:00.000,3190,1682,canceled,3,
9725,2022-09-08 00:00:00.000,4541,1505,finished,2,
9726,2022-09-08 00:00:00.000,1715,3393,finished,5,
9727,2022-09-08 00:00:00.000,3868,4290,finished,7,
9731,2022-09-08 00:00:00.000,1021,765,finished,5,
9732,2022-09-08 00:00:00.000,1170,121,finished,2,
9734,2022-09-08 00:00:00.000,2463,3727,finished,7,
9736,2022-09-08 00:00:00.000,4502,2519,finished,4,
9737,2022-09-08 00:00:00.000,2133,4959,finished,5,
9738,2022-09-09 00:00:00.000,2623,4869,finished,4,
9741,2022-09-09 00:00:00.000,4879,4021,finished,4,
9742,2022-09-09 00:00:00.000,4425,2415,finished,6,
9743,2022-09-09 00:00:00.000,2651,1305,finished,6,
9744,2022-09-09 00:00:00.000,4804,4353,finished,2,
9745,2022-09-09 00:00:00.000,2133,3562,finished,5,
9747,2022-09-09 00:00:00.000,1261,3678,finished,3,
9748,2022-09-09 00:00:00.000,1318,4253,finished,5,
9750,2022-09-09 00:00:00.000,3350,36,finished,3,
9752,2022-09-09 00:00:00.000,4832,3607,finished,1,
9753,2022-09-09 00:00:00.000,3717,4100,finished,5,
9754,2022-09-09 00:00:00.000,4595,2238,finished,1,
9755,2022-09-09 00:00:00.000,1482,76,finished,5,
9756,2022-09-09 00:00:00.000,2675,1877,finished,5,
9757,2022-09-09 00:00:00.000,314,1340,finished,7,
9758,2022-09-09 00:00:00.000,1688,2896,finished,1,
9759,2022-09-09 00:00:00.000,3787,4331,finished,1,
9760,2022-09-09 00:00:00.000,3803,2478,canceled,5,
9761,2022-09-09 00:00:00.000,1796,3672,canceled,5,
9762,2022-09-09 00:00:00.000,830,2388,finished,7,
9763,2022-09-09 00:00:00.000,2133,1171,finished,5,
9765,2022-09-09 00:00:00.000,2181,282,finished,2,
9766,2022-09-09 00:00:00.000,2454,2309,finished,2,
9769,2022-09-09 00:00:00.000,1124,282,finished,4,
9773,2022-09-09 00:00:00.000,1566,1340,finished,7,
9775,2022-09-09 00:00:00.000,3279,121,finished,6,
9776,2022-09-09 00:00:00.000,1853,2187,canceled,1,
9778,2022-09-09 00:00:00.000,4671,1086,finished,5,
9779,2022-09-09 00:00:00.000,3958,3674,finished,1,
9781,2022-09-09 00:00:00.000,4831,2270,finished,4,
9784,2022-09-09 00:00:00.000,1474,2617,canceled,7,
9785,2022-09-09 00:00:00.000,1469,241,finished,2,
9786,2022-09-09 00:00:00.000,2850,1105,canceled,5,
9787,2022-09-09 00:00:00.000,4664,1567,finished,7,
9788,2022-09-09 00:00:00.000,560,3393,finished,6,
9791,2022-09-09 00:00:00.000,389,3792,finished,5,
9792,2022-09-09 00:00:00.000,4095,3727,finished,4,
9793,2022-09-09 00:00:00.000,3279,1182,finished,6,
9794,2022-09-09 00:00:00.000,2419,694,finished,4,
9796,2022-09-09 00:00:00.000,4741,415,finished,6,
9797,2022-09-09 00:00:00.000,2747,2380,canceled,5,
9798,2022-09-09 00:00:00.000,3941,485,canceled,4,
9799,2022-09-09 00:00:00.000,3835,757,finished,2,
9800,2022-09-09 00:00:00.000,4108,479,finished,7,
9801,2022-09-09 00:00:00.000,2133,2507,finished,5,
9802,2022-09-09 00:00:00.000,1108,330,finished,7,
9804,2022-09-09 00:00:00.000,627,3128,finished,4,
9806,2022-09-09 00:00:00.000,4879,4743,finished,4,
9807,2022-09-09 00:00:00.000,1318,402,finished,5,
9810,2022-09-09 00:00:00.000,4108,4743,finished,7,
9811,2022-09-09 00:00:00.000,1262,568,finished,5,
9812,2022-09-09 00:00:00.000,4671,354,finished,5,
9813,2022-09-09 00:00:00.000,1688,2909,finished,1,
9814,2022-09-09 00:00:00.000,4920,1869,finished,1,
9816,2022-09-09 00:00:00.000,3168,4733,finished,1,
9818,2022-09-09 00:00:00.000,566,1055,canceled,4,
9819,2022-09-09 00:00:00.000,2887,4483,canceled,5,
9822,2022-09-09 00:00:00.000,1482,4109,finished,5,
9824,2022-09-09 00:00:00.000,1420,1620,finished,2,
9827,2022-09-09 00:00:00.000,2132,2495,finished,5,
9828,2022-09-09 00:00:00.000,371,2644,finished,5,
9829,2022-09-09 00:00:00.000,1737,2829,finished,6,
9830,2022-09-09 00:00:00.000,168,332,finished,5,
9831,2022-09-09 00:00:00.000,2192,1764,finished,6,
9832,2022-09-09 00:00:00.000,200,4869,finished,7,
9834,2022-09-09 00:00:00.000,389,3716,canceled,5,
9835,2022-09-09 00:00:00.000,421,2202,finished,6,
9836,2022-09-09 00:00:00.000,4545,2388,finished,7,
9838,2022-09-09 00:00:00.000,3530,1263,finished,4,
9840,2022-09-09 00:00:00.000,884,793,finished,6,
9841,2022-09-09 00:00:00.000,2381,2313,finished,3,
9842,2022-09-09 00:00:00.000,482,1450,canceled,3,
9843,2022-09-09 00:00:00.000,1328,3888,finished,4,
9844,2022-09-09 00:00:00.000,389,1685,finished,5,
9845,2022-09-09 00:00:00.000,4122,3205,canceled,5,
9846,2022-09-10 00:00:00.000,3290,1767,canceled,4,
9848,2022-09-10 00:00:00.000,4334,2829,finished,2,
9849,2022-09-10 00:00:00.000,2244,2167,finished,6,
9850,2022-09-10 00:00:00.000,2166,840,finished,4,
9851,2022-09-10 00:00:00.000,4647,2145,finished,1,
9852,2022-09-10 00:00:00.000,4798,676,canceled,7,
9853,2022-09-10 00:00:00.000,2274,3232,finished,5,
9854,2022-09-10 00:00:00.000,2650,1601,finished,5,
9855,2022-09-10 00:00:00.000,2372,1446,finished,7,
9857,2022-09-10 00:00:00.000,1482,3481,finished,5,
9859,2022-09-10 00:00:00.000,1170,765,finished,2,
9861,2022-09-10 00:00:00.000,3350,2696,finished,3,
9865,2022-09-10 00:00:00.000,2622,485,canceled,4,
9867,2022-09-10 00:00:00.000,1927,2167,finished,3,
9868,2022-09-10 00:00:00.000,4259,2323,finished,5,
9870,2022-09-10 00:00:00.000,455,4567,finished,7,
9871,2022-09-10 00:00:00.000,2084,1229,finished,1,
9872,2022-09-10 00:00:00.000,2185,4653,finished,4,
9878,2022-09-10 00:00:00.000,2294,195,finished,7,
9879,2022-09-10 00:00:00.000,4138,241,finished,5,
9880,2022-09-10 00:00:00.000,3632,4601,finished,4,
9882,2022-09-10 00:00:00.000,3733,1142,finished,4,
9883,2022-09-10 00:00:00.000,1937,3608,finished,4,
9885,2022-09-10 00:00:00.000,482,694,finished,3,
9886,2022-09-10 00:00:00.000,4625,1880,finished,2,
9887,2022-09-10 00:00:00.000,2820,2851,finished,7,
9888,2022-09-10 00:00:00.000,1955,3120,finished,5,
9891,2022-09-10 00:00:00.000,1482,3654,finished,5,
9894,2022-09-10 00:00:00.000,26,3104,finished,7,
9897,2022-09-10 00:00:00.000,4545,3191,canceled,7,
9898,2022-09-10 00:00:00.000,3704,2445,finished,1,
9899,2022-09-10 00:00:00.000,4671,4746,finished,5,
9900,2022-09-10 00:00:00.000,1792,1499,finished,6,
9901,2022-09-10 00:00:00.000,608,874,finished,2,
9902,2022-09-10 00:00:00.000,1545,3393,finished,7,
9904,2022-09-10 00:00:00.000,4732,204,finished,3,
9905,2022-09-10 00:00:00.000,4852,2388,finished,5,
9906,2022-09-10 00:00:00.000,4647,3506,finished,1,
9908,2022-09-10 00:00:00.000,1021,3649,finished,5,
9909,2022-09-10 00:00:00.000,2269,2332,canceled,3,
9911,2022-09-10 00:00:00.000,2294,523,finished,7,
9912,2022-09-10 00:00:00.000,819,4496,finished,7,
9913,2022-09-10 00:00:00.000,504,1973,canceled,2,
9915,2022-09-10 00:00:00.000,1593,3999,finished,3,
9916,2022-09-10 00:00:00.000,1566,1286,finished,7,
9917,2022-09-10 00:00:00.000,1097,3391,finished,1,
9919,2022-09-10 00:00:00.000,4711,1825,finished,7,
9920,2022-09-10 00:00:00.000,2888,2827,finished,4,
9923,2022-09-10 00:00:00.000,168,4483,finished,5,
9926,2022-09-10 00:00:00.000,2123,2448,finished,4,
9927,2022-09-10 00:00:00.000,325,2895,finished,5,
9928,2022-09-10 00:00:00.000,4101,2171,finished,1,
9929,2022-09-10 00:00:00.000,802,121,finished,1,
9932,2022-09-10 00:00:00.000,3102,874,finished,5,
9934,2022-09-10 00:00:00.000,3154,4407,canceled,2,
9936,2022-09-10 00:00:00.000,2493,2140,finished,6,
9938,2022-09-10 00:00:00.000,1423,2313,finished,2,
9940,2022-09-10 00:00:00.000,3261,2674,finished,1,
9941,2022-09-10 00:00:00.000,1357,2611,finished,3,
9942,2022-09-10 00:00:00.000,389,4601,finished,5,
9943,2022-09-10 00:00:00.000,3213,3069,finished,3,
9944,2022-09-10 00:00:00.000,4741,703,finished,6,
9948,2022-09-10 00:00:00.000,879,2031,finished,1,
9949,2022-09-10 00:00:00.000,2556,1638,finished,6,
9950,2022-09-10 00:00:00.000,1433,939,finished,1,
9953,2022-09-10 00:00:00.000,695,3427,finished,7,
9954,2022-09-10 00:00:00.000,3186,3579,finished,1,
9955,2022-09-10 00:00:00.000,1737,835,finished,6,
9956,2022-09-10 00:00:00.000,2133,3053,finished,5,
9957,2022-09-10 00:00:00.000,3168,3255,finished,1,
9960,2022-09-10 00:00:00.000,1568,3715,canceled,1,
9963,2022-09-11 00:00:00.000,2351,312,canceled,5,
9965,2022-09-11 00:00:00.000,4831,4172,canceled,4,
9966,2022-09-11 00:00:00.000,1482,152,finished,5,
9967,2022-09-11 00:00:00.000,162,4718,finished,2,
9970,2022-09-11 00:00:00.000,1593,3232,canceled,3,
9972,2022-09-11 00:00:00.000,884,332,finished,6,
9974,2022-09-11 00:00:00.000,884,759,finished,6,
9975,2022-09-11 00:00:00.000,1027,1553,finished,2,
9978,2022-09-11 00:00:00.000,748,4179,canceled,7,
9979,2022-09-11 00:00:00.000,4723,989,finished,3,
9981,2022-09-11 00:00:00.000,3855,3610,finished,4,
9983,2022-09-11 00:00:00.000,389,291,finished,5,
9984,2022-09-11 00:00:00.000,1318,486,finished,5,
9985,2022-09-11 00:00:00.000,786,2948,canceled,7,
9986,2022-09-11 00:00:00.000,75,3232,finished,5,
9989,2022-09-11 00:00:00.000,2532,3672,canceled,2,
9990,2022-09-11 00:00:00.000,4256,485,finished,5,
9994,2022-09-11 00:00:00.000,681,4591,finished,5,
9999,2022-09-11 00:00:00.000,2994,3446,finished,1,
10000,2022-09-11 00:00:00.000,1262,1787,finished,5,
10001,2022-09-11 00:00:00.000,2647,3171,finished,7,
10003,2022-09-11 00:00:00.000,1853,3278,finished,1,
10004,2022-09-11 00:00:00.000,846,1713,finished,4,
10005,2022-09-11 00:00:00.000,1433,605,finished,1,
10006,2022-09-11 00:00:00.000,455,4898,finished,7,
10007,2022-09-11 00:00:00.000,3116,4729,finished,5,
10008,2022-09-11 00:00:00.000,4796,1086,finished,3,
10009,2022-09-11 00:00:00.000,3782,1031,finished,3,
10011,2022-09-11 00:00:00.000,1241,1142,finished,6,
10012,2022-09-11 00:00:00.000,4124,1976,finished,3,
10013,2022-09-11 00:00:00.000,3179,2136,finished,3,
10014,2022-09-11 00:00:00.000,3800,4898,finished,7,
10015,2022-09-11 00:00:00.000,4545,3409,finished,7,
10016,2022-09-11 00:00:00.000,3969,4547,finished,4,
10017,2022-09-11 00:00:00.000,2562,1359,finished,4,
10019,2022-09-11 00:00:00.000,3615,34,finished,5,
10020,2022-09-11 00:00:00.000,4838,2428,finished,2,
10021,2022-09-11 00:00:00.000,3803,4089,finished,5,
10023,2022-09-11 00:00:00.000,4804,874,finished,2,
10024,2022-09-11 00:00:00.000,4481,80,canceled,5,
10027,2022-09-11 00:00:00.000,2283,1252,finished,4,
10028,2022-09-11 00:00:00.000,4896,1011,finished,6,
10029,2022-09-11 00:00:00.000,4248,2690,finished,1,
10030,2022-09-11 00:00:00.000,4831,2415,finished,4,
10031,2022-09-11 00:00:00.000,1434,633,finished,2,
10033,2022-09-11 00:00:00.000,389,2204,finished,5,
10035,2022-09-11 00:00:00.000,319,1460,finished,5,
10041,2022-09-11 00:00:00.000,2166,2741,finished,4,
10042,2022-09-11 00:00:00.000,1027,2851,finished,2,
10043,2022-09-11 00:00:00.000,4503,2856,finished,1,
10044,2022-09-11 00:00:00.000,852,1252,finished,6,
10057,2022-09-11 00:00:00.000,4314,2445,canceled,7,
10059,2022-09-11 00:00:00.000,325,4817,finished,5,
10060,2022-09-11 00:00:00.000,1462,3948,finished,2,
10061,2022-09-11 00:00:00.000,4522,4609,finished,7,
10062,2022-09-11 00:00:00.000,389,1315,canceled,5,
10063,2022-09-11 00:00:00.000,2506,1340,finished,5,
10064,2022-09-11 00:00:00.000,977,609,canceled,5,
10065,2022-09-11 00:00:00.000,1002,4698,canceled,7,
10069,2022-09-11 00:00:00.000,4976,3727,finished,2,
10072,2022-09-11 00:00:00.000,4189,1610,finished,2,
10074,2022-09-11 00:00:00.000,819,3516,finished,7,
10077,2022-09-11 00:00:00.000,2400,1202,finished,1,
10078,2022-09-11 00:00:00.000,884,2507,finished,6,
10079,2022-09-11 00:00:00.000,1318,4751,finished,5,
10081,2022-09-11 00:00:00.000,4597,1826,finished,6,
10082,2022-09-11 00:00:00.000,2955,4365,finished,4,
10084,2022-09-11 00:00:00.000,221,4244,canceled,1,
10085,2022-09-11 00:00:00.000,613,2334,finished,3,
10087,2022-09-11 00:00:00.000,1554,1925,finished,5,
10088,2022-09-11 00:00:00.000,4576,4869,finished,2,
10090,2022-09-11 00:00:00.000,3615,3631,finished,5,
10091,2022-09-11 00:00:00.000,389,4864,canceled,5,
10092,2022-09-11 00:00:00.000,884,2317,finished,6,
10093,2022-09-11 00:00:00.000,4309,3018,canceled,2,
10094,2022-09-11 00:00:00.000,2043,2159,finished,5,
10095,2022-09-11 00:00:00.000,3462,3018,finished,4,
10096,2022-09-11 00:00:00.000,1002,2552,finished,7,
10097,2022-09-11 00:00:00.000,1393,1815,finished,7,
10100,2022-09-11 00:00:00.000,1417,4707,finished,3,
10101,2022-09-11 00:00:00.000,2274,3053,finished,5,
10102,2022-09-11 00:00:00.000,2185,4588,finished,4,
10105,2022-09-11 00:00:00.000,4221,2350,finished,4,
10107,2022-09-12 00:00:00.000,3493,4817,finished,3,
10108,2022-09-12 00:00:00.000,3802,95,finished,5,
10109,2022-09-12 00:00:00.000,2571,93,finished,7,
10110,2022-09-12 00:00:00.000,2969,840,finished,4,
10111,2022-09-12 00:00:00.000,1796,2327,finished,5,
10112,2022-09-12 00:00:00.000,4896,2276,finished,6,
10113,2022-09-12 00:00:00.000,2379,1446,finished,1,
10114,2022-09-12 00:00:00.000,1318,1083,finished,5,
10115,2022-09-12 00:00:00.000,2283,2445,finished,4,
10116,2022-09-12 00:00:00.000,3632,4505,finished,4,
10117,2022-09-12 00:00:00.000,2888,1787,canceled,4,
10119,2022-09-12 00:00:00.000,2562,3009,finished,4,
10120,2022-09-12 00:00:00.000,2662,1168,canceled,1,
10121,2022-09-12 00:00:00.000,1986,251,finished,6,
10124,2022-09-12 00:00:00.000,4304,2388,finished,2,
10126,2022-09-12 00:00:00.000,3802,927,finished,5,
10127,2022-09-12 00:00:00.000,1457,1690,finished,2,
10130,2022-09-12 00:00:00.000,4545,2851,finished,7,
10132,2022-09-12 00:00:00.000,2852,3456,finished,5,
10133,2022-09-12 00:00:00.000,3400,4561,finished,1,
10134,2022-09-12 00:00:00.000,884,3844,finished,6,
10135,2022-09-12 00:00:00.000,4812,945,finished,2,
10136,2022-09-12 00:00:00.000,4123,426,finished,7,
10139,2022-09-12 00:00:00.000,4741,4375,finished,6,
10140,2022-09-12 00:00:00.000,4838,4898,finished,2,
10141,2022-09-12 00:00:00.000,3415,913,finished,4,
10142,2022-09-12 00:00:00.000,3047,3120,canceled,5,
10146,2022-09-12 00:00:00.000,4123,3128,finished,7,
10147,2022-09-12 00:00:00.000,1037,1726,finished,2,
10150,2022-09-12 00:00:00.000,2372,4746,canceled,7,
10151,2022-09-12 00:00:00.000,1513,1418,finished,4,
10153,2022-09-12 00:00:00.000,4595,2741,finished,1,
10154,2022-09-12 00:00:00.000,2506,3953,finished,5,
10156,2022-09-12 00:00:00.000,1002,4678,finished,7,
10157,2022-09-12 00:00:00.000,3754,4075,canceled,1,
10159,2022-09-12 00:00:00.000,2675,2313,finished,5,
10161,2022-09-12 00:00:00.000,4123,3426,finished,7,
10162,2022-09-12 00:00:00.000,4798,2538,finished,7,
10163,2022-09-12 00:00:00.000,3274,1086,finished,6,
10164,2022-09-12 00:00:00.000,3802,1500,canceled,5,
10166,2022-09-12 00:00:00.000,3802,4697,finished,5,
10168,2022-09-12 00:00:00.000,786,1603,finished,7,
10169,2022-09-12 00:00:00.000,3802,1343,finished,5,
10170,2022-09-12 00:00:00.000,16,4129,finished,6,
10173,2022-09-12 00:00:00.000,1573,2388,canceled,6,
10175,2022-09-12 00:00:00.000,977,2750,canceled,5,
10176,2022-09-12 00:00:00.000,3733,3416,finished,4,
10178,2022-09-12 00:00:00.000,4856,1411,finished,1,
10180,2022-09-12 00:00:00.000,2133,167,finished,5,
10181,2022-09-12 00:00:00.000,3347,3278,finished,6,
10182,2022-09-12 00:00:00.000,3116,4347,finished,5,
10183,2022-09-12 00:00:00.000,3777,3837,canceled,3,
10185,2022-09-12 00:00:00.000,660,1355,finished,1,
10189,2022-09-12 00:00:00.000,4486,3837,canceled,1,
10190,2022-09-12 00:00:00.000,1985,60,finished,7,
10191,2022-09-12 00:00:00.000,2557,365,finished,2,
10193,2022-09-12 00:00:00.000,15,2394,finished,5,
10194,2022-09-12 00:00:00.000,1532,4298,finished,7,
10197,2022-09-12 00:00:00.000,3040,4817,finished,5,
10198,2022-09-12 00:00:00.000,2403,241,finished,1,
10199,2022-09-12 00:00:00.000,3101,419,canceled,6,
10200,2022-09-12 00:00:00.000,538,1553,finished,1,
10201,2022-09-12 00:00:00.000,1236,4855,finished,4,
10202,2022-09-12 00:00:00.000,660,1842,finished,1,
10203,2022-09-12 00:00:00.000,884,3427,finished,6,
10204,2022-09-12 00:00:00.000,325,803,canceled,5,
10205,2022-09-12 00:00:00.000,2294,4187,finished,7,
10206,2022-09-12 00:00:00.000,1498,3771,finished,4,
10207,2022-09-12 00:00:00.000,3802,1797,finished,5,
10208,2022-09-12 00:00:00.000,4835,1724,finished,1,
10209,2022-09-12 00:00:00.000,3972,3827,finished,5,
10210,2022-09-12 00:00:00.000,1190,2883,finished,5,
10211,2022-09-12 00:00:00.000,2123,2829,finished,4,
10213,2022-09-12 00:00:00.000,1241,609,canceled,6,
10215,2022-09-12 00:00:00.000,1712,2106,finished,3,
10216,2022-09-12 00:00:00.000,2675,1689,finished,5,
10217,2022-09-12 00:00:00.000,4914,4880,finished,1,
10220,2022-09-12 00:00:00.000,4121,4719,finished,7,
10221,2022-09-12 00:00:00.000,3493,251,canceled,3,
10222,2022-09-12 00:00:00.000,3045,2796,finished,7,
10223,2022-09-12 00:00:00.000,4349,3393,finished,7,
10224,2022-09-12 00:00:00.000,2920,4172,finished,4,
10226,2022-09-12 00:00:00.000,1760,2129,finished,6,
10228,2022-09-12 00:00:00.000,482,3804,finished,3,
10230,2022-09-12 00:00:00.000,3347,2341,finished,6,
10231,2022-09-12 00:00:00.000,4856,3091,finished,1,
10232,2022-09-12 00:00:00.000,4123,1814,finished,7,
10233,2022-09-12 00:00:00.000,7,4980,finished,6,
10234,2022-09-12 00:00:00.000,2465,1898,finished,7,
10235,2022-09-12 00:00:00.000,3101,2079,finished,6,
10236,2022-09-12 00:00:00.000,3213,4846,finished,3,
10239,2022-09-12 00:00:00.000,271,915,finished,5,
10242,2022-09-12 00:00:00.000,645,3259,canceled,2,
10243,2022-09-12 00:00:00.000,1002,4390,finished,7,
10244,2022-09-12 00:00:00.000,1796,3872,canceled,5,
10246,2022-09-12 00:00:00.000,884,4010,finished,6,
10248,2022-09-12 00:00:00.000,421,4292,finished,6,
10249,2022-09-12 00:00:00.000,3802,4286,finished,5,
10250,2022-09-12 00:00:00.000,1584,1553,finished,4,
10255,2022-09-12 00:00:00.000,884,559,canceled,6,
10256,2022-09-12 00:00:00.000,1326,1437,finished,1,
10258,2022-09-12 00:00:00.000,1002,2912,finished,7,
10262,2022-09-12 00:00:00.000,4741,4329,finished,6,
10263,2022-09-12 00:00:00.000,4585,3890,finished,7,
10264,2022-09-12 00:00:00.000,2192,4661,finished,6,
10269,2022-09-12 00:00:00.000,2635,4869,finished,1,
10270,2022-09-12 00:00:00.000,2088,1717,canceled,2,
10271,2022-09-13 00:00:00.000,516,3416,finished,6,
10272,2022-09-13 00:00:00.000,4625,1553,finished,2,
10273,2022-09-13 00:00:00.000,1347,4708,finished,1,
10277,2022-09-13 00:00:00.000,4481,1351,finished,5,
10278,2022-09-13 00:00:00.000,4833,825,finished,1,
10279,2022-09-13 00:00:00.000,1348,1798,finished,3,
10281,2022-09-13 00:00:00.000,3066,3410,finished,3,
10282,2022-09-13 00:00:00.000,2453,3765,finished,2,
10283,2022-09-13 00:00:00.000,1937,4096,finished,4,
10286,2022-09-13 00:00:00.000,165,3998,finished,7,
10287,2022-09-13 00:00:00.000,3264,3416,finished,4,
10291,2022-09-13 00:00:00.000,3105,3486,finished,4,
10293,2022-09-13 00:00:00.000,4212,770,finished,3,
10294,2022-09-13 00:00:00.000,3105,892,finished,4,
10296,2022-09-13 00:00:00.000,389,945,finished,5,
10297,2022-09-13 00:00:00.000,389,730,canceled,5,
10298,2022-09-13 00:00:00.000,1754,100,finished,1,
10299,2022-09-13 00:00:00.000,1390,4197,finished,1,
10300,2022-09-13 00:00:00.000,1262,237,finished,5,
10302,2022-09-13 00:00:00.000,3802,4590,canceled,5,
10304,2022-09-13 00:00:00.000,3505,1263,finished,4,
10307,2022-09-13 00:00:00.000,2419,1437,finished,4,
10308,2022-09-13 00:00:00.000,681,2415,finished,5,
10309,2022-09-13 00:00:00.000,1482,3792,canceled,5,
10311,2022-09-13 00:00:00.000,389,3810,finished,5,
10312,2022-09-13 00:00:00.000,4776,2355,finished,4,
10316,2022-09-13 00:00:00.000,4595,4707,finished,1,
10318,2022-09-13 00:00:00.000,3347,404,finished,6,
10320,2022-09-13 00:00:00.000,2403,1340,canceled,1,
10322,2022-09-13 00:00:00.000,3123,4079,finished,5,
10323,2022-09-13 00:00:00.000,3284,499,finished,2,
10324,2022-09-13 00:00:00.000,681,3151,finished,5,
10328,2022-09-13 00:00:00.000,4502,899,canceled,4,
10329,2022-09-13 00:00:00.000,3400,358,finished,1,
10330,2022-09-13 00:00:00.000,4268,1749,canceled,5,
10332,2022-09-13 00:00:00.000,884,4788,finished,6,
10334,2022-09-13 00:00:00.000,3347,2143,finished,6,
10338,2022-09-13 00:00:00.000,1398,3728,finished,7,
10341,2022-09-13 00:00:00.000,2274,1313,canceled,5,
10346,2022-09-13 00:00:00.000,2663,1553,finished,4,
10348,2022-09-13 00:00:00.000,3400,3414,finished,1,
10350,2022-09-13 00:00:00.000,1091,1785,finished,1,
10351,2022-09-13 00:00:00.000,2472,4093,finished,4,
10353,2022-09-13 00:00:00.000,1241,951,finished,6,
10355,2022-09-13 00:00:00.000,3802,4529,finished,5,
10356,2022-09-13 00:00:00.000,4314,72,canceled,7,
10357,2022-09-13 00:00:00.000,3462,3516,finished,4,
10360,2022-09-13 00:00:00.000,2294,715,finished,7,
10362,2022-09-13 00:00:00.000,4123,2883,canceled,7,
10365,2022-09-13 00:00:00.000,3105,4076,finished,4,
10366,2022-09-13 00:00:00.000,200,241,finished,7,
10369,2022-09-13 00:00:00.000,3347,2404,finished,6,
10370,2022-09-13 00:00:00.000,4611,4168,canceled,6,
10371,2022-09-13 00:00:00.000,3802,282,finished,5,
10372,2022-09-13 00:00:00.000,2994,1655,finished,1,
10373,2022-09-13 00:00:00.000,2888,2152,finished,4,
10375,2022-09-13 00:00:00.000,2294,3639,finished,7,
10376,2022-09-13 00:00:00.000,1172,4869,finished,7,
10378,2022-09-13 00:00:00.000,3400,4193,finished,1,
10379,2022-09-13 00:00:00.000,3493,2415,finished,3,
10380,2022-09-13 00:00:00.000,997,1709,finished,2,
10381,2022-09-13 00:00:00.000,513,4089,finished,1,
10382,2022-09-13 00:00:00.000,1169,2723,finished,6,
10384,2022-09-13 00:00:00.000,2647,3528,finished,7,
10385,2022-09-13 00:00:00.000,3880,2745,finished,4,
10388,2022-09-13 00:00:00.000,4597,2929,finished,6,
10389,2022-09-13 00:00:00.000,4480,3232,finished,3,
10390,2022-09-13 00:00:00.000,3347,544,finished,6,
10392,2022-09-13 00:00:00.000,1552,771,canceled,4,
10393,2022-09-13 00:00:00.000,4111,4895,finished,1,
10394,2022-09-13 00:00:00.000,129,2415,finished,3,
10396,2022-09-13 00:00:00.000,2647,505,finished,7,
10397,2022-09-13 00:00:00.000,2675,383,finished,5,
10400,2022-09-13 00:00:00.000,4546,3922,finished,6,
10401,2022-09-13 00:00:00.000,2351,530,finished,5,
10402,2022-09-13 00:00:00.000,4103,4672,canceled,6,
10404,2022-09-13 00:00:00.000,3828,4579,finished,5,
10405,2022-09-13 00:00:00.000,1469,3053,finished,2,
10406,2022-09-13 00:00:00.000,2294,4543,finished,7,
10407,2022-09-13 00:00:00.000,2294,6,finished,7,
10409,2022-09-13 00:00:00.000,3105,2890,finished,4,
10411,2022-09-13 00:00:00.000,3632,4165,finished,4,
10412,2022-09-13 00:00:00.000,1768,1596,canceled,4,
10413,2022-09-13 00:00:00.000,56,2829,finished,7,
10414,2022-09-13 00:00:00.000,1236,4117,finished,4,
10415,2022-09-13 00:00:00.000,4108,4374,finished,7,
10416,2022-09-13 00:00:00.000,3802,1035,finished,5,
10417,2022-09-13 00:00:00.000,4585,3783,finished,7,
10419,2022-09-13 00:00:00.000,3143,2932,finished,1,
10421,2022-09-13 00:00:00.000,2351,3384,finished,5,
10422,2022-09-13 00:00:00.000,3624,3837,finished,3,
10424,2022-09-14 00:00:00.000,4452,3454,finished,3,
10426,2022-09-14 00:00:00.000,2195,2674,finished,6,
10427,2022-09-14 00:00:00.000,2955,3343,canceled,4,
10429,2022-09-14 00:00:00.000,3415,609,finished,4,
10430,2022-09-14 00:00:00.000,2294,4744,finished,7,
10431,2022-09-14 00:00:00.000,4123,1401,finished,7,
10432,2022-09-14 00:00:00.000,2635,638,canceled,1,
10440,2022-09-14 00:00:00.000,1021,4947,finished,5,
10441,2022-09-14 00:00:00.000,4896,4505,canceled,6,
10442,2022-09-14 00:00:00.000,3227,3432,finished,6,
10443,2022-09-14 00:00:00.000,3615,4020,canceled,5,
10444,2022-09-14 00:00:00.000,3059,559,finished,5,
10445,2022-09-14 00:00:00.000,1890,1825,finished,5,
10446,2022-09-14 00:00:00.000,1856,1340,finished,1,
10447,2022-09-14 00:00:00.000,1573,3054,finished,6,
10449,2022-09-14 00:00:00.000,4056,715,canceled,6,
10452,2022-09-14 00:00:00.000,3347,330,canceled,6,
10453,2022-09-14 00:00:00.000,772,2611,finished,1,
10456,2022-09-14 00:00:00.000,2133,4244,finished,5,
10457,2022-09-14 00:00:00.000,3123,2775,finished,5,
10460,2022-09-14 00:00:00.000,4628,4013,finished,6,
10461,2022-09-14 00:00:00.000,3869,251,finished,7,
10462,2022-09-14 00:00:00.000,4798,3607,finished,7,
10463,2022-09-14 00:00:00.000,3059,2429,finished,5,
10466,2022-09-14 00:00:00.000,3580,4547,finished,2,
10467,2022-09-14 00:00:00.000,3108,3718,finished,5,
10468,2022-09-14 00:00:00.000,1568,968,finished,1,
10469,2022-09-14 00:00:00.000,4753,3120,finished,1,
10472,2022-09-14 00:00:00.000,4123,2671,finished,7,
10473,2022-09-14 00:00:00.000,1002,4200,finished,7,
10474,2022-09-14 00:00:00.000,2379,3023,finished,1,
10475,2022-09-14 00:00:00.000,4123,3193,canceled,7,
10476,2022-09-14 00:00:00.000,2675,4704,finished,5,
10479,2022-09-14 00:00:00.000,3347,2582,canceled,6,
10485,2022-09-14 00:00:00.000,4565,2313,finished,7,
10486,2022-09-14 00:00:00.000,4123,686,finished,7,
10488,2022-09-14 00:00:00.000,4628,1908,finished,6,
10490,2022-09-14 00:00:00.000,1002,4235,finished,7,
10491,2022-09-14 00:00:00.000,2089,2929,finished,6,
10492,2022-09-14 00:00:00.000,2994,1437,finished,1,
10499,2022-09-14 00:00:00.000,73,908,finished,6,
10500,2022-09-14 00:00:00.000,4804,4869,finished,2,
10501,2022-09-14 00:00:00.000,1172,3416,finished,7,
10502,2022-09-14 00:00:00.000,3787,3653,finished,1,
10503,2022-09-14 00:00:00.000,3347,4420,canceled,6,
10504,2022-09-14 00:00:00.000,2465,4743,finished,7,
10505,2022-09-14 00:00:00.000,1069,4817,canceled,6,
10506,2022-09-14 00:00:00.000,2473,2751,finished,2,
10507,2022-09-14 00:00:00.000,4530,974,finished,3,
10508,2022-09-14 00:00:00.000,2670,1553,finished,4,
10509,2022-09-14 00:00:00.000,2043,2889,canceled,5,
10510,2022-09-14 00:00:00.000,4752,3566,finished,7,
10511,2022-09-14 00:00:00.000,4522,2741,finished,7,
10512,2022-09-14 00:00:00.000,2850,3532,finished,5,
10513,2022-09-14 00:00:00.000,645,2254,finished,2,
10514,2022-09-14 00:00:00.000,2532,2475,canceled,2,
10517,2022-09-14 00:00:00.000,3802,1386,finished,5,
10521,2022-09-14 00:00:00.000,1532,4547,canceled,7,
10524,2022-09-14 00:00:00.000,3835,3846,canceled,2,
10525,2022-09-14 00:00:00.000,685,3685,finished,1,
10528,2022-09-14 00:00:00.000,3102,2829,finished,5,
10529,2022-09-14 00:00:00.000,4259,4011,finished,5,
10530,2022-09-14 00:00:00.000,1932,1936,finished,3,
10531,2022-09-14 00:00:00.000,3347,3543,finished,6,
10532,2022-09-14 00:00:00.000,3116,186,finished,5,
10533,2022-09-14 00:00:00.000,4387,1983,finished,7,
10537,2022-09-14 00:00:00.000,4255,2849,finished,6,
10539,2022-09-14 00:00:00.000,3179,160,finished,3,
10541,2022-09-14 00:00:00.000,3105,2602,finished,4,
10542,2022-09-14 00:00:00.000,428,2929,finished,7,
10544,2022-09-14 00:00:00.000,2194,2851,finished,5,
10545,2022-09-14 00:00:00.000,4541,2799,finished,2,
10546,2022-09-14 00:00:00.000,1347,2487,finished,1,
10547,2022-09-14 00:00:00.000,4256,1897,finished,5,
10548,2022-09-14 00:00:00.000,3852,3579,finished,1,
10550,2022-09-14 00:00:00.000,389,3892,finished,5,
10551,2022-09-14 00:00:00.000,3538,3081,finished,3,
10552,2022-09-14 00:00:00.000,1190,3534,finished,5,
10555,2022-09-14 00:00:00.000,2088,1599,canceled,2,
10557,2022-09-14 00:00:00.000,4835,559,finished,1,
10558,2022-09-14 00:00:00.000,3802,986,finished,5,
10563,2022-09-14 00:00:00.000,4611,2136,finished,6,
10564,2022-09-14 00:00:00.000,3594,464,finished,7,
10565,2022-09-14 00:00:00.000,518,2313,finished,6,
10566,2022-09-14 00:00:00.000,1002,945,finished,7,
10567,2022-09-14 00:00:00.000,2747,4207,finished,5,
10570,2022-09-14 00:00:00.000,4522,1588,finished,7,
10571,2022-09-14 00:00:00.000,1420,241,finished,2,
10572,2022-09-14 00:00:00.000,1366,1340,finished,3,
10574,2022-09-14 00:00:00.000,3749,2674,finished,4,
10576,2022-09-14 00:00:00.000,2636,2417,finished,1,
10578,2022-09-15 00:00:00.000,2465,3416,finished,7,
10579,2022-09-15 00:00:00.000,75,3095,finished,5,
10581,2022-09-15 00:00:00.000,3116,3414,finished,5,
10583,2022-09-15 00:00:00.000,3116,1313,finished,5,
10585,2022-09-15 00:00:00.000,772,2736,finished,1,
10586,2022-09-15 00:00:00.000,774,4498,finished,7,
10587,2022-09-15 00:00:00.000,1299,2350,finished,4,
10588,2022-09-15 00:00:00.000,560,3366,canceled,6,
10589,2022-09-15 00:00:00.000,2928,3889,finished,5,
10592,2022-09-15 00:00:00.000,1064,234,finished,4,
10593,2022-09-15 00:00:00.000,2485,1031,finished,1,
10594,2022-09-15 00:00:00.000,3941,4851,finished,4,
10595,2022-09-15 00:00:00.000,410,2221,finished,5,
10597,2022-09-15 00:00:00.000,538,902,canceled,1,
10601,2022-09-15 00:00:00.000,2928,4317,canceled,5,
10603,2022-09-15 00:00:00.000,3759,3728,canceled,4,
10604,2022-09-15 00:00:00.000,772,2224,canceled,1,
10605,2022-09-15 00:00:00.000,4314,251,finished,7,
10607,2022-09-15 00:00:00.000,229,32,finished,3,
10608,2022-09-15 00:00:00.000,2928,3873,canceled,5,
10609,2022-09-15 00:00:00.000,3704,4861,finished,1,
10611,2022-09-15 00:00:00.000,3802,2924,finished,5,
10612,2022-09-15 00:00:00.000,2928,2013,finished,5,
10614,2022-09-15 00:00:00.000,772,4290,finished,1,
10616,2022-09-15 00:00:00.000,3105,4069,finished,4,
10617,2022-09-15 00:00:00.000,1190,479,finished,5,
10618,2022-09-15 00:00:00.000,2928,390,finished,5,
10620,2022-09-15 00:00:00.000,2133,2414,finished,5,
10624,2022-09-15 00:00:00.000,328,4040,finished,7,
10625,2022-09-15 00:00:00.000,15,4466,finished,5,
10626,2022-09-15 00:00:00.000,2852,4851,finished,5,
10628,2022-09-15 00:00:00.000,2928,4288,finished,5,
10629,2022-09-15 00:00:00.000,2379,2909,finished,1,
10630,2022-09-15 00:00:00.000,3802,4629,finished,5,
10631,2022-09-15 00:00:00.000,2005,97,finished,7,
10634,2022-09-15 00:00:00.000,3615,4889,finished,5,
10635,2022-09-15 00:00:00.000,4465,430,canceled,5,
10637,2022-09-15 00:00:00.000,325,1779,finished,5,
10638,2022-09-15 00:00:00.000,1566,1973,finished,7,
10639,2022-09-15 00:00:00.000,3802,176,finished,5,
10640,2022-09-15 00:00:00.000,2928,4449,canceled,5,
10641,2022-09-15 00:00:00.000,1393,2224,finished,7,
10645,2022-09-15 00:00:00.000,2934,1252,finished,6,
10646,2022-09-15 00:00:00.000,772,306,finished,1,
10648,2022-09-15 00:00:00.000,1190,2890,finished,5,
10649,2022-09-15 00:00:00.000,1262,1709,finished,5,
10651,2022-09-15 00:00:00.000,249,1540,finished,6,
10652,2022-09-15 00:00:00.000,2005,2615,finished,7,
10654,2022-09-15 00:00:00.000,3066,3169,finished,3,
10656,2022-09-15 00:00:00.000,2663,1846,finished,4,
10657,2022-09-15 00:00:00.000,2928,1505,finished,5,
10661,2022-09-15 00:00:00.000,572,234,finished,6,
10662,2022-09-15 00:00:00.000,3835,1316,canceled,2,
10663,2022-09-15 00:00:00.000,1545,234,finished,7,
10665,2022-09-15 00:00:00.000,819,770,canceled,7,
10666,2022-09-15 00:00:00.000,4441,241,finished,4,
10667,2022-09-15 00:00:00.000,3105,2827,finished,4,
10668,2022-09-15 00:00:00.000,1248,3255,finished,4,
10669,2022-09-15 00:00:00.000,4211,1940,canceled,2,
10672,2022-09-15 00:00:00.000,845,2790,finished,6,
10674,2022-09-15 00:00:00.000,772,1238,finished,1,
10676,2022-09-15 00:00:00.000,2037,2292,finished,7,
10677,2022-09-15 00:00:00.000,1348,1081,canceled,3,
10678,2022-09-15 00:00:00.000,2133,1515,canceled,5,
10681,2022-09-15 00:00:00.000,4123,4328,canceled,7,
10682,2022-09-15 00:00:00.000,4651,3827,finished,1,
10683,2022-09-15 00:00:00.000,1457,4505,finished,2,
10684,2022-09-15 00:00:00.000,1449,691,finished,7,
10685,2022-09-15 00:00:00.000,1482,190,canceled,5,
10693,2022-09-15 00:00:00.000,772,2159,finished,1,
10694,2022-09-15 00:00:00.000,4248,3366,finished,1,
10695,2022-09-15 00:00:00.000,3802,2270,finished,5,
10699,2022-09-15 00:00:00.000,2555,2019,finished,4,
10700,2022-09-15 00:00:00.000,4256,1613,finished,5,
10704,2022-09-15 00:00:00.000,2928,2841,finished,5,
10705,2022-09-15 00:00:00.000,1002,452,finished,7,
10707,2022-09-15 00:00:00.000,4344,3728,finished,1,
10708,2022-09-15 00:00:00.000,3225,1550,canceled,1,
10709,2022-09-15 00:00:00.000,4854,4851,canceled,6,
10710,2022-09-15 00:00:00.000,170,612,finished,3,
10711,2022-09-15 00:00:00.000,845,988,canceled,6,
10713,2022-09-15 00:00:00.000,1736,1729,finished,3,
10714,2022-09-15 00:00:00.000,1853,3414,canceled,1,
10716,2022-09-15 00:00:00.000,4425,3416,finished,6,
10717,2022-09-15 00:00:00.000,845,2272,finished,6,
10718,2022-09-15 00:00:00.000,3048,2415,finished,6,
10719,2022-09-15 00:00:00.000,1357,4718,finished,3,
10721,2022-09-15 00:00:00.000,2687,3909,finished,3,
10722,2022-09-15 00:00:00.000,4123,2504,finished,7,
10723,2022-09-15 00:00:00.000,772,3837,finished,1,
10728,2022-09-15 00:00:00.000,4358,234,finished,2,
10729,2022-09-15 00:00:00.000,4344,1050,finished,1,
10730,2022-09-15 00:00:00.000,772,366,finished,1,
10731,2022-09-15 00:00:00.000,884,1637,finished,6,
10732,2022-09-15 00:00:00.000,4741,1022,finished,6,
10733,2022-09-15 00:00:00.000,3121,234,canceled,5,
10735,2022-09-15 00:00:00.000,846,4851,finished,4,
10736,2022-09-15 00:00:00.000,645,1338,canceled,2,
10738,2022-09-15 00:00:00.000,3005,2313,finished,4,
10740,2022-09-15 00:00:00.000,3105,3070,finished,4,
10741,2022-09-15 00:00:00.000,955,4695,canceled,4,
10744,2022-09-15 00:00:00.000,2887,4898,finished,5,
10745,2022-09-15 00:00:00.000,4693,3922,finished,6,
10746,2022-09-15 00:00:00.000,3116,3721,finished,5,
10748,2022-09-15 00:00:00.000,3116,3416,finished,5,
10749,2022-09-15 00:00:00.000,2675,4869,finished,5,
10750,2022-09-15 00:00:00.000,4693,234,canceled,6,
10751,2022-09-15 00:00:00.000,2850,3779,finished,5,
10752,2022-09-15 00:00:00.000,3782,4169,finished,3,
10753,2022-09-15 00:00:00.000,572,72,finished,6,
10755,2022-09-15 00:00:00.000,772,998,finished,1,
10757,2022-09-15 00:00:00.000,2133,2691,finished,5,
10759,2022-09-15 00:00:00.000,772,2644,finished,1,
10760,2022-09-15 00:00:00.000,2881,2929,finished,2,
10761,2022-09-15 00:00:00.000,4429,4251,finished,5,
10762,2022-09-15 00:00:00.000,4111,913,finished,1,
10764,2022-09-15 00:00:00.000,338,891,finished,4,
