"user_id","reg_date","role","region_id"
1,2021-04-22 00:00:00.000,mentee,7
5,2021-12-25 00:00:00.000,mentee,1
6,2021-01-28 00:00:00.000,mentee,2
8,2022-09-12 00:00:00.000,mentee,6
10,2021-06-16 00:00:00.000,mentee,1
12,2022-08-18 00:00:00.000,mentee,1
13,2022-01-22 00:00:00.000,mentee,3
14,2022-03-09 00:00:00.000,mentee,7
17,2022-08-21 00:00:00.000,mentee,1
18,2021-12-29 00:00:00.000,mentee,1
20,2021-02-02 00:00:00.000,mentee,1
22,2021-05-22 00:00:00.000,mentee,0
24,2021-12-12 00:00:00.000,mentee,6
32,2022-09-09 00:00:00.000,mentee,1
34,2022-03-27 00:00:00.000,mentee,4
35,2022-02-04 00:00:00.000,mentee,1
36,2022-05-16 00:00:00.000,mentee,1
41,2021-01-25 00:00:00.000,mentee,1
44,2021-09-16 00:00:00.000,mentee,7
45,2021-05-17 00:00:00.000,mentee,7
46,2022-04-05 00:00:00.000,mentee,2
48,2021-11-14 00:00:00.000,mentee,1
50,2021-06-20 00:00:00.000,mentee,4
51,2022-05-23 00:00:00.000,mentee,1
52,2021-09-23 00:00:00.000,mentee,8
57,2021-08-01 00:00:00.000,mentee,9
59,2021-03-29 00:00:00.000,mentee,6
60,2021-06-25 00:00:00.000,mentee,8
61,2022-06-04 00:00:00.000,mentee,4
63,2022-02-06 00:00:00.000,mentee,8
65,2022-06-29 00:00:00.000,mentee,2
70,2021-01-22 00:00:00.000,mentee,1
71,2021-11-17 00:00:00.000,mentee,2
72,2021-09-01 00:00:00.000,mentee,5
74,2021-04-17 00:00:00.000,mentee,1
76,2022-05-07 00:00:00.000,mentee,7
77,2022-03-28 00:00:00.000,mentee,6
79,2021-09-27 00:00:00.000,mentee,0
80,2021-03-16 00:00:00.000,mentee,3
81,2021-09-04 00:00:00.000,mentee,1
86,2022-08-15 00:00:00.000,mentee,1
87,2021-04-24 00:00:00.000,mentee,1
89,2022-06-15 00:00:00.000,mentee,6
93,2022-06-02 00:00:00.000,mentee,3
95,2021-05-04 00:00:00.000,mentee,1
97,2021-01-23 00:00:00.000,mentee,4
99,2021-07-27 00:00:00.000,mentee,1
100,2021-09-01 00:00:00.000,mentee,1
102,2021-06-26 00:00:00.000,mentee,4
106,2022-06-17 00:00:00.000,mentee,4
107,2021-02-01 00:00:00.000,mentee,1
108,2021-11-07 00:00:00.000,mentee,1
109,2022-08-22 00:00:00.000,mentee,1
111,2022-08-03 00:00:00.000,mentee,4
115,2022-05-31 00:00:00.000,mentee,0
118,2021-02-04 00:00:00.000,mentee,7
121,2022-07-30 00:00:00.000,mentee,1
124,2021-07-08 00:00:00.000,mentee,1
125,2021-10-06 00:00:00.000,mentee,6
126,2022-01-24 00:00:00.000,mentee,5
130,2022-01-23 00:00:00.000,mentee,6
131,2021-03-19 00:00:00.000,mentee,1
132,2021-01-13 00:00:00.000,mentee,1
137,2022-04-03 00:00:00.000,mentee,1
139,2021-01-12 00:00:00.000,mentee,1
141,2021-10-31 00:00:00.000,mentee,7
142,2022-01-26 00:00:00.000,mentee,3
143,2021-11-16 00:00:00.000,mentee,1
144,2022-04-16 00:00:00.000,mentee,1
145,2022-01-26 00:00:00.000,mentee,2
146,2021-09-10 00:00:00.000,mentee,2
147,2022-01-05 00:00:00.000,mentee,1
148,2021-01-18 00:00:00.000,mentee,6
149,2021-05-04 00:00:00.000,mentee,10
150,2021-01-18 00:00:00.000,mentee,4
151,2022-02-15 00:00:00.000,mentee,2
152,2021-10-07 00:00:00.000,mentee,1
153,2021-03-13 00:00:00.000,mentee,1
154,2022-05-22 00:00:00.000,mentee,1
155,2021-06-09 00:00:00.000,mentee,1
159,2021-09-15 00:00:00.000,mentee,2
160,2021-10-14 00:00:00.000,mentee,1
161,2021-07-16 00:00:00.000,mentee,1
163,2021-03-19 00:00:00.000,mentee,6
167,2021-11-29 00:00:00.000,mentee,4
169,2022-08-20 00:00:00.000,mentee,3
172,2021-12-02 00:00:00.000,mentee,7
173,2021-02-09 00:00:00.000,mentee,1
175,2022-04-14 00:00:00.000,mentee,1
176,2021-03-09 00:00:00.000,mentee,1
181,2021-08-13 00:00:00.000,mentee,1
184,2022-02-09 00:00:00.000,mentee,7
186,2022-04-26 00:00:00.000,mentee,1
188,2022-06-10 00:00:00.000,mentee,1
189,2022-08-19 00:00:00.000,mentee,6
190,2022-02-24 00:00:00.000,mentee,7
193,2022-07-12 00:00:00.000,mentee,7
194,2022-04-17 00:00:00.000,mentee,3
195,2021-01-16 00:00:00.000,mentee,3
198,2021-08-22 00:00:00.000,mentee,2
199,2022-04-23 00:00:00.000,mentee,1
201,2021-03-30 00:00:00.000,mentee,4
204,2021-10-24 00:00:00.000,mentee,1
205,2021-12-12 00:00:00.000,mentee,3
206,2021-04-05 00:00:00.000,mentee,13
207,2022-01-02 00:00:00.000,mentee,1
211,2021-04-23 00:00:00.000,mentee,1
213,2021-01-08 00:00:00.000,mentee,2
215,2021-06-01 00:00:00.000,mentee,3
216,2021-01-30 00:00:00.000,mentee,4
217,2022-08-30 00:00:00.000,mentee,2
218,2021-11-13 00:00:00.000,mentee,7
222,2021-06-09 00:00:00.000,mentee,10
223,2021-05-17 00:00:00.000,mentee,3
224,2021-08-15 00:00:00.000,mentee,1
225,2021-06-11 00:00:00.000,mentee,4
226,2021-11-29 00:00:00.000,mentee,0
227,2022-07-11 00:00:00.000,mentee,1
232,2021-09-14 00:00:00.000,mentee,1
234,2022-09-15 00:00:00.000,mentee,4
236,2021-08-02 00:00:00.000,mentee,7
237,2021-03-27 00:00:00.000,mentee,1
239,2021-06-12 00:00:00.000,mentee,4
240,2022-04-23 00:00:00.000,mentee,1
241,2022-09-05 00:00:00.000,mentee,4
245,2021-06-18 00:00:00.000,mentee,1
247,2021-04-26 00:00:00.000,mentee,1
250,2021-11-04 00:00:00.000,mentee,1
251,2022-09-12 00:00:00.000,mentee,1
252,2022-01-06 00:00:00.000,mentee,10
255,2021-07-11 00:00:00.000,mentee,1
257,2021-12-07 00:00:00.000,mentee,5
259,2021-12-22 00:00:00.000,mentee,5
261,2021-12-25 00:00:00.000,mentee,1
264,2021-10-08 00:00:00.000,mentee,1
265,2021-05-04 00:00:00.000,mentee,6
266,2022-03-04 00:00:00.000,mentee,1
267,2022-02-23 00:00:00.000,mentee,1
268,2021-12-20 00:00:00.000,mentee,5
276,2022-01-26 00:00:00.000,mentee,1
277,2021-05-31 00:00:00.000,mentee,9
278,2021-06-15 00:00:00.000,mentee,5
282,2022-09-04 00:00:00.000,mentee,0
283,2022-04-15 00:00:00.000,mentee,1
284,2022-05-08 00:00:00.000,mentee,1
285,2022-09-10 00:00:00.000,mentee,2
286,2021-04-17 00:00:00.000,mentee,2
287,2021-01-24 00:00:00.000,mentee,1
288,2021-10-07 00:00:00.000,mentee,3
291,2021-10-14 00:00:00.000,mentee,5
293,2022-06-20 00:00:00.000,mentee,8
295,2021-12-29 00:00:00.000,mentee,1
297,2022-09-13 00:00:00.000,mentee,1
299,2021-04-09 00:00:00.000,mentee,2
302,2021-08-18 00:00:00.000,mentee,2
304,2022-05-15 00:00:00.000,mentee,6
306,2021-10-14 00:00:00.000,mentee,5
308,2022-05-02 00:00:00.000,mentee,1
309,2021-06-18 00:00:00.000,mentee,6
311,2021-07-25 00:00:00.000,mentee,0
312,2021-01-23 00:00:00.000,mentee,4
313,2022-04-07 00:00:00.000,mentee,4
316,2021-11-07 00:00:00.000,mentee,3
317,2021-08-14 00:00:00.000,mentee,1
318,2021-03-21 00:00:00.000,mentee,1
320,2021-10-26 00:00:00.000,mentee,1
322,2021-03-30 00:00:00.000,mentee,1
324,2021-07-13 00:00:00.000,mentee,3
326,2021-12-10 00:00:00.000,mentee,2
329,2022-07-27 00:00:00.000,mentee,5
330,2021-03-20 00:00:00.000,mentee,2
332,2021-02-25 00:00:00.000,mentee,8
336,2022-07-28 00:00:00.000,mentee,1
339,2021-09-08 00:00:00.000,mentee,8
340,2022-01-27 00:00:00.000,mentee,0
341,2022-07-09 00:00:00.000,mentee,3
342,2021-04-02 00:00:00.000,mentee,1
343,2022-07-05 00:00:00.000,mentee,1
347,2022-03-15 00:00:00.000,mentee,9
351,2022-03-30 00:00:00.000,mentee,1
352,2022-06-20 00:00:00.000,mentee,1
354,2021-08-06 00:00:00.000,mentee,1
356,2021-09-27 00:00:00.000,mentee,7
357,2021-03-06 00:00:00.000,mentee,5
358,2022-06-28 00:00:00.000,mentee,1
360,2021-03-31 00:00:00.000,mentee,1
361,2022-06-26 00:00:00.000,mentee,5
364,2021-02-26 00:00:00.000,mentee,4
365,2021-04-28 00:00:00.000,mentee,6
366,2021-12-05 00:00:00.000,mentee,1
369,2021-01-24 00:00:00.000,mentee,5
374,2021-08-11 00:00:00.000,mentee,1
375,2021-10-10 00:00:00.000,mentee,1
378,2021-03-15 00:00:00.000,mentee,3
382,2022-08-03 00:00:00.000,mentee,1
383,2022-01-12 00:00:00.000,mentee,1
384,2022-01-03 00:00:00.000,mentee,1
385,2022-08-15 00:00:00.000,mentee,4
386,2021-01-25 00:00:00.000,mentee,4
388,2021-12-21 00:00:00.000,mentee,1
390,2021-01-01 00:00:00.000,mentee,5
393,2021-12-19 00:00:00.000,mentee,2
394,2021-05-29 00:00:00.000,mentee,5
396,2021-08-16 00:00:00.000,mentee,1
397,2022-06-30 00:00:00.000,mentee,1
398,2021-06-10 00:00:00.000,mentee,1
400,2021-02-02 00:00:00.000,mentee,1
401,2021-01-29 00:00:00.000,mentee,1
402,2022-03-13 00:00:00.000,mentee,5
403,2021-03-19 00:00:00.000,mentee,1
404,2021-08-05 00:00:00.000,mentee,3
405,2021-04-12 00:00:00.000,mentee,3
406,2022-04-01 00:00:00.000,mentee,2
409,2021-02-06 00:00:00.000,mentee,7
411,2021-09-17 00:00:00.000,mentee,0
412,2021-07-26 00:00:00.000,mentee,8
414,2022-02-13 00:00:00.000,mentee,7
415,2022-07-28 00:00:00.000,mentee,1
417,2021-01-05 00:00:00.000,mentee,3
418,2021-02-28 00:00:00.000,mentee,3
419,2021-08-22 00:00:00.000,mentee,1
422,2021-02-01 00:00:00.000,mentee,1
425,2022-02-12 00:00:00.000,mentee,1
426,2022-03-17 00:00:00.000,mentee,1
427,2021-01-22 00:00:00.000,mentee,0
429,2021-01-22 00:00:00.000,mentee,1
430,2021-08-12 00:00:00.000,mentee,1
431,2021-11-08 00:00:00.000,mentee,1
433,2021-06-22 00:00:00.000,mentee,1
434,2021-08-31 00:00:00.000,mentee,1
436,2021-04-24 00:00:00.000,mentee,1
439,2022-09-06 00:00:00.000,mentee,7
441,2021-09-02 00:00:00.000,mentee,3
444,2021-10-23 00:00:00.000,mentee,9
445,2022-08-27 00:00:00.000,mentee,1
449,2022-08-25 00:00:00.000,mentee,1
450,2022-04-12 00:00:00.000,mentee,2
452,2022-06-16 00:00:00.000,mentee,10
454,2021-01-10 00:00:00.000,mentee,1
456,2022-02-26 00:00:00.000,mentee,1
457,2021-09-30 00:00:00.000,mentee,2
461,2021-12-05 00:00:00.000,mentee,2
464,2022-06-23 00:00:00.000,mentee,3
466,2021-11-04 00:00:00.000,mentee,1
467,2021-03-05 00:00:00.000,mentee,8
471,2022-02-24 00:00:00.000,mentee,1
473,2022-02-10 00:00:00.000,mentee,1
474,2022-03-18 00:00:00.000,mentee,1
479,2022-03-06 00:00:00.000,mentee,1
480,2021-10-11 00:00:00.000,mentee,7
484,2021-06-25 00:00:00.000,mentee,7
485,2021-11-05 00:00:00.000,mentee,4
486,2022-05-20 00:00:00.000,mentee,5
487,2022-01-09 00:00:00.000,mentee,0
489,2021-07-16 00:00:00.000,mentee,7
492,2021-12-18 00:00:00.000,mentee,4
493,2021-11-01 00:00:00.000,mentee,1
495,2021-04-24 00:00:00.000,mentee,4
496,2021-05-12 00:00:00.000,mentee,2
497,2021-01-24 00:00:00.000,mentee,1
499,2022-09-02 00:00:00.000,mentee,9
500,2021-03-11 00:00:00.000,mentee,2
501,2021-06-16 00:00:00.000,mentee,1
502,2021-10-25 00:00:00.000,mentee,3
505,2022-06-28 00:00:00.000,mentee,4
509,2022-02-11 00:00:00.000,mentee,4
510,2021-08-28 00:00:00.000,mentee,1
520,2021-03-31 00:00:00.000,mentee,1
523,2021-10-14 00:00:00.000,mentee,2
526,2022-06-13 00:00:00.000,mentee,2
530,2021-03-26 00:00:00.000,mentee,4
532,2021-05-14 00:00:00.000,mentee,3
535,2022-06-18 00:00:00.000,mentee,4
536,2021-08-23 00:00:00.000,mentee,1
537,2022-08-18 00:00:00.000,mentee,8
539,2021-07-04 00:00:00.000,mentee,4
541,2022-01-15 00:00:00.000,mentee,1
542,2022-03-08 00:00:00.000,mentee,2
543,2021-11-11 00:00:00.000,mentee,0
544,2021-12-17 00:00:00.000,mentee,4
545,2021-03-05 00:00:00.000,mentee,1
546,2021-06-27 00:00:00.000,mentee,0
550,2022-08-15 00:00:00.000,mentee,3
554,2021-10-29 00:00:00.000,mentee,1
559,2021-11-10 00:00:00.000,mentee,3
562,2021-04-24 00:00:00.000,mentee,1
564,2021-03-04 00:00:00.000,mentee,3
565,2021-05-02 00:00:00.000,mentee,1
568,2021-12-02 00:00:00.000,mentee,2
569,2022-07-11 00:00:00.000,mentee,2
570,2022-02-25 00:00:00.000,mentee,15
574,2022-03-16 00:00:00.000,mentee,1
577,2022-08-13 00:00:00.000,mentee,1
578,2021-09-15 00:00:00.000,mentee,5
584,2021-08-27 00:00:00.000,mentee,6
585,2022-03-21 00:00:00.000,mentee,1
588,2021-07-23 00:00:00.000,mentee,6
590,2022-05-03 00:00:00.000,mentee,2
591,2021-05-07 00:00:00.000,mentee,1
592,2021-12-27 00:00:00.000,mentee,1
594,2021-10-09 00:00:00.000,mentee,4
596,2021-08-07 00:00:00.000,mentee,5
599,2021-02-19 00:00:00.000,mentee,1
600,2021-04-21 00:00:00.000,mentee,0
601,2021-08-29 00:00:00.000,mentee,6
602,2022-06-21 00:00:00.000,mentee,1
605,2021-02-25 00:00:00.000,mentee,3
607,2021-05-13 00:00:00.000,mentee,0
609,2022-07-30 00:00:00.000,mentee,8
610,2021-12-17 00:00:00.000,mentee,1
611,2021-08-02 00:00:00.000,mentee,4
612,2021-05-15 00:00:00.000,mentee,6
616,2021-10-29 00:00:00.000,mentee,1
620,2021-03-26 00:00:00.000,mentee,1
624,2021-10-19 00:00:00.000,mentee,1
626,2022-01-01 00:00:00.000,mentee,1
631,2021-11-29 00:00:00.000,mentee,1
632,2022-07-09 00:00:00.000,mentee,9
633,2022-07-04 00:00:00.000,mentee,3
634,2021-05-22 00:00:00.000,mentee,2
638,2021-03-30 00:00:00.000,mentee,1
641,2022-03-04 00:00:00.000,mentee,3
642,2022-06-10 00:00:00.000,mentee,1
643,2021-02-28 00:00:00.000,mentee,2
646,2021-08-19 00:00:00.000,mentee,4
647,2021-02-11 00:00:00.000,mentee,1
651,2021-11-02 00:00:00.000,mentee,0
654,2022-04-25 00:00:00.000,mentee,1
655,2022-01-04 00:00:00.000,mentee,3
657,2021-11-25 00:00:00.000,mentee,6
662,2022-06-07 00:00:00.000,mentee,7
663,2021-12-07 00:00:00.000,mentee,1
664,2021-05-13 00:00:00.000,mentee,11
666,2021-02-06 00:00:00.000,mentee,2
667,2021-07-09 00:00:00.000,mentee,3
670,2021-04-04 00:00:00.000,mentee,2
672,2021-10-08 00:00:00.000,mentee,5
673,2021-01-28 00:00:00.000,mentee,4
676,2021-05-24 00:00:00.000,mentee,1
677,2022-07-06 00:00:00.000,mentee,1
679,2022-01-24 00:00:00.000,mentee,1
680,2021-03-12 00:00:00.000,mentee,2
682,2021-02-13 00:00:00.000,mentee,4
684,2021-02-24 00:00:00.000,mentee,6
686,2021-10-25 00:00:00.000,mentee,1
687,2022-02-03 00:00:00.000,mentee,1
689,2021-10-15 00:00:00.000,mentee,6
690,2021-11-22 00:00:00.000,mentee,10
691,2022-06-16 00:00:00.000,mentee,1
693,2022-07-12 00:00:00.000,mentee,0
694,2022-09-09 00:00:00.000,mentee,3
696,2021-09-17 00:00:00.000,mentee,6
698,2022-01-15 00:00:00.000,mentee,4
700,2021-08-17 00:00:00.000,mentee,0
702,2022-01-27 00:00:00.000,mentee,2
703,2022-04-14 00:00:00.000,mentee,1
707,2021-11-12 00:00:00.000,mentee,7
711,2022-04-27 00:00:00.000,mentee,3
712,2022-05-20 00:00:00.000,mentee,8
713,2021-04-19 00:00:00.000,mentee,1
715,2021-03-04 00:00:00.000,mentee,7
716,2022-04-27 00:00:00.000,mentee,1
717,2021-01-28 00:00:00.000,mentee,1
718,2021-10-23 00:00:00.000,mentee,1
719,2021-10-05 00:00:00.000,mentee,1
720,2022-01-27 00:00:00.000,mentee,1
722,2021-02-25 00:00:00.000,mentee,1
724,2022-07-15 00:00:00.000,mentee,9
725,2022-06-09 00:00:00.000,mentee,8
727,2021-07-24 00:00:00.000,mentee,5
730,2022-08-03 00:00:00.000,mentee,5
733,2021-02-07 00:00:00.000,mentee,1
734,2021-11-20 00:00:00.000,mentee,11
735,2022-03-08 00:00:00.000,mentee,5
737,2021-05-07 00:00:00.000,mentee,1
740,2021-09-12 00:00:00.000,mentee,1
744,2022-05-10 00:00:00.000,mentee,8
746,2021-12-15 00:00:00.000,mentee,1
749,2021-11-03 00:00:00.000,mentee,7
751,2021-01-20 00:00:00.000,mentee,2
752,2021-11-20 00:00:00.000,mentee,6
753,2022-06-30 00:00:00.000,mentee,4
755,2021-03-17 00:00:00.000,mentee,1
756,2022-08-30 00:00:00.000,mentee,6
757,2022-08-07 00:00:00.000,mentee,4
758,2021-10-06 00:00:00.000,mentee,4
759,2022-03-22 00:00:00.000,mentee,1
765,2022-01-06 00:00:00.000,mentee,8
766,2022-03-10 00:00:00.000,mentee,6
770,2022-09-06 00:00:00.000,mentee,1
771,2022-02-24 00:00:00.000,mentee,5
777,2021-11-11 00:00:00.000,mentee,3
783,2021-07-08 00:00:00.000,mentee,0
789,2021-03-02 00:00:00.000,mentee,3
790,2021-05-19 00:00:00.000,mentee,6
791,2021-10-05 00:00:00.000,mentee,2
793,2022-04-16 00:00:00.000,mentee,6
799,2021-10-06 00:00:00.000,mentee,1
801,2022-02-18 00:00:00.000,mentee,1
803,2022-08-05 00:00:00.000,mentee,1
804,2021-08-21 00:00:00.000,mentee,9
808,2022-05-18 00:00:00.000,mentee,1
809,2021-07-10 00:00:00.000,mentee,1
810,2022-02-25 00:00:00.000,mentee,3
812,2021-09-14 00:00:00.000,mentee,1
814,2021-09-20 00:00:00.000,mentee,3
817,2022-07-10 00:00:00.000,mentee,5
823,2021-04-14 00:00:00.000,mentee,1
824,2022-08-19 00:00:00.000,mentee,1
825,2022-03-06 00:00:00.000,mentee,2
826,2022-09-01 00:00:00.000,mentee,15
832,2021-05-08 00:00:00.000,mentee,0
833,2021-05-22 00:00:00.000,mentee,0
835,2022-08-19 00:00:00.000,mentee,0
840,2022-03-09 00:00:00.000,mentee,1
841,2022-06-06 00:00:00.000,mentee,3
842,2022-05-15 00:00:00.000,mentee,3
844,2022-03-23 00:00:00.000,mentee,4
847,2021-03-25 00:00:00.000,mentee,1
849,2022-04-26 00:00:00.000,mentee,1
850,2022-07-18 00:00:00.000,mentee,5
851,2021-11-11 00:00:00.000,mentee,1
855,2021-11-04 00:00:00.000,mentee,0
860,2022-02-12 00:00:00.000,mentee,2
866,2021-03-11 00:00:00.000,mentee,4
867,2022-07-02 00:00:00.000,mentee,2
868,2021-04-14 00:00:00.000,mentee,1
872,2021-12-08 00:00:00.000,mentee,1
874,2022-09-04 00:00:00.000,mentee,4
875,2021-09-11 00:00:00.000,mentee,9
882,2022-02-01 00:00:00.000,mentee,1
886,2021-05-03 00:00:00.000,mentee,6
891,2022-06-21 00:00:00.000,mentee,0
892,2022-01-06 00:00:00.000,mentee,8
894,2022-05-18 00:00:00.000,mentee,11
896,2022-02-16 00:00:00.000,mentee,5
897,2022-03-07 00:00:00.000,mentee,1
898,2022-05-09 00:00:00.000,mentee,6
899,2021-11-19 00:00:00.000,mentee,0
900,2021-12-09 00:00:00.000,mentee,1
902,2021-06-21 00:00:00.000,mentee,3
903,2021-06-24 00:00:00.000,mentee,2
904,2022-05-18 00:00:00.000,mentee,1
907,2022-08-11 00:00:00.000,mentee,3
908,2021-12-31 00:00:00.000,mentee,2
909,2021-07-15 00:00:00.000,mentee,2
911,2021-04-17 00:00:00.000,mentee,6
913,2022-09-07 00:00:00.000,mentee,3
914,2021-10-11 00:00:00.000,mentee,1
915,2022-01-06 00:00:00.000,mentee,1
916,2021-07-20 00:00:00.000,mentee,1
918,2022-05-03 00:00:00.000,mentee,0
920,2022-07-17 00:00:00.000,mentee,13
922,2022-02-11 00:00:00.000,mentee,2
923,2021-07-06 00:00:00.000,mentee,5
926,2021-11-26 00:00:00.000,mentee,7
927,2021-06-09 00:00:00.000,mentee,1
930,2021-08-28 00:00:00.000,mentee,2
932,2021-05-04 00:00:00.000,mentee,1
933,2021-05-06 00:00:00.000,mentee,1
934,2022-09-02 00:00:00.000,mentee,1
935,2021-04-22 00:00:00.000,mentee,6
937,2022-08-13 00:00:00.000,mentee,2
938,2021-07-20 00:00:00.000,mentee,1
939,2021-09-10 00:00:00.000,mentee,4
940,2022-04-13 00:00:00.000,mentee,3
941,2022-05-16 00:00:00.000,mentee,2
943,2021-06-14 00:00:00.000,mentee,1
944,2021-05-04 00:00:00.000,mentee,6
945,2022-09-07 00:00:00.000,mentee,1
947,2021-01-19 00:00:00.000,mentee,7
948,2022-08-05 00:00:00.000,mentee,1
949,2021-07-28 00:00:00.000,mentee,6
951,2022-06-27 00:00:00.000,mentee,1
957,2022-02-10 00:00:00.000,mentee,1
958,2021-05-04 00:00:00.000,mentee,1
960,2021-12-04 00:00:00.000,mentee,1
963,2022-02-24 00:00:00.000,mentee,11
964,2021-02-28 00:00:00.000,mentee,7
965,2021-10-29 00:00:00.000,mentee,1
967,2021-05-03 00:00:00.000,mentee,7
968,2021-06-20 00:00:00.000,mentee,2
969,2021-09-27 00:00:00.000,mentee,1
970,2022-05-06 00:00:00.000,mentee,1
971,2021-04-21 00:00:00.000,mentee,9
972,2022-06-19 00:00:00.000,mentee,1
973,2021-07-19 00:00:00.000,mentee,4
974,2021-04-08 00:00:00.000,mentee,1
975,2022-08-25 00:00:00.000,mentee,1
976,2021-12-05 00:00:00.000,mentee,1
980,2021-09-01 00:00:00.000,mentee,1
981,2021-04-21 00:00:00.000,mentee,1
982,2021-12-05 00:00:00.000,mentee,4
983,2022-08-20 00:00:00.000,mentee,0
984,2022-01-30 00:00:00.000,mentee,5
986,2022-01-25 00:00:00.000,mentee,1
988,2022-01-04 00:00:00.000,mentee,0
989,2021-10-09 00:00:00.000,mentee,5
990,2021-11-17 00:00:00.000,mentee,1
992,2021-06-08 00:00:00.000,mentee,2
994,2021-11-25 00:00:00.000,mentee,7
998,2021-05-02 00:00:00.000,mentee,3
1000,2021-08-20 00:00:00.000,mentee,1
1004,2021-07-01 00:00:00.000,mentee,2
1005,2021-08-06 00:00:00.000,mentee,2
1006,2021-08-02 00:00:00.000,mentee,3
1007,2021-07-15 00:00:00.000,mentee,3
1009,2021-10-28 00:00:00.000,mentee,10
1010,2021-04-26 00:00:00.000,mentee,10
1011,2022-07-07 00:00:00.000,mentee,2
1013,2021-05-02 00:00:00.000,mentee,1
1016,2021-06-08 00:00:00.000,mentee,6
1017,2022-04-20 00:00:00.000,mentee,2
1018,2021-02-02 00:00:00.000,mentee,3
1020,2021-01-03 00:00:00.000,mentee,5
1022,2022-03-21 00:00:00.000,mentee,3
1024,2021-12-03 00:00:00.000,mentee,7
1025,2021-12-31 00:00:00.000,mentee,2
1026,2021-01-27 00:00:00.000,mentee,1
1028,2021-02-03 00:00:00.000,mentee,3
1031,2022-09-11 00:00:00.000,mentee,1
1033,2022-06-23 00:00:00.000,mentee,2
1034,2022-03-23 00:00:00.000,mentee,0
1035,2022-01-13 00:00:00.000,mentee,1
1039,2021-10-04 00:00:00.000,mentee,1
1042,2021-06-03 00:00:00.000,mentee,5
1047,2021-09-17 00:00:00.000,mentee,1
1050,2022-03-30 00:00:00.000,mentee,4
1051,2022-04-06 00:00:00.000,mentee,0
1052,2021-12-05 00:00:00.000,mentee,0
1055,2022-05-18 00:00:00.000,mentee,5
1057,2021-11-03 00:00:00.000,mentee,1
1058,2021-09-25 00:00:00.000,mentee,6
1060,2021-06-23 00:00:00.000,mentee,8
1062,2022-03-27 00:00:00.000,mentee,7
1063,2022-01-28 00:00:00.000,mentee,11
1065,2022-04-22 00:00:00.000,mentee,1
1066,2021-03-05 00:00:00.000,mentee,2
1070,2022-01-12 00:00:00.000,mentee,8
1071,2022-03-25 00:00:00.000,mentee,5
1074,2022-06-06 00:00:00.000,mentee,1
1075,2021-04-21 00:00:00.000,mentee,2
1076,2021-03-16 00:00:00.000,mentee,6
1077,2021-10-17 00:00:00.000,mentee,1
1078,2021-07-10 00:00:00.000,mentee,7
1080,2021-10-15 00:00:00.000,mentee,0
1081,2021-01-31 00:00:00.000,mentee,7
1082,2021-07-26 00:00:00.000,mentee,3
1083,2021-05-09 00:00:00.000,mentee,7
1085,2021-03-04 00:00:00.000,mentee,1
1086,2022-07-22 00:00:00.000,mentee,1
1087,2021-04-22 00:00:00.000,mentee,3
1088,2021-06-25 00:00:00.000,mentee,1
1094,2021-09-11 00:00:00.000,mentee,1
1095,2021-01-13 00:00:00.000,mentee,3
1096,2022-01-11 00:00:00.000,mentee,1
1099,2021-11-04 00:00:00.000,mentee,4
1100,2022-05-02 00:00:00.000,mentee,2
1102,2022-03-01 00:00:00.000,mentee,1
1103,2021-08-10 00:00:00.000,mentee,1
1104,2022-03-25 00:00:00.000,mentee,9
1105,2022-06-04 00:00:00.000,mentee,1
1112,2021-09-15 00:00:00.000,mentee,1
1114,2022-03-17 00:00:00.000,mentee,7
1116,2022-07-04 00:00:00.000,mentee,7
1118,2022-04-14 00:00:00.000,mentee,1
1119,2022-05-09 00:00:00.000,mentee,12
1123,2021-05-09 00:00:00.000,mentee,5
1125,2021-02-07 00:00:00.000,mentee,4
1126,2021-09-24 00:00:00.000,mentee,4
1134,2022-02-10 00:00:00.000,mentee,10
1137,2022-06-29 00:00:00.000,mentee,7
1138,2022-05-23 00:00:00.000,mentee,6
1139,2021-06-26 00:00:00.000,mentee,1
1140,2021-09-19 00:00:00.000,mentee,1
1142,2021-08-23 00:00:00.000,mentee,1
1143,2021-09-04 00:00:00.000,mentee,3
1144,2021-03-23 00:00:00.000,mentee,4
1145,2021-12-10 00:00:00.000,mentee,1
1146,2021-10-03 00:00:00.000,mentee,1
1149,2021-09-06 00:00:00.000,mentee,1
1150,2021-01-20 00:00:00.000,mentee,8
1154,2022-04-28 00:00:00.000,mentee,0
1157,2022-02-08 00:00:00.000,mentee,6
1158,2021-09-15 00:00:00.000,mentee,0
1162,2022-01-15 00:00:00.000,mentee,8
1163,2021-04-14 00:00:00.000,mentee,1
1166,2022-03-21 00:00:00.000,mentee,5
1168,2022-04-01 00:00:00.000,mentee,7
1171,2021-12-01 00:00:00.000,mentee,1
1175,2022-01-27 00:00:00.000,mentee,4
1177,2021-05-11 00:00:00.000,mentee,3
1181,2022-05-24 00:00:00.000,mentee,5
1182,2021-01-22 00:00:00.000,mentee,3
1187,2021-08-14 00:00:00.000,mentee,1
1188,2022-05-01 00:00:00.000,mentee,1
1191,2021-03-11 00:00:00.000,mentee,6
1192,2021-04-11 00:00:00.000,mentee,4
1195,2021-04-14 00:00:00.000,mentee,1
1200,2021-08-19 00:00:00.000,mentee,4
1201,2022-06-30 00:00:00.000,mentee,1
1202,2021-05-17 00:00:00.000,mentee,6
1203,2021-08-23 00:00:00.000,mentee,1
1204,2022-04-16 00:00:00.000,mentee,1
1207,2021-12-13 00:00:00.000,mentee,0
1209,2021-07-12 00:00:00.000,mentee,1
1211,2022-09-11 00:00:00.000,mentee,1
1212,2022-05-07 00:00:00.000,mentee,1
1216,2021-01-30 00:00:00.000,mentee,4
1218,2022-01-09 00:00:00.000,mentee,1
1220,2022-04-02 00:00:00.000,mentee,4
1225,2021-11-28 00:00:00.000,mentee,4
1226,2022-04-25 00:00:00.000,mentee,1
1229,2021-12-01 00:00:00.000,mentee,10
1231,2022-06-17 00:00:00.000,mentee,1
1235,2021-07-10 00:00:00.000,mentee,1
1237,2022-08-05 00:00:00.000,mentee,4
1238,2022-01-20 00:00:00.000,mentee,7
1243,2021-12-24 00:00:00.000,mentee,1
1244,2021-08-02 00:00:00.000,mentee,1
1245,2022-03-24 00:00:00.000,mentee,2
1249,2021-10-24 00:00:00.000,mentee,3
1252,2022-09-06 00:00:00.000,mentee,3
1254,2022-04-15 00:00:00.000,mentee,7
1257,2022-02-03 00:00:00.000,mentee,1
1260,2022-01-18 00:00:00.000,mentee,1
1263,2021-09-28 00:00:00.000,mentee,9
1267,2021-10-04 00:00:00.000,mentee,3
1268,2021-01-28 00:00:00.000,mentee,1
1271,2021-02-08 00:00:00.000,mentee,4
1273,2021-08-09 00:00:00.000,mentee,2
1275,2021-08-30 00:00:00.000,mentee,1
1277,2021-08-02 00:00:00.000,mentee,4
1280,2021-11-19 00:00:00.000,mentee,1
1283,2021-01-26 00:00:00.000,mentee,1
1284,2022-02-24 00:00:00.000,mentee,4
1286,2022-01-26 00:00:00.000,mentee,0
1287,2021-08-04 00:00:00.000,mentee,4
1288,2021-03-23 00:00:00.000,mentee,1
1293,2021-11-17 00:00:00.000,mentee,1
1294,2021-03-11 00:00:00.000,mentee,1
1295,2021-09-01 00:00:00.000,mentee,11
1297,2021-05-22 00:00:00.000,mentee,1
1300,2022-06-04 00:00:00.000,mentee,0
1301,2021-06-27 00:00:00.000,mentee,1
1302,2021-07-24 00:00:00.000,mentee,1
1304,2022-06-12 00:00:00.000,mentee,1
1305,2021-03-12 00:00:00.000,mentee,1
1306,2021-09-19 00:00:00.000,mentee,1
1310,2022-01-11 00:00:00.000,mentee,4
1312,2022-06-12 00:00:00.000,mentee,7
1313,2021-01-31 00:00:00.000,mentee,1
1315,2021-09-05 00:00:00.000,mentee,1
1316,2022-07-02 00:00:00.000,mentee,1
1317,2021-11-15 00:00:00.000,mentee,1
1320,2022-01-16 00:00:00.000,mentee,1
1325,2021-04-04 00:00:00.000,mentee,1
1329,2021-02-05 00:00:00.000,mentee,3
1330,2021-12-09 00:00:00.000,mentee,1
1336,2022-03-04 00:00:00.000,mentee,2
1337,2022-02-25 00:00:00.000,mentee,3
1338,2022-03-02 00:00:00.000,mentee,7
1339,2021-03-29 00:00:00.000,mentee,1
1340,2022-09-08 00:00:00.000,mentee,1
1341,2021-08-01 00:00:00.000,mentee,1
1342,2022-01-09 00:00:00.000,mentee,1
1343,2022-04-18 00:00:00.000,mentee,0
1345,2021-06-09 00:00:00.000,mentee,1
1346,2021-05-24 00:00:00.000,mentee,1
1350,2021-11-07 00:00:00.000,mentee,4
1351,2021-07-26 00:00:00.000,mentee,1
1353,2022-03-02 00:00:00.000,mentee,7
1354,2022-02-23 00:00:00.000,mentee,0
1355,2021-01-31 00:00:00.000,mentee,1
1356,2022-01-13 00:00:00.000,mentee,1
1358,2021-04-18 00:00:00.000,mentee,1
1359,2021-07-25 00:00:00.000,mentee,3
1363,2022-04-17 00:00:00.000,mentee,1
1364,2021-07-25 00:00:00.000,mentee,1
1365,2022-09-04 00:00:00.000,mentee,5
1368,2022-01-08 00:00:00.000,mentee,5
1369,2021-12-03 00:00:00.000,mentee,1
1371,2022-04-26 00:00:00.000,mentee,9
1374,2021-10-28 00:00:00.000,mentee,3
1377,2022-02-15 00:00:00.000,mentee,5
1383,2021-12-08 00:00:00.000,mentee,4
1386,2021-09-07 00:00:00.000,mentee,1
1387,2022-04-22 00:00:00.000,mentee,10
1388,2022-05-18 00:00:00.000,mentee,3
1389,2021-09-23 00:00:00.000,mentee,1
1391,2021-05-19 00:00:00.000,mentee,1
1392,2021-09-01 00:00:00.000,mentee,1
1395,2021-10-19 00:00:00.000,mentee,1
1400,2021-02-11 00:00:00.000,mentee,7
1401,2021-02-04 00:00:00.000,mentee,5
1402,2021-11-13 00:00:00.000,mentee,1
1404,2022-01-30 00:00:00.000,mentee,5
1406,2021-12-22 00:00:00.000,mentee,3
1407,2021-09-08 00:00:00.000,mentee,1
1408,2022-07-21 00:00:00.000,mentee,1
1409,2022-03-19 00:00:00.000,mentee,2
1410,2022-06-06 00:00:00.000,mentee,7
1411,2022-08-10 00:00:00.000,mentee,1
1413,2021-11-09 00:00:00.000,mentee,0
1414,2021-06-23 00:00:00.000,mentee,1
1416,2022-05-24 00:00:00.000,mentee,3
1418,2022-07-08 00:00:00.000,mentee,1
1424,2021-03-24 00:00:00.000,mentee,0
1425,2022-08-11 00:00:00.000,mentee,4
1427,2022-01-04 00:00:00.000,mentee,1
1430,2021-08-07 00:00:00.000,mentee,6
1435,2021-05-28 00:00:00.000,mentee,1
1436,2021-01-14 00:00:00.000,mentee,11
1437,2021-07-30 00:00:00.000,mentee,10
1439,2021-12-28 00:00:00.000,mentee,4
1441,2021-08-25 00:00:00.000,mentee,0
1445,2022-04-23 00:00:00.000,mentee,5
1446,2021-12-20 00:00:00.000,mentee,2
1448,2022-03-08 00:00:00.000,mentee,1
1450,2021-02-26 00:00:00.000,mentee,3
1454,2021-11-07 00:00:00.000,mentee,1
1455,2021-06-04 00:00:00.000,mentee,5
1458,2021-02-12 00:00:00.000,mentee,7
1460,2022-04-27 00:00:00.000,mentee,1
1464,2021-01-25 00:00:00.000,mentee,5
1465,2021-02-18 00:00:00.000,mentee,1
1467,2021-10-05 00:00:00.000,mentee,1
1468,2022-04-22 00:00:00.000,mentee,1
1472,2022-05-21 00:00:00.000,mentee,2
1473,2022-01-29 00:00:00.000,mentee,1
1476,2021-01-22 00:00:00.000,mentee,1
1477,2021-03-04 00:00:00.000,mentee,3
1478,2021-08-17 00:00:00.000,mentee,1
1479,2022-02-01 00:00:00.000,mentee,5
1480,2021-04-02 00:00:00.000,mentee,4
1485,2021-02-23 00:00:00.000,mentee,3
1487,2021-07-30 00:00:00.000,mentee,7
1488,2021-07-29 00:00:00.000,mentee,2
1489,2021-05-11 00:00:00.000,mentee,1
1490,2021-01-23 00:00:00.000,mentee,3
1495,2022-06-13 00:00:00.000,mentee,1
1497,2021-07-23 00:00:00.000,mentee,8
1499,2022-04-25 00:00:00.000,mentee,1
1500,2021-07-19 00:00:00.000,mentee,4
1501,2021-10-28 00:00:00.000,mentee,4
1502,2021-12-12 00:00:00.000,mentee,4
1504,2022-05-26 00:00:00.000,mentee,5
1505,2021-10-19 00:00:00.000,mentee,5
1506,2021-03-11 00:00:00.000,mentee,2
1507,2022-04-23 00:00:00.000,mentee,10
1508,2022-04-30 00:00:00.000,mentee,5
1511,2022-03-13 00:00:00.000,mentee,1
1512,2022-06-19 00:00:00.000,mentee,6
1515,2021-07-18 00:00:00.000,mentee,6
1516,2022-03-28 00:00:00.000,mentee,1
1518,2021-03-15 00:00:00.000,mentee,3
1519,2021-07-08 00:00:00.000,mentee,2
1520,2022-02-15 00:00:00.000,mentee,3
1521,2022-09-14 00:00:00.000,mentee,1
1522,2022-01-10 00:00:00.000,mentee,1
1523,2022-08-08 00:00:00.000,mentee,8
1525,2021-02-10 00:00:00.000,mentee,1
1529,2021-03-02 00:00:00.000,mentee,4
1531,2022-02-15 00:00:00.000,mentee,1
1534,2021-06-11 00:00:00.000,mentee,3
1535,2021-10-02 00:00:00.000,mentee,4
1536,2021-05-16 00:00:00.000,mentee,1
1537,2021-11-16 00:00:00.000,mentee,1
1538,2022-06-17 00:00:00.000,mentee,4
1539,2022-02-17 00:00:00.000,mentee,2
1540,2022-06-18 00:00:00.000,mentee,3
1542,2022-05-01 00:00:00.000,mentee,1
1547,2022-04-16 00:00:00.000,mentee,5
1548,2021-12-11 00:00:00.000,mentee,5
1549,2021-03-03 00:00:00.000,mentee,1
1550,2022-07-02 00:00:00.000,mentee,8
1551,2022-05-16 00:00:00.000,mentee,1
1553,2022-09-11 00:00:00.000,mentee,6
1555,2021-05-18 00:00:00.000,mentee,2
1557,2021-05-15 00:00:00.000,mentee,3
1559,2022-02-20 00:00:00.000,mentee,2
1560,2021-05-17 00:00:00.000,mentee,6
1564,2021-12-10 00:00:00.000,mentee,5
1567,2022-08-30 00:00:00.000,mentee,6
1569,2021-04-10 00:00:00.000,mentee,2
1571,2022-02-14 00:00:00.000,mentee,7
1572,2021-08-18 00:00:00.000,mentee,5
1574,2021-04-24 00:00:00.000,mentee,1
1575,2021-01-14 00:00:00.000,mentee,1
1576,2021-03-19 00:00:00.000,mentee,1
1577,2022-07-05 00:00:00.000,mentee,8
1579,2021-07-30 00:00:00.000,mentee,1
1580,2021-10-01 00:00:00.000,mentee,1
1581,2021-05-14 00:00:00.000,mentee,1
1582,2021-07-23 00:00:00.000,mentee,1
1583,2022-06-23 00:00:00.000,mentee,7
1585,2021-12-10 00:00:00.000,mentee,6
1586,2021-03-23 00:00:00.000,mentee,6
1587,2021-01-23 00:00:00.000,mentee,3
1588,2022-08-12 00:00:00.000,mentee,7
1590,2021-12-21 00:00:00.000,mentee,1
1591,2021-12-14 00:00:00.000,mentee,5
1595,2021-10-22 00:00:00.000,mentee,5
1596,2021-10-14 00:00:00.000,mentee,2
1597,2022-05-07 00:00:00.000,mentee,1
1599,2022-08-04 00:00:00.000,mentee,1
1600,2021-08-09 00:00:00.000,mentee,1
1601,2021-07-22 00:00:00.000,mentee,4
1602,2021-10-01 00:00:00.000,mentee,3
1603,2022-01-11 00:00:00.000,mentee,5
1604,2021-06-12 00:00:00.000,mentee,1
1607,2022-01-16 00:00:00.000,mentee,6
1608,2022-08-16 00:00:00.000,mentee,1
1610,2022-04-10 00:00:00.000,mentee,1
1611,2021-07-06 00:00:00.000,mentee,8
1612,2021-10-03 00:00:00.000,mentee,1
1613,2021-06-27 00:00:00.000,mentee,4
1614,2021-08-15 00:00:00.000,mentee,2
1615,2021-10-29 00:00:00.000,mentee,5
1618,2021-12-14 00:00:00.000,mentee,3
1620,2022-07-04 00:00:00.000,mentee,5
1622,2022-02-25 00:00:00.000,mentee,2
1623,2022-05-07 00:00:00.000,mentee,6
1626,2021-08-05 00:00:00.000,mentee,2
1631,2021-03-15 00:00:00.000,mentee,1
1634,2022-04-04 00:00:00.000,mentee,1
1635,2022-05-23 00:00:00.000,mentee,2
1637,2021-01-22 00:00:00.000,mentee,3
1638,2022-08-16 00:00:00.000,mentee,1
1642,2021-01-21 00:00:00.000,mentee,2
1646,2021-11-21 00:00:00.000,mentee,4
1649,2021-04-05 00:00:00.000,mentee,2
1651,2022-02-05 00:00:00.000,mentee,4
1652,2021-02-12 00:00:00.000,mentee,3
1655,2022-06-12 00:00:00.000,mentee,1
1656,2021-03-18 00:00:00.000,mentee,1
1657,2021-03-02 00:00:00.000,mentee,1
1658,2021-07-18 00:00:00.000,mentee,8
1661,2021-10-17 00:00:00.000,mentee,2
1662,2021-03-25 00:00:00.000,mentee,6
1663,2021-09-29 00:00:00.000,mentee,1
1664,2022-07-21 00:00:00.000,mentee,4
1665,2022-04-28 00:00:00.000,mentee,1
1667,2021-09-02 00:00:00.000,mentee,8
1670,2022-07-01 00:00:00.000,mentee,2
1671,2021-10-03 00:00:00.000,mentee,7
1673,2022-01-31 00:00:00.000,mentee,8
1674,2022-01-21 00:00:00.000,mentee,3
1675,2021-06-12 00:00:00.000,mentee,6
1676,2022-02-27 00:00:00.000,mentee,6
1677,2021-04-18 00:00:00.000,mentee,1
1681,2021-07-12 00:00:00.000,mentee,1
1682,2021-11-30 00:00:00.000,mentee,4
1684,2021-01-25 00:00:00.000,mentee,1
1685,2022-02-19 00:00:00.000,mentee,1
1687,2022-05-14 00:00:00.000,mentee,2
1689,2022-07-04 00:00:00.000,mentee,5
1690,2021-05-29 00:00:00.000,mentee,3
1693,2021-10-21 00:00:00.000,mentee,5
1697,2022-03-21 00:00:00.000,mentee,1
1699,2021-02-03 00:00:00.000,mentee,1
1700,2022-08-08 00:00:00.000,mentee,1
1701,2022-07-10 00:00:00.000,mentee,2
1702,2021-01-05 00:00:00.000,mentee,1
1704,2021-12-17 00:00:00.000,mentee,8
1706,2021-03-22 00:00:00.000,mentee,0
1707,2022-05-22 00:00:00.000,mentee,2
1709,2021-06-20 00:00:00.000,mentee,11
1710,2022-03-31 00:00:00.000,mentee,5
1713,2022-04-03 00:00:00.000,mentee,1
1714,2021-10-23 00:00:00.000,mentee,1
1716,2021-10-16 00:00:00.000,mentee,2
1717,2021-07-13 00:00:00.000,mentee,5
1719,2021-02-28 00:00:00.000,mentee,3
1724,2022-07-15 00:00:00.000,mentee,1
1726,2021-08-23 00:00:00.000,mentee,4
1729,2022-09-02 00:00:00.000,mentee,3
1731,2022-07-31 00:00:00.000,mentee,5
1732,2021-09-24 00:00:00.000,mentee,1
1733,2022-08-11 00:00:00.000,mentee,1
1739,2022-03-11 00:00:00.000,mentee,7
1740,2022-07-29 00:00:00.000,mentee,1
1741,2022-01-24 00:00:00.000,mentee,1
1743,2021-11-01 00:00:00.000,mentee,8
1749,2022-06-16 00:00:00.000,mentee,1
1750,2021-01-25 00:00:00.000,mentee,2
1751,2022-08-05 00:00:00.000,mentee,3
1753,2021-06-06 00:00:00.000,mentee,3
1756,2021-11-21 00:00:00.000,mentee,1
1761,2022-02-09 00:00:00.000,mentee,1
1764,2021-10-24 00:00:00.000,mentee,2
1765,2022-02-20 00:00:00.000,mentee,7
1767,2021-07-25 00:00:00.000,mentee,0
1771,2021-02-20 00:00:00.000,mentee,6
1772,2022-01-04 00:00:00.000,mentee,5
1773,2022-07-12 00:00:00.000,mentee,1
1774,2022-06-20 00:00:00.000,mentee,1
1775,2021-02-01 00:00:00.000,mentee,1
1777,2021-06-12 00:00:00.000,mentee,1
1779,2022-08-11 00:00:00.000,mentee,0
1780,2021-09-06 00:00:00.000,mentee,1
1782,2021-07-25 00:00:00.000,mentee,10
1784,2022-05-25 00:00:00.000,mentee,3
1785,2021-05-30 00:00:00.000,mentee,5
1786,2022-07-12 00:00:00.000,mentee,1
1787,2021-07-31 00:00:00.000,mentee,1
1789,2021-10-07 00:00:00.000,mentee,1
1794,2021-06-07 00:00:00.000,mentee,1
1797,2021-10-23 00:00:00.000,mentee,1
1798,2022-05-26 00:00:00.000,mentee,0
1800,2021-06-07 00:00:00.000,mentee,5
1801,2021-09-18 00:00:00.000,mentee,2
1803,2022-05-19 00:00:00.000,mentee,1
1805,2021-08-23 00:00:00.000,mentee,3
1807,2021-07-02 00:00:00.000,mentee,2
1809,2021-01-31 00:00:00.000,mentee,5
1811,2022-01-26 00:00:00.000,mentee,0
1812,2022-02-26 00:00:00.000,mentee,1
1813,2022-01-28 00:00:00.000,mentee,1
1814,2021-12-31 00:00:00.000,mentee,1
1815,2022-09-04 00:00:00.000,mentee,3
1816,2022-03-09 00:00:00.000,mentee,1
1818,2021-05-19 00:00:00.000,mentee,1
1819,2021-02-21 00:00:00.000,mentee,5
1821,2021-04-13 00:00:00.000,mentee,9
1825,2022-09-02 00:00:00.000,mentee,9
1826,2021-04-30 00:00:00.000,mentee,5
1827,2021-08-01 00:00:00.000,mentee,12
1829,2022-01-11 00:00:00.000,mentee,1
1834,2022-03-03 00:00:00.000,mentee,0
1836,2021-12-23 00:00:00.000,mentee,2
1838,2021-03-27 00:00:00.000,mentee,3
1839,2021-10-27 00:00:00.000,mentee,3
1841,2022-02-07 00:00:00.000,mentee,2
1842,2021-10-10 00:00:00.000,mentee,0
1845,2022-07-11 00:00:00.000,mentee,4
1846,2021-03-11 00:00:00.000,mentee,1
1847,2021-12-23 00:00:00.000,mentee,1
1848,2022-07-13 00:00:00.000,mentee,1
1852,2021-05-07 00:00:00.000,mentee,1
1854,2021-03-06 00:00:00.000,mentee,6
1857,2021-05-18 00:00:00.000,mentee,1
1858,2021-10-24 00:00:00.000,mentee,1
1860,2022-06-16 00:00:00.000,mentee,3
1861,2021-03-16 00:00:00.000,mentee,3
1863,2021-03-23 00:00:00.000,mentee,3
1867,2022-06-07 00:00:00.000,mentee,7
1869,2021-07-07 00:00:00.000,mentee,2
1874,2021-03-14 00:00:00.000,mentee,3
1877,2021-07-25 00:00:00.000,mentee,1
1878,2022-01-02 00:00:00.000,mentee,1
1879,2021-01-07 00:00:00.000,mentee,6
1880,2021-01-01 00:00:00.000,mentee,1
1885,2021-04-09 00:00:00.000,mentee,3
1886,2021-03-02 00:00:00.000,mentee,4
1887,2021-11-19 00:00:00.000,mentee,2
1888,2022-01-29 00:00:00.000,mentee,1
1889,2021-01-26 00:00:00.000,mentee,0
1892,2021-05-07 00:00:00.000,mentee,2
1896,2022-01-24 00:00:00.000,mentee,8
1897,2021-07-10 00:00:00.000,mentee,4
1898,2021-04-30 00:00:00.000,mentee,8
1899,2022-09-05 00:00:00.000,mentee,5
1900,2021-07-21 00:00:00.000,mentee,4
1901,2021-05-05 00:00:00.000,mentee,1
1904,2021-03-16 00:00:00.000,mentee,1
1907,2021-06-30 00:00:00.000,mentee,1
1908,2021-10-25 00:00:00.000,mentee,7
1909,2021-01-02 00:00:00.000,mentee,6
1910,2022-05-08 00:00:00.000,mentee,6
1912,2021-05-10 00:00:00.000,mentee,7
1913,2021-08-13 00:00:00.000,mentee,1
1915,2021-03-28 00:00:00.000,mentee,2
1916,2021-04-15 00:00:00.000,mentee,3
1917,2022-01-10 00:00:00.000,mentee,6
1918,2021-12-22 00:00:00.000,mentee,1
1919,2021-09-22 00:00:00.000,mentee,0
1920,2022-03-07 00:00:00.000,mentee,1
1921,2022-07-15 00:00:00.000,mentee,4
1922,2021-03-26 00:00:00.000,mentee,1
1925,2022-05-11 00:00:00.000,mentee,1
1930,2021-02-12 00:00:00.000,mentee,2
1931,2021-02-01 00:00:00.000,mentee,2
1933,2021-09-12 00:00:00.000,mentee,1
1935,2022-05-26 00:00:00.000,mentee,1
1936,2022-04-24 00:00:00.000,mentee,5
1938,2021-08-24 00:00:00.000,mentee,3
1940,2022-03-14 00:00:00.000,mentee,10
1943,2021-05-03 00:00:00.000,mentee,0
1944,2022-01-26 00:00:00.000,mentee,4
1949,2022-04-30 00:00:00.000,mentee,7
1952,2021-07-02 00:00:00.000,mentee,1
1953,2021-06-21 00:00:00.000,mentee,8
1956,2021-03-15 00:00:00.000,mentee,11
1961,2021-02-21 00:00:00.000,mentee,7
1963,2022-02-22 00:00:00.000,mentee,1
1965,2021-03-19 00:00:00.000,mentee,1
1967,2022-06-14 00:00:00.000,mentee,1
1968,2021-12-28 00:00:00.000,mentee,0
1970,2021-07-07 00:00:00.000,mentee,1
1973,2022-07-19 00:00:00.000,mentee,1
1974,2021-12-16 00:00:00.000,mentee,1
1976,2022-04-08 00:00:00.000,mentee,7
1977,2021-04-21 00:00:00.000,mentee,1
1980,2021-05-31 00:00:00.000,mentee,7
1981,2022-01-30 00:00:00.000,mentee,1
1983,2022-08-19 00:00:00.000,mentee,1
1990,2022-08-03 00:00:00.000,mentee,1
1991,2021-01-09 00:00:00.000,mentee,1
1992,2021-05-11 00:00:00.000,mentee,5
1996,2021-12-26 00:00:00.000,mentee,9
1998,2022-07-04 00:00:00.000,mentee,1
1999,2021-10-29 00:00:00.000,mentee,1
2006,2021-03-29 00:00:00.000,mentee,3
2008,2022-04-18 00:00:00.000,mentee,0
2009,2021-09-14 00:00:00.000,mentee,1
2010,2021-03-10 00:00:00.000,mentee,1
2013,2022-03-05 00:00:00.000,mentee,5
2015,2022-08-09 00:00:00.000,mentee,1
2017,2021-10-31 00:00:00.000,mentee,7
2019,2021-01-21 00:00:00.000,mentee,1
2020,2021-08-09 00:00:00.000,mentee,6
2021,2021-03-16 00:00:00.000,mentee,9
2022,2021-12-01 00:00:00.000,mentee,2
2023,2021-01-18 00:00:00.000,mentee,1
2024,2021-10-28 00:00:00.000,mentee,1
2026,2021-09-18 00:00:00.000,mentee,7
2027,2021-10-20 00:00:00.000,mentee,1
2028,2021-02-09 00:00:00.000,mentee,3
2029,2021-11-14 00:00:00.000,mentee,2
2031,2022-08-25 00:00:00.000,mentee,12
2032,2021-01-10 00:00:00.000,mentee,1
2034,2021-02-06 00:00:00.000,mentee,1
2039,2021-10-02 00:00:00.000,mentee,2
2044,2021-01-07 00:00:00.000,mentee,1
2046,2022-06-04 00:00:00.000,mentee,0
2047,2022-07-27 00:00:00.000,mentee,1
2050,2021-01-23 00:00:00.000,mentee,1
2052,2021-07-11 00:00:00.000,mentee,6
2054,2022-07-06 00:00:00.000,mentee,5
2055,2022-06-27 00:00:00.000,mentee,1
2058,2022-02-14 00:00:00.000,mentee,1
2059,2022-02-05 00:00:00.000,mentee,1
2061,2022-02-19 00:00:00.000,mentee,3
2062,2021-05-08 00:00:00.000,mentee,1
2064,2022-01-27 00:00:00.000,mentee,6
2067,2022-04-24 00:00:00.000,mentee,1
2068,2021-05-02 00:00:00.000,mentee,5
2069,2022-07-07 00:00:00.000,mentee,0
2071,2021-10-19 00:00:00.000,mentee,1
2073,2021-07-13 00:00:00.000,mentee,6
2076,2022-02-06 00:00:00.000,mentee,1
2077,2021-01-07 00:00:00.000,mentee,1
2078,2021-02-09 00:00:00.000,mentee,1
2079,2022-04-19 00:00:00.000,mentee,5
2082,2022-05-27 00:00:00.000,mentee,3
2085,2022-03-22 00:00:00.000,mentee,10
2086,2022-07-08 00:00:00.000,mentee,1
2087,2021-12-21 00:00:00.000,mentee,0
2090,2021-04-10 00:00:00.000,mentee,5
2094,2021-09-20 00:00:00.000,mentee,1
2099,2022-06-26 00:00:00.000,mentee,7
2100,2021-05-06 00:00:00.000,mentee,2
2102,2021-09-05 00:00:00.000,mentee,2
2104,2022-04-17 00:00:00.000,mentee,7
2106,2022-07-28 00:00:00.000,mentee,4
2109,2022-03-26 00:00:00.000,mentee,8
2110,2022-05-05 00:00:00.000,mentee,1
2111,2022-02-27 00:00:00.000,mentee,1
2115,2021-05-04 00:00:00.000,mentee,1
2118,2022-08-21 00:00:00.000,mentee,6
2120,2022-03-30 00:00:00.000,mentee,2
2121,2021-12-24 00:00:00.000,mentee,4
2124,2021-09-22 00:00:00.000,mentee,8
2128,2022-06-01 00:00:00.000,mentee,1
2129,2022-07-21 00:00:00.000,mentee,7
2131,2021-06-11 00:00:00.000,mentee,5
2135,2021-07-23 00:00:00.000,mentee,6
2136,2022-02-26 00:00:00.000,mentee,0
2140,2021-10-03 00:00:00.000,mentee,0
2141,2021-10-03 00:00:00.000,mentee,4
2142,2022-01-13 00:00:00.000,mentee,2
2143,2021-01-15 00:00:00.000,mentee,1
2145,2021-03-20 00:00:00.000,mentee,3
2147,2022-03-24 00:00:00.000,mentee,3
2150,2022-04-24 00:00:00.000,mentee,1
2152,2021-08-26 00:00:00.000,mentee,1
2153,2021-06-17 00:00:00.000,mentee,0
2154,2022-07-11 00:00:00.000,mentee,0
2156,2021-10-01 00:00:00.000,mentee,6
2158,2022-03-29 00:00:00.000,mentee,4
2159,2022-06-20 00:00:00.000,mentee,7
2162,2021-07-29 00:00:00.000,mentee,6
2163,2021-08-24 00:00:00.000,mentee,1
2164,2021-03-09 00:00:00.000,mentee,1
2167,2022-08-18 00:00:00.000,mentee,5
2168,2022-02-17 00:00:00.000,mentee,1
2169,2021-07-04 00:00:00.000,mentee,5
2171,2021-06-20 00:00:00.000,mentee,1
2175,2021-11-20 00:00:00.000,mentee,1
2176,2022-06-26 00:00:00.000,mentee,3
2178,2021-02-27 00:00:00.000,mentee,1
2183,2021-01-09 00:00:00.000,mentee,1
2184,2022-08-27 00:00:00.000,mentee,1
2187,2022-07-05 00:00:00.000,mentee,1
2191,2021-07-04 00:00:00.000,mentee,1
2197,2021-05-04 00:00:00.000,mentee,4
2198,2022-08-31 00:00:00.000,mentee,0
2201,2022-05-11 00:00:00.000,mentee,0
2202,2021-07-20 00:00:00.000,mentee,1
2203,2021-09-06 00:00:00.000,mentee,0
2204,2021-08-09 00:00:00.000,mentee,1
2205,2022-02-11 00:00:00.000,mentee,1
2208,2021-03-18 00:00:00.000,mentee,5
2209,2021-09-06 00:00:00.000,mentee,1
2214,2022-08-28 00:00:00.000,mentee,1
2216,2022-04-27 00:00:00.000,mentee,4
2219,2021-09-18 00:00:00.000,mentee,7
2220,2022-06-27 00:00:00.000,mentee,1
2221,2021-11-25 00:00:00.000,mentee,1
2223,2022-07-04 00:00:00.000,mentee,4
2224,2022-08-07 00:00:00.000,mentee,4
2225,2021-08-19 00:00:00.000,mentee,1
2226,2021-06-22 00:00:00.000,mentee,1
2227,2021-09-05 00:00:00.000,mentee,5
2228,2021-03-24 00:00:00.000,mentee,1
2231,2021-05-27 00:00:00.000,mentee,1
2232,2021-11-15 00:00:00.000,mentee,2
2236,2021-07-21 00:00:00.000,mentee,2
2238,2022-02-15 00:00:00.000,mentee,0
2241,2022-01-11 00:00:00.000,mentee,1
2246,2022-02-05 00:00:00.000,mentee,4
2247,2021-09-13 00:00:00.000,mentee,3
2248,2021-10-05 00:00:00.000,mentee,2
2250,2021-07-26 00:00:00.000,mentee,1
2252,2021-03-29 00:00:00.000,mentee,2
2253,2021-03-17 00:00:00.000,mentee,8
2254,2022-09-05 00:00:00.000,mentee,1
2255,2021-01-15 00:00:00.000,mentee,4
2256,2021-07-03 00:00:00.000,mentee,4
2258,2021-01-16 00:00:00.000,mentee,6
2259,2021-01-26 00:00:00.000,mentee,4
2261,2021-09-21 00:00:00.000,mentee,10
2263,2021-02-13 00:00:00.000,mentee,1
2264,2021-02-04 00:00:00.000,mentee,8
2268,2022-08-21 00:00:00.000,mentee,4
2270,2022-04-26 00:00:00.000,mentee,1
2271,2021-03-20 00:00:00.000,mentee,11
2272,2022-08-21 00:00:00.000,mentee,2
2275,2021-06-28 00:00:00.000,mentee,6
2276,2022-08-29 00:00:00.000,mentee,1
2277,2021-02-15 00:00:00.000,mentee,0
2278,2022-04-16 00:00:00.000,mentee,6
2281,2022-08-06 00:00:00.000,mentee,2
2286,2022-07-05 00:00:00.000,mentee,7
2288,2021-01-06 00:00:00.000,mentee,1
2289,2022-04-17 00:00:00.000,mentee,6
2290,2021-07-26 00:00:00.000,mentee,11
2291,2021-09-27 00:00:00.000,mentee,1
2292,2022-08-23 00:00:00.000,mentee,1
2298,2021-09-20 00:00:00.000,mentee,0
2299,2021-03-15 00:00:00.000,mentee,1
2300,2022-01-24 00:00:00.000,mentee,11
2306,2022-03-27 00:00:00.000,mentee,0
2309,2021-03-07 00:00:00.000,mentee,7
2310,2021-04-30 00:00:00.000,mentee,3
2311,2022-06-11 00:00:00.000,mentee,5
2312,2022-04-12 00:00:00.000,mentee,1
2313,2022-09-05 00:00:00.000,mentee,2
2316,2021-02-07 00:00:00.000,mentee,4
2317,2022-06-27 00:00:00.000,mentee,1
2318,2021-12-28 00:00:00.000,mentee,1
2320,2021-04-18 00:00:00.000,mentee,1
2321,2022-05-20 00:00:00.000,mentee,4
2322,2021-10-21 00:00:00.000,mentee,1
2323,2021-08-05 00:00:00.000,mentee,1
2324,2021-08-09 00:00:00.000,mentee,1
2326,2021-07-30 00:00:00.000,mentee,10
2327,2021-03-16 00:00:00.000,mentee,12
2331,2022-04-08 00:00:00.000,mentee,5
2332,2022-05-07 00:00:00.000,mentee,4
2333,2021-08-13 00:00:00.000,mentee,7
2334,2022-08-09 00:00:00.000,mentee,4
2335,2022-06-03 00:00:00.000,mentee,3
2336,2022-03-31 00:00:00.000,mentee,6
2338,2021-03-01 00:00:00.000,mentee,2
2340,2021-06-22 00:00:00.000,mentee,1
2341,2022-05-05 00:00:00.000,mentee,1
2343,2021-05-09 00:00:00.000,mentee,1
2345,2021-01-18 00:00:00.000,mentee,5
2348,2021-08-12 00:00:00.000,mentee,3
2349,2021-04-13 00:00:00.000,mentee,2
2350,2022-05-17 00:00:00.000,mentee,0
2352,2022-08-14 00:00:00.000,mentee,1
2353,2021-09-17 00:00:00.000,mentee,1
2355,2021-05-03 00:00:00.000,mentee,8
2356,2021-11-29 00:00:00.000,mentee,3
2357,2021-10-18 00:00:00.000,mentee,3
2362,2021-04-02 00:00:00.000,mentee,1
2363,2022-07-30 00:00:00.000,mentee,3
2365,2021-03-22 00:00:00.000,mentee,2
2366,2022-01-05 00:00:00.000,mentee,0
2370,2022-04-22 00:00:00.000,mentee,1
2371,2021-08-08 00:00:00.000,mentee,5
2374,2021-07-01 00:00:00.000,mentee,2
2375,2021-05-13 00:00:00.000,mentee,3
2380,2022-03-31 00:00:00.000,mentee,1
2382,2021-11-10 00:00:00.000,mentee,3
2383,2021-06-04 00:00:00.000,mentee,6
2385,2021-05-12 00:00:00.000,mentee,1
2386,2022-04-26 00:00:00.000,mentee,8
2388,2022-08-19 00:00:00.000,mentee,3
2390,2022-07-04 00:00:00.000,mentee,1
2393,2021-08-27 00:00:00.000,mentee,1
2394,2022-08-25 00:00:00.000,mentee,1
2395,2022-06-07 00:00:00.000,mentee,5
2396,2021-10-16 00:00:00.000,mentee,4
2398,2021-08-22 00:00:00.000,mentee,2
2402,2022-07-29 00:00:00.000,mentee,1
2404,2021-04-02 00:00:00.000,mentee,3
2405,2021-02-10 00:00:00.000,mentee,5
2408,2021-04-30 00:00:00.000,mentee,1
2412,2021-01-12 00:00:00.000,mentee,3
2414,2022-08-17 00:00:00.000,mentee,2
2415,2022-09-09 00:00:00.000,mentee,0
2417,2022-07-24 00:00:00.000,mentee,7
2418,2021-07-21 00:00:00.000,mentee,1
2421,2021-03-21 00:00:00.000,mentee,1
2422,2022-06-28 00:00:00.000,mentee,1
2424,2021-07-23 00:00:00.000,mentee,4
2428,2022-08-23 00:00:00.000,mentee,1
2429,2021-02-23 00:00:00.000,mentee,1
2433,2021-09-22 00:00:00.000,mentee,1
2435,2022-04-25 00:00:00.000,mentee,1
2436,2021-01-15 00:00:00.000,mentee,1
2438,2021-10-15 00:00:00.000,mentee,3
2441,2021-04-16 00:00:00.000,mentee,8
2442,2021-06-08 00:00:00.000,mentee,3
2443,2022-05-05 00:00:00.000,mentee,6
2444,2021-05-09 00:00:00.000,mentee,7
2445,2022-07-30 00:00:00.000,mentee,8
2448,2021-06-25 00:00:00.000,mentee,1
2459,2021-02-20 00:00:00.000,mentee,6
2462,2022-04-22 00:00:00.000,mentee,7
2466,2022-06-30 00:00:00.000,mentee,5
2467,2021-01-28 00:00:00.000,mentee,6
2474,2021-12-31 00:00:00.000,mentee,1
2475,2021-05-25 00:00:00.000,mentee,1
2476,2021-07-22 00:00:00.000,mentee,1
2478,2022-03-06 00:00:00.000,mentee,1
2479,2021-06-26 00:00:00.000,mentee,1
2482,2021-01-30 00:00:00.000,mentee,7
2487,2021-06-04 00:00:00.000,mentee,7
2489,2021-01-28 00:00:00.000,mentee,4
2490,2022-02-03 00:00:00.000,mentee,5
2495,2021-07-26 00:00:00.000,mentee,3
2497,2022-02-14 00:00:00.000,mentee,2
2498,2022-03-06 00:00:00.000,mentee,1
2499,2021-01-15 00:00:00.000,mentee,2
2502,2021-12-16 00:00:00.000,mentee,3
2503,2021-12-21 00:00:00.000,mentee,8
2504,2021-08-31 00:00:00.000,mentee,10
2505,2021-08-07 00:00:00.000,mentee,4
2507,2021-01-06 00:00:00.000,mentee,3
2508,2021-03-29 00:00:00.000,mentee,1
2510,2021-07-29 00:00:00.000,mentee,1
2511,2021-10-12 00:00:00.000,mentee,5
2514,2022-06-10 00:00:00.000,mentee,1
2515,2022-06-08 00:00:00.000,mentee,8
2516,2021-08-15 00:00:00.000,mentee,2
2519,2022-04-04 00:00:00.000,mentee,1
2524,2021-12-30 00:00:00.000,mentee,1
2525,2021-10-23 00:00:00.000,mentee,3
2530,2022-08-13 00:00:00.000,mentee,6
2537,2021-05-25 00:00:00.000,mentee,2
2538,2021-12-15 00:00:00.000,mentee,1
2540,2022-06-20 00:00:00.000,mentee,4
2542,2022-04-24 00:00:00.000,mentee,11
2543,2022-08-14 00:00:00.000,mentee,3
2544,2021-06-03 00:00:00.000,mentee,3
2547,2021-02-05 00:00:00.000,mentee,0
2550,2022-06-20 00:00:00.000,mentee,2
2552,2021-01-31 00:00:00.000,mentee,8
2553,2021-08-13 00:00:00.000,mentee,1
2554,2021-12-21 00:00:00.000,mentee,1
2559,2022-07-24 00:00:00.000,mentee,1
2561,2021-10-16 00:00:00.000,mentee,4
2563,2022-05-05 00:00:00.000,mentee,0
2564,2022-07-03 00:00:00.000,mentee,4
2565,2022-01-11 00:00:00.000,mentee,7
2568,2021-05-05 00:00:00.000,mentee,2
2575,2021-11-19 00:00:00.000,mentee,3
2577,2021-03-24 00:00:00.000,mentee,10
2580,2022-01-11 00:00:00.000,mentee,2
2582,2022-06-27 00:00:00.000,mentee,7
2584,2021-12-04 00:00:00.000,mentee,1
2586,2021-03-13 00:00:00.000,mentee,1
2587,2021-07-17 00:00:00.000,mentee,0
2588,2021-12-05 00:00:00.000,mentee,3
2590,2022-02-23 00:00:00.000,mentee,4
2592,2022-04-15 00:00:00.000,mentee,3
2597,2021-04-08 00:00:00.000,mentee,5
2598,2021-12-30 00:00:00.000,mentee,5
2600,2021-10-18 00:00:00.000,mentee,5
2601,2021-02-07 00:00:00.000,mentee,4
2602,2021-04-17 00:00:00.000,mentee,4
2603,2021-06-02 00:00:00.000,mentee,1
2604,2021-03-12 00:00:00.000,mentee,1
2606,2022-01-21 00:00:00.000,mentee,1
2608,2022-06-16 00:00:00.000,mentee,7
2609,2021-09-09 00:00:00.000,mentee,1
2611,2021-01-25 00:00:00.000,mentee,1
2612,2022-03-20 00:00:00.000,mentee,3
2615,2022-07-11 00:00:00.000,mentee,4
2617,2022-09-04 00:00:00.000,mentee,1
2619,2021-06-26 00:00:00.000,mentee,1
2620,2021-02-21 00:00:00.000,mentee,5
2621,2022-02-17 00:00:00.000,mentee,7
2624,2021-03-06 00:00:00.000,mentee,3
2625,2021-09-19 00:00:00.000,mentee,1
2626,2022-05-19 00:00:00.000,mentee,1
2627,2021-02-23 00:00:00.000,mentee,2
2629,2021-08-07 00:00:00.000,mentee,5
2634,2022-07-30 00:00:00.000,mentee,1
2637,2021-01-29 00:00:00.000,mentee,1
2640,2021-10-24 00:00:00.000,mentee,1
2642,2022-04-02 00:00:00.000,mentee,1
2644,2022-08-27 00:00:00.000,mentee,9
2652,2021-01-05 00:00:00.000,mentee,1
2660,2021-05-10 00:00:00.000,mentee,2
2666,2022-04-30 00:00:00.000,mentee,9
2669,2021-05-25 00:00:00.000,mentee,1
2671,2021-06-26 00:00:00.000,mentee,1
2672,2021-04-09 00:00:00.000,mentee,2
2673,2021-06-27 00:00:00.000,mentee,2
2674,2022-08-23 00:00:00.000,mentee,4
2676,2021-06-16 00:00:00.000,mentee,1
2677,2021-07-25 00:00:00.000,mentee,1
2680,2022-06-24 00:00:00.000,mentee,1
2681,2021-07-21 00:00:00.000,mentee,5
2683,2021-05-07 00:00:00.000,mentee,6
2684,2021-02-12 00:00:00.000,mentee,5
2685,2022-01-05 00:00:00.000,mentee,1
2686,2021-03-23 00:00:00.000,mentee,2
2690,2022-01-16 00:00:00.000,mentee,1
2691,2021-03-16 00:00:00.000,mentee,1
2692,2021-06-10 00:00:00.000,mentee,6
2694,2021-03-16 00:00:00.000,mentee,8
2695,2021-05-07 00:00:00.000,mentee,1
2696,2021-09-15 00:00:00.000,mentee,0
2697,2022-06-27 00:00:00.000,mentee,4
2698,2021-02-10 00:00:00.000,mentee,3
2701,2021-04-29 00:00:00.000,mentee,7
2704,2022-04-29 00:00:00.000,mentee,1
2705,2021-03-03 00:00:00.000,mentee,4
2706,2021-07-21 00:00:00.000,mentee,4
2707,2021-12-14 00:00:00.000,mentee,1
2708,2021-03-27 00:00:00.000,mentee,8
2711,2022-02-15 00:00:00.000,mentee,5
2712,2022-03-27 00:00:00.000,mentee,5
2716,2022-02-01 00:00:00.000,mentee,1
2718,2021-10-28 00:00:00.000,mentee,7
2720,2022-01-09 00:00:00.000,mentee,1
2722,2021-03-14 00:00:00.000,mentee,7
2723,2022-04-27 00:00:00.000,mentee,1
2724,2021-05-04 00:00:00.000,mentee,2
2726,2021-05-15 00:00:00.000,mentee,0
2728,2021-03-01 00:00:00.000,mentee,1
2729,2021-12-14 00:00:00.000,mentee,2
2732,2021-01-18 00:00:00.000,mentee,7
2736,2021-09-21 00:00:00.000,mentee,1
2738,2022-03-22 00:00:00.000,mentee,3
2740,2022-03-18 00:00:00.000,mentee,5
2741,2022-08-19 00:00:00.000,mentee,2
2742,2022-01-01 00:00:00.000,mentee,1
2744,2022-05-09 00:00:00.000,mentee,7
2745,2021-01-24 00:00:00.000,mentee,1
2750,2021-10-24 00:00:00.000,mentee,1
2751,2021-03-11 00:00:00.000,mentee,5
2753,2022-02-06 00:00:00.000,mentee,5
2759,2022-02-13 00:00:00.000,mentee,5
2760,2022-06-17 00:00:00.000,mentee,4
2762,2021-04-16 00:00:00.000,mentee,1
2763,2021-11-24 00:00:00.000,mentee,2
2764,2021-08-06 00:00:00.000,mentee,1
2765,2021-07-25 00:00:00.000,mentee,1
2767,2022-07-15 00:00:00.000,mentee,1
2772,2022-07-01 00:00:00.000,mentee,1
2775,2021-07-20 00:00:00.000,mentee,8
2776,2021-01-31 00:00:00.000,mentee,3
2780,2021-07-11 00:00:00.000,mentee,1
2781,2021-08-16 00:00:00.000,mentee,7
2783,2021-07-06 00:00:00.000,mentee,1
2784,2021-10-07 00:00:00.000,mentee,1
2786,2022-02-16 00:00:00.000,mentee,1
2788,2021-08-16 00:00:00.000,mentee,1
2789,2022-03-02 00:00:00.000,mentee,2
2790,2022-05-08 00:00:00.000,mentee,6
2791,2021-01-15 00:00:00.000,mentee,4
2793,2022-04-08 00:00:00.000,mentee,3
2796,2021-01-26 00:00:00.000,mentee,1
2799,2022-06-20 00:00:00.000,mentee,5
2801,2021-11-29 00:00:00.000,mentee,1
2804,2021-11-24 00:00:00.000,mentee,1
2806,2021-06-28 00:00:00.000,mentee,1
2809,2022-07-14 00:00:00.000,mentee,1
2812,2021-06-03 00:00:00.000,mentee,1
2815,2021-08-25 00:00:00.000,mentee,1
2817,2022-08-01 00:00:00.000,mentee,5
2818,2021-11-16 00:00:00.000,mentee,1
2822,2022-06-17 00:00:00.000,mentee,1
2823,2022-08-18 00:00:00.000,mentee,5
2826,2022-05-15 00:00:00.000,mentee,8
2827,2021-06-10 00:00:00.000,mentee,2
2829,2022-09-09 00:00:00.000,mentee,4
2830,2021-06-03 00:00:00.000,mentee,1
2831,2022-07-22 00:00:00.000,mentee,1
2834,2022-06-21 00:00:00.000,mentee,1
2835,2021-06-03 00:00:00.000,mentee,1
2837,2022-02-18 00:00:00.000,mentee,1
2838,2021-12-27 00:00:00.000,mentee,1
2840,2022-02-11 00:00:00.000,mentee,8
2841,2022-06-12 00:00:00.000,mentee,3
2844,2022-03-01 00:00:00.000,mentee,1
2845,2022-05-19 00:00:00.000,mentee,5
2847,2021-01-19 00:00:00.000,mentee,5
2849,2022-04-09 00:00:00.000,mentee,3
2851,2021-03-15 00:00:00.000,mentee,9
2853,2021-05-05 00:00:00.000,mentee,4
2854,2022-08-04 00:00:00.000,mentee,1
2855,2021-06-20 00:00:00.000,mentee,1
2856,2022-08-19 00:00:00.000,mentee,3
2857,2021-08-09 00:00:00.000,mentee,1
2859,2021-08-26 00:00:00.000,mentee,4
2860,2021-05-24 00:00:00.000,mentee,1
2863,2021-03-05 00:00:00.000,mentee,1
2864,2022-07-31 00:00:00.000,mentee,0
2866,2021-12-17 00:00:00.000,mentee,6
2868,2021-12-06 00:00:00.000,mentee,0
2870,2021-05-05 00:00:00.000,mentee,1
2871,2021-09-09 00:00:00.000,mentee,1
2872,2022-02-10 00:00:00.000,mentee,6
2873,2022-05-23 00:00:00.000,mentee,6
2874,2021-08-18 00:00:00.000,mentee,9
2878,2021-09-18 00:00:00.000,mentee,1
2880,2022-01-21 00:00:00.000,mentee,4
2882,2021-04-01 00:00:00.000,mentee,1
2883,2021-06-21 00:00:00.000,mentee,7
2885,2021-12-18 00:00:00.000,mentee,5
2886,2021-09-09 00:00:00.000,mentee,1
2889,2022-08-19 00:00:00.000,mentee,6
2890,2022-08-04 00:00:00.000,mentee,3
2894,2021-11-10 00:00:00.000,mentee,1
2895,2021-02-02 00:00:00.000,mentee,2
2896,2021-05-21 00:00:00.000,mentee,4
2897,2021-09-22 00:00:00.000,mentee,1
2898,2021-10-17 00:00:00.000,mentee,1
2899,2022-07-19 00:00:00.000,mentee,2
2901,2021-07-14 00:00:00.000,mentee,1
2902,2021-09-13 00:00:00.000,mentee,1
2903,2022-08-15 00:00:00.000,mentee,1
2908,2022-05-27 00:00:00.000,mentee,0
2909,2021-10-29 00:00:00.000,mentee,5
2910,2022-01-07 00:00:00.000,mentee,6
2911,2022-01-21 00:00:00.000,mentee,2
2912,2021-04-15 00:00:00.000,mentee,1
2916,2021-11-11 00:00:00.000,mentee,1
2917,2021-06-18 00:00:00.000,mentee,6
2922,2021-12-12 00:00:00.000,mentee,1
2923,2021-01-07 00:00:00.000,mentee,0
2924,2021-10-25 00:00:00.000,mentee,9
2926,2022-04-17 00:00:00.000,mentee,4
2929,2022-07-05 00:00:00.000,mentee,1
2930,2022-04-19 00:00:00.000,mentee,0
2931,2022-07-30 00:00:00.000,mentee,7
2932,2022-05-21 00:00:00.000,mentee,2
2936,2021-08-13 00:00:00.000,mentee,1
2937,2021-01-25 00:00:00.000,mentee,1
2939,2021-11-12 00:00:00.000,mentee,1
2940,2021-06-23 00:00:00.000,mentee,3
2941,2021-07-08 00:00:00.000,mentee,3
2944,2021-02-20 00:00:00.000,mentee,1
2945,2022-01-23 00:00:00.000,mentee,1
2948,2021-12-08 00:00:00.000,mentee,1
2950,2021-12-01 00:00:00.000,mentee,5
2951,2021-09-05 00:00:00.000,mentee,1
2953,2021-08-19 00:00:00.000,mentee,1
2956,2022-03-19 00:00:00.000,mentee,2
2960,2022-08-20 00:00:00.000,mentee,1
2962,2021-10-13 00:00:00.000,mentee,2
2965,2022-01-06 00:00:00.000,mentee,0
2966,2022-05-10 00:00:00.000,mentee,3
2967,2021-11-04 00:00:00.000,mentee,1
2968,2022-02-18 00:00:00.000,mentee,1
2972,2021-11-30 00:00:00.000,mentee,5
2974,2021-01-06 00:00:00.000,mentee,5
2975,2021-05-13 00:00:00.000,mentee,5
2976,2022-04-18 00:00:00.000,mentee,1
2977,2022-05-17 00:00:00.000,mentee,1
2978,2022-04-06 00:00:00.000,mentee,7
2979,2022-02-13 00:00:00.000,mentee,6
2984,2021-07-23 00:00:00.000,mentee,2
2992,2021-04-21 00:00:00.000,mentee,2
2997,2022-04-09 00:00:00.000,mentee,6
2999,2022-06-21 00:00:00.000,mentee,1
3000,2021-03-24 00:00:00.000,mentee,1
3001,2021-10-19 00:00:00.000,mentee,1
3003,2021-07-16 00:00:00.000,mentee,4
3004,2022-03-25 00:00:00.000,mentee,5
3006,2022-03-13 00:00:00.000,mentee,7
3008,2022-01-24 00:00:00.000,mentee,1
3009,2021-08-20 00:00:00.000,mentee,1
3010,2021-03-23 00:00:00.000,mentee,1
3012,2021-08-23 00:00:00.000,mentee,3
3014,2022-05-11 00:00:00.000,mentee,1
3015,2021-06-29 00:00:00.000,mentee,5
3018,2021-12-04 00:00:00.000,mentee,1
3020,2021-08-06 00:00:00.000,mentee,2
3022,2021-06-26 00:00:00.000,mentee,4
3023,2022-05-29 00:00:00.000,mentee,1
3026,2022-01-16 00:00:00.000,mentee,7
3028,2021-03-14 00:00:00.000,mentee,1
3030,2021-05-11 00:00:00.000,mentee,1
3032,2021-03-04 00:00:00.000,mentee,1
3035,2021-06-01 00:00:00.000,mentee,2
3036,2022-06-22 00:00:00.000,mentee,1
3037,2021-07-07 00:00:00.000,mentee,9
3039,2022-04-27 00:00:00.000,mentee,2
3042,2021-02-13 00:00:00.000,mentee,1
3044,2021-10-22 00:00:00.000,mentee,3
3046,2022-04-29 00:00:00.000,mentee,1
3049,2021-12-02 00:00:00.000,mentee,1
3052,2022-05-21 00:00:00.000,mentee,1
3053,2022-02-18 00:00:00.000,mentee,3
3054,2022-02-25 00:00:00.000,mentee,6
3055,2021-08-26 00:00:00.000,mentee,1
3056,2022-06-15 00:00:00.000,mentee,2
3057,2021-05-10 00:00:00.000,mentee,1
3058,2021-04-13 00:00:00.000,mentee,3
3061,2021-05-11 00:00:00.000,mentee,1
3065,2021-11-19 00:00:00.000,mentee,1
3069,2021-06-16 00:00:00.000,mentee,1
3070,2021-01-25 00:00:00.000,mentee,4
3072,2021-06-20 00:00:00.000,mentee,9
3074,2021-03-09 00:00:00.000,mentee,4
3078,2021-11-04 00:00:00.000,mentee,2
3079,2021-01-06 00:00:00.000,mentee,5
3080,2021-05-02 00:00:00.000,mentee,2
3081,2022-02-17 00:00:00.000,mentee,2
3082,2021-01-11 00:00:00.000,mentee,1
3083,2021-09-15 00:00:00.000,mentee,2
3089,2022-05-25 00:00:00.000,mentee,3
3091,2021-04-17 00:00:00.000,mentee,0
3093,2022-04-07 00:00:00.000,mentee,3
3095,2022-08-04 00:00:00.000,mentee,2
3098,2022-01-22 00:00:00.000,mentee,6
3099,2021-12-01 00:00:00.000,mentee,1
3104,2021-11-23 00:00:00.000,mentee,1
3106,2021-02-16 00:00:00.000,mentee,3
3107,2021-03-10 00:00:00.000,mentee,2
3109,2022-07-08 00:00:00.000,mentee,3
3110,2022-04-26 00:00:00.000,mentee,6
3111,2022-04-25 00:00:00.000,mentee,6
3113,2021-03-18 00:00:00.000,mentee,6
3119,2022-01-14 00:00:00.000,mentee,5
3120,2022-08-11 00:00:00.000,mentee,10
3122,2021-02-12 00:00:00.000,mentee,5
3124,2022-02-14 00:00:00.000,mentee,0
3126,2021-12-06 00:00:00.000,mentee,1
3128,2021-01-26 00:00:00.000,mentee,1
3129,2021-08-28 00:00:00.000,mentee,1
3130,2022-07-04 00:00:00.000,mentee,2
3131,2021-01-07 00:00:00.000,mentee,3
3133,2021-11-14 00:00:00.000,mentee,10
3138,2021-10-05 00:00:00.000,mentee,1
3139,2021-11-08 00:00:00.000,mentee,1
3140,2021-12-25 00:00:00.000,mentee,4
3141,2021-07-08 00:00:00.000,mentee,1
3142,2021-03-01 00:00:00.000,mentee,1
3145,2021-07-09 00:00:00.000,mentee,1
3148,2022-05-23 00:00:00.000,mentee,3
3150,2021-07-23 00:00:00.000,mentee,5
3151,2021-05-23 00:00:00.000,mentee,1
3152,2022-07-02 00:00:00.000,mentee,1
3155,2022-01-01 00:00:00.000,mentee,1
3157,2022-06-10 00:00:00.000,mentee,1
3158,2022-08-26 00:00:00.000,mentee,5
3159,2022-07-17 00:00:00.000,mentee,4
3160,2021-08-23 00:00:00.000,mentee,1
3162,2021-10-05 00:00:00.000,mentee,3
3163,2021-09-05 00:00:00.000,mentee,4
3164,2021-11-05 00:00:00.000,mentee,3
3165,2022-01-14 00:00:00.000,mentee,3
3166,2021-01-29 00:00:00.000,mentee,1
3167,2021-04-08 00:00:00.000,mentee,4
3169,2022-07-28 00:00:00.000,mentee,2
3171,2021-09-09 00:00:00.000,mentee,1
3176,2022-08-03 00:00:00.000,mentee,1
3177,2021-09-10 00:00:00.000,mentee,1
3180,2022-01-06 00:00:00.000,mentee,5
3188,2021-01-22 00:00:00.000,mentee,4
3191,2021-07-22 00:00:00.000,mentee,1
3192,2021-12-12 00:00:00.000,mentee,6
3193,2022-04-15 00:00:00.000,mentee,4
3194,2022-02-23 00:00:00.000,mentee,1
3196,2022-02-15 00:00:00.000,mentee,1
3198,2021-07-29 00:00:00.000,mentee,4
3199,2022-04-28 00:00:00.000,mentee,1
3200,2021-08-01 00:00:00.000,mentee,3
3203,2021-11-02 00:00:00.000,mentee,1
3205,2021-07-02 00:00:00.000,mentee,1
3206,2022-04-15 00:00:00.000,mentee,1
3207,2021-06-20 00:00:00.000,mentee,1
3220,2021-05-14 00:00:00.000,mentee,1
3223,2021-08-12 00:00:00.000,mentee,3
3226,2021-10-15 00:00:00.000,mentee,2
3231,2021-10-24 00:00:00.000,mentee,1
3232,2022-08-20 00:00:00.000,mentee,8
3235,2021-06-03 00:00:00.000,mentee,2
3237,2022-08-26 00:00:00.000,mentee,1
3238,2021-08-29 00:00:00.000,mentee,1
3241,2021-02-17 00:00:00.000,mentee,1
3243,2022-08-12 00:00:00.000,mentee,5
3244,2022-03-08 00:00:00.000,mentee,1
3245,2021-05-18 00:00:00.000,mentee,3
3246,2021-12-24 00:00:00.000,mentee,1
3250,2022-01-13 00:00:00.000,mentee,1
3252,2022-02-07 00:00:00.000,mentee,9
3255,2022-05-29 00:00:00.000,mentee,2
3258,2022-05-18 00:00:00.000,mentee,3
3259,2022-04-16 00:00:00.000,mentee,1
3262,2021-07-10 00:00:00.000,mentee,1
3263,2021-02-03 00:00:00.000,mentee,0
3266,2021-11-04 00:00:00.000,mentee,8
3271,2022-05-21 00:00:00.000,mentee,6
3272,2021-01-30 00:00:00.000,mentee,1
3273,2021-03-30 00:00:00.000,mentee,2
3276,2021-08-16 00:00:00.000,mentee,9
3277,2022-04-11 00:00:00.000,mentee,1
3278,2022-05-23 00:00:00.000,mentee,3
3280,2022-02-26 00:00:00.000,mentee,1
3282,2021-10-10 00:00:00.000,mentee,6
3283,2021-05-23 00:00:00.000,mentee,7
3285,2022-06-28 00:00:00.000,mentee,2
3286,2021-06-23 00:00:00.000,mentee,1
3291,2021-07-05 00:00:00.000,mentee,1
3292,2022-07-24 00:00:00.000,mentee,6
3295,2021-07-20 00:00:00.000,mentee,4
3298,2022-03-22 00:00:00.000,mentee,10
3300,2022-02-18 00:00:00.000,mentee,1
3303,2022-03-07 00:00:00.000,mentee,10
3304,2021-07-31 00:00:00.000,mentee,6
3306,2022-05-25 00:00:00.000,mentee,3
3309,2021-07-26 00:00:00.000,mentee,3
3310,2022-04-05 00:00:00.000,mentee,2
3311,2021-01-29 00:00:00.000,mentee,0
3317,2021-06-06 00:00:00.000,mentee,3
3318,2022-02-17 00:00:00.000,mentee,5
3319,2021-12-11 00:00:00.000,mentee,4
3320,2021-09-08 00:00:00.000,mentee,4
3321,2021-11-27 00:00:00.000,mentee,2
3323,2021-03-31 00:00:00.000,mentee,1
3324,2021-04-13 00:00:00.000,mentee,5
3325,2021-09-28 00:00:00.000,mentee,1
3326,2022-06-03 00:00:00.000,mentee,1
3327,2021-01-21 00:00:00.000,mentee,5
3329,2021-04-30 00:00:00.000,mentee,6
3331,2021-09-28 00:00:00.000,mentee,2
3332,2021-05-25 00:00:00.000,mentee,4
3334,2022-01-23 00:00:00.000,mentee,1
3335,2022-03-11 00:00:00.000,mentee,6
3337,2021-03-01 00:00:00.000,mentee,6
3339,2021-05-22 00:00:00.000,mentee,1
3340,2021-06-18 00:00:00.000,mentee,9
3341,2021-12-22 00:00:00.000,mentee,4
3342,2022-02-18 00:00:00.000,mentee,1
3343,2021-11-17 00:00:00.000,mentee,1
3344,2021-10-23 00:00:00.000,mentee,0
3345,2022-01-20 00:00:00.000,mentee,0
3353,2022-01-15 00:00:00.000,mentee,1
3355,2022-06-13 00:00:00.000,mentee,2
3360,2021-02-05 00:00:00.000,mentee,4
3361,2021-11-09 00:00:00.000,mentee,5
3365,2021-05-13 00:00:00.000,mentee,6
3366,2022-08-15 00:00:00.000,mentee,1
3367,2022-03-16 00:00:00.000,mentee,6
3368,2021-09-30 00:00:00.000,mentee,1
3371,2021-12-07 00:00:00.000,mentee,3
3372,2021-12-10 00:00:00.000,mentee,8
3376,2022-07-05 00:00:00.000,mentee,1
3378,2021-02-02 00:00:00.000,mentee,0
3380,2021-12-03 00:00:00.000,mentee,4
3381,2021-08-02 00:00:00.000,mentee,5
3384,2021-03-25 00:00:00.000,mentee,5
3385,2022-04-11 00:00:00.000,mentee,3
3387,2021-03-13 00:00:00.000,mentee,1
3388,2021-03-17 00:00:00.000,mentee,1
3389,2022-07-12 00:00:00.000,mentee,6
3390,2022-07-08 00:00:00.000,mentee,9
3391,2022-01-18 00:00:00.000,mentee,1
3392,2021-09-10 00:00:00.000,mentee,5
3393,2022-09-08 00:00:00.000,mentee,1
3394,2022-05-16 00:00:00.000,mentee,1
3395,2021-12-25 00:00:00.000,mentee,3
3398,2021-06-30 00:00:00.000,mentee,9
3399,2022-04-03 00:00:00.000,mentee,2
3401,2021-09-29 00:00:00.000,mentee,1
3403,2021-07-03 00:00:00.000,mentee,11
3405,2021-12-13 00:00:00.000,mentee,1
3408,2022-04-17 00:00:00.000,mentee,0
3409,2021-06-28 00:00:00.000,mentee,2
3410,2022-05-29 00:00:00.000,mentee,5
3413,2022-01-20 00:00:00.000,mentee,7
3414,2022-06-13 00:00:00.000,mentee,4
3416,2022-09-12 00:00:00.000,mentee,1
3417,2021-01-25 00:00:00.000,mentee,1
3419,2021-03-25 00:00:00.000,mentee,2
3423,2021-12-27 00:00:00.000,mentee,0
3426,2021-04-10 00:00:00.000,mentee,0
3427,2022-02-16 00:00:00.000,mentee,1
3428,2021-10-02 00:00:00.000,mentee,8
3431,2021-08-03 00:00:00.000,mentee,1
3432,2022-05-10 00:00:00.000,mentee,10
3435,2021-12-06 00:00:00.000,mentee,3
3438,2022-06-12 00:00:00.000,mentee,3
3440,2021-10-15 00:00:00.000,mentee,1
3441,2021-05-15 00:00:00.000,mentee,1
3442,2021-02-04 00:00:00.000,mentee,2
3445,2022-05-04 00:00:00.000,mentee,10
3446,2021-06-21 00:00:00.000,mentee,1
3448,2021-04-23 00:00:00.000,mentee,1
3451,2021-06-05 00:00:00.000,mentee,2
3452,2021-06-14 00:00:00.000,mentee,3
3453,2022-02-01 00:00:00.000,mentee,1
3454,2022-05-03 00:00:00.000,mentee,1
3455,2021-05-03 00:00:00.000,mentee,1
3456,2021-02-23 00:00:00.000,mentee,11
3458,2021-04-19 00:00:00.000,mentee,10
3463,2022-02-11 00:00:00.000,mentee,2
3464,2021-12-31 00:00:00.000,mentee,1
3468,2021-11-21 00:00:00.000,mentee,1
3473,2022-02-21 00:00:00.000,mentee,1
3476,2021-04-27 00:00:00.000,mentee,5
3478,2021-09-13 00:00:00.000,mentee,8
3479,2022-02-15 00:00:00.000,mentee,1
3480,2022-03-09 00:00:00.000,mentee,6
3481,2021-07-28 00:00:00.000,mentee,5
3482,2021-07-24 00:00:00.000,mentee,3
3486,2021-09-27 00:00:00.000,mentee,10
3490,2022-05-21 00:00:00.000,mentee,0
3495,2021-04-10 00:00:00.000,mentee,2
3496,2022-03-23 00:00:00.000,mentee,11
3499,2022-01-23 00:00:00.000,mentee,1
3501,2021-08-09 00:00:00.000,mentee,0
3502,2022-03-22 00:00:00.000,mentee,3
3503,2021-06-17 00:00:00.000,mentee,1
3504,2021-12-30 00:00:00.000,mentee,4
3506,2022-06-14 00:00:00.000,mentee,4
3507,2022-04-08 00:00:00.000,mentee,5
3513,2022-08-12 00:00:00.000,mentee,5
3515,2022-07-28 00:00:00.000,mentee,5
3516,2021-12-27 00:00:00.000,mentee,1
3519,2021-07-14 00:00:00.000,mentee,9
3520,2022-02-05 00:00:00.000,mentee,1
3521,2021-05-21 00:00:00.000,mentee,8
3522,2021-02-20 00:00:00.000,mentee,1
3524,2021-04-25 00:00:00.000,mentee,4
3526,2021-09-12 00:00:00.000,mentee,2
3527,2022-08-26 00:00:00.000,mentee,1
3528,2021-07-23 00:00:00.000,mentee,4
3532,2021-06-25 00:00:00.000,mentee,10
3534,2021-11-07 00:00:00.000,mentee,0
3537,2022-04-07 00:00:00.000,mentee,10
3540,2022-04-20 00:00:00.000,mentee,0
3542,2021-06-11 00:00:00.000,mentee,3
3543,2022-08-06 00:00:00.000,mentee,5
3545,2021-07-24 00:00:00.000,mentee,9
3549,2022-01-01 00:00:00.000,mentee,1
3551,2022-08-23 00:00:00.000,mentee,2
3553,2021-05-13 00:00:00.000,mentee,6
3554,2021-08-29 00:00:00.000,mentee,1
3555,2021-10-23 00:00:00.000,mentee,1
3557,2022-06-05 00:00:00.000,mentee,10
3558,2021-01-16 00:00:00.000,mentee,2
3559,2022-03-04 00:00:00.000,mentee,0
3561,2021-02-02 00:00:00.000,mentee,4
3562,2021-10-20 00:00:00.000,mentee,4
3564,2021-09-08 00:00:00.000,mentee,1
3565,2022-05-14 00:00:00.000,mentee,1
3566,2022-03-03 00:00:00.000,mentee,2
3568,2021-09-02 00:00:00.000,mentee,2
3569,2022-02-26 00:00:00.000,mentee,3
3570,2022-02-24 00:00:00.000,mentee,1
3571,2022-07-08 00:00:00.000,mentee,1
3574,2022-02-12 00:00:00.000,mentee,1
3579,2021-09-12 00:00:00.000,mentee,2
3581,2022-01-10 00:00:00.000,mentee,5
3585,2022-02-23 00:00:00.000,mentee,3
3586,2021-04-01 00:00:00.000,mentee,0
3589,2021-10-08 00:00:00.000,mentee,4
3596,2021-06-18 00:00:00.000,mentee,7
3597,2022-05-24 00:00:00.000,mentee,1
3600,2022-03-31 00:00:00.000,mentee,1
3601,2021-07-22 00:00:00.000,mentee,1
3603,2021-08-27 00:00:00.000,mentee,1
3604,2022-03-20 00:00:00.000,mentee,1
3605,2022-02-11 00:00:00.000,mentee,1
3606,2022-02-14 00:00:00.000,mentee,6
3607,2022-07-28 00:00:00.000,mentee,1
3608,2022-03-15 00:00:00.000,mentee,5
3610,2021-03-18 00:00:00.000,mentee,2
3623,2021-01-10 00:00:00.000,mentee,1
3625,2022-09-15 00:00:00.000,mentee,5
3626,2022-02-02 00:00:00.000,mentee,1
3629,2021-03-29 00:00:00.000,mentee,1
3630,2021-07-31 00:00:00.000,mentee,2
3631,2021-03-10 00:00:00.000,mentee,11
3633,2021-07-10 00:00:00.000,mentee,5
3634,2021-11-01 00:00:00.000,mentee,5
3638,2022-04-12 00:00:00.000,mentee,1
3639,2022-06-12 00:00:00.000,mentee,1
3642,2021-03-05 00:00:00.000,mentee,0
3643,2021-06-13 00:00:00.000,mentee,12
3644,2021-02-25 00:00:00.000,mentee,8
3645,2021-04-01 00:00:00.000,mentee,3
3646,2022-02-04 00:00:00.000,mentee,3
3647,2021-01-30 00:00:00.000,mentee,1
3649,2021-05-22 00:00:00.000,mentee,7
3650,2022-04-07 00:00:00.000,mentee,2
3651,2021-01-21 00:00:00.000,mentee,1
3652,2021-04-20 00:00:00.000,mentee,2
3653,2022-08-12 00:00:00.000,mentee,5
3654,2022-07-20 00:00:00.000,mentee,3
3655,2022-04-08 00:00:00.000,mentee,8
3658,2021-04-23 00:00:00.000,mentee,3
3660,2021-07-29 00:00:00.000,mentee,2
3661,2021-06-27 00:00:00.000,mentee,4
3663,2021-08-13 00:00:00.000,mentee,1
3664,2021-12-21 00:00:00.000,mentee,3
3665,2022-04-06 00:00:00.000,mentee,3
3667,2021-08-18 00:00:00.000,mentee,1
3669,2021-12-27 00:00:00.000,mentee,1
3672,2022-07-09 00:00:00.000,mentee,1
3673,2021-10-17 00:00:00.000,mentee,1
3674,2022-01-14 00:00:00.000,mentee,5
3675,2021-01-31 00:00:00.000,mentee,3
3676,2022-07-12 00:00:00.000,mentee,0
3678,2022-07-31 00:00:00.000,mentee,2
3682,2021-01-10 00:00:00.000,mentee,1
3684,2022-08-14 00:00:00.000,mentee,3
3685,2021-06-30 00:00:00.000,mentee,0
3687,2021-05-24 00:00:00.000,mentee,3
3690,2022-08-07 00:00:00.000,mentee,1
3692,2022-06-24 00:00:00.000,mentee,7
3696,2022-02-14 00:00:00.000,mentee,8
3697,2022-01-05 00:00:00.000,mentee,1
3698,2022-05-13 00:00:00.000,mentee,3
3699,2021-01-06 00:00:00.000,mentee,1
3701,2022-07-08 00:00:00.000,mentee,2
3702,2022-05-13 00:00:00.000,mentee,5
3703,2021-05-31 00:00:00.000,mentee,7
3705,2021-12-31 00:00:00.000,mentee,8
3709,2022-07-19 00:00:00.000,mentee,1
3711,2021-01-27 00:00:00.000,mentee,2
3715,2021-07-21 00:00:00.000,mentee,0
3716,2021-05-07 00:00:00.000,mentee,1
3718,2021-10-26 00:00:00.000,mentee,7
3721,2021-02-22 00:00:00.000,mentee,1
3725,2022-01-20 00:00:00.000,mentee,7
3726,2021-10-17 00:00:00.000,mentee,6
3727,2022-08-12 00:00:00.000,mentee,3
3728,2022-08-20 00:00:00.000,mentee,1
3729,2021-02-05 00:00:00.000,mentee,1
3730,2021-06-17 00:00:00.000,mentee,4
3735,2022-01-21 00:00:00.000,mentee,1
3736,2021-12-29 00:00:00.000,mentee,6
3737,2022-03-22 00:00:00.000,mentee,1
3739,2021-09-13 00:00:00.000,mentee,4
3740,2021-04-14 00:00:00.000,mentee,1
3741,2021-03-17 00:00:00.000,mentee,1
3743,2021-03-01 00:00:00.000,mentee,9
3745,2021-11-20 00:00:00.000,mentee,5
3751,2022-02-14 00:00:00.000,mentee,1
3761,2022-08-30 00:00:00.000,mentee,4
3763,2022-02-02 00:00:00.000,mentee,3
3764,2021-07-24 00:00:00.000,mentee,1
3765,2022-07-30 00:00:00.000,mentee,5
3766,2021-02-08 00:00:00.000,mentee,1
3768,2021-06-30 00:00:00.000,mentee,6
3770,2021-07-18 00:00:00.000,mentee,1
3771,2022-08-23 00:00:00.000,mentee,1
3778,2022-08-02 00:00:00.000,mentee,6
3779,2021-12-17 00:00:00.000,mentee,2
3780,2021-05-10 00:00:00.000,mentee,5
3783,2022-06-20 00:00:00.000,mentee,5
3785,2021-01-01 00:00:00.000,mentee,1
3786,2021-11-06 00:00:00.000,mentee,2
3788,2021-05-09 00:00:00.000,mentee,4
3789,2022-06-10 00:00:00.000,mentee,6
3791,2021-04-07 00:00:00.000,mentee,1
3792,2021-08-10 00:00:00.000,mentee,1
3793,2021-02-08 00:00:00.000,mentee,1
3795,2021-03-10 00:00:00.000,mentee,2
3796,2021-10-15 00:00:00.000,mentee,3
3799,2022-05-13 00:00:00.000,mentee,1
3801,2021-11-22 00:00:00.000,mentee,1
3804,2022-07-28 00:00:00.000,mentee,0
3805,2021-05-20 00:00:00.000,mentee,8
3807,2021-06-18 00:00:00.000,mentee,2
3808,2021-03-20 00:00:00.000,mentee,3
3810,2021-11-10 00:00:00.000,mentee,2
3811,2021-09-18 00:00:00.000,mentee,1
3812,2021-09-04 00:00:00.000,mentee,1
3815,2022-07-06 00:00:00.000,mentee,3
3816,2021-09-12 00:00:00.000,mentee,1
3817,2021-10-23 00:00:00.000,mentee,1
3818,2021-12-03 00:00:00.000,mentee,1
3819,2021-09-16 00:00:00.000,mentee,1
3822,2022-08-19 00:00:00.000,mentee,5
3823,2021-06-24 00:00:00.000,mentee,7
3825,2022-06-05 00:00:00.000,mentee,6
3826,2021-09-02 00:00:00.000,mentee,5
3827,2022-08-16 00:00:00.000,mentee,2
3829,2022-06-20 00:00:00.000,mentee,3
3830,2021-04-06 00:00:00.000,mentee,4
3834,2021-08-09 00:00:00.000,mentee,1
3837,2022-09-12 00:00:00.000,mentee,2
3841,2021-01-04 00:00:00.000,mentee,4
3844,2021-07-31 00:00:00.000,mentee,1
3845,2021-04-20 00:00:00.000,mentee,0
3846,2022-04-20 00:00:00.000,mentee,1
3847,2021-03-06 00:00:00.000,mentee,7
3849,2022-05-24 00:00:00.000,mentee,9
3850,2022-01-09 00:00:00.000,mentee,2
3859,2022-06-14 00:00:00.000,mentee,0
3860,2021-12-27 00:00:00.000,mentee,1
3861,2021-02-08 00:00:00.000,mentee,1
3866,2021-05-06 00:00:00.000,mentee,8
3870,2021-06-11 00:00:00.000,mentee,5
3872,2022-04-02 00:00:00.000,mentee,1
3873,2022-01-01 00:00:00.000,mentee,4
3877,2021-02-07 00:00:00.000,mentee,1
3879,2022-02-05 00:00:00.000,mentee,9
3888,2021-11-07 00:00:00.000,mentee,1
3889,2022-01-24 00:00:00.000,mentee,1
3890,2021-06-29 00:00:00.000,mentee,1
3892,2021-03-28 00:00:00.000,mentee,3
3893,2021-12-04 00:00:00.000,mentee,6
3896,2022-05-28 00:00:00.000,mentee,5
3897,2022-05-16 00:00:00.000,mentee,1
3900,2022-01-24 00:00:00.000,mentee,1
3901,2021-11-18 00:00:00.000,mentee,1
3902,2021-03-08 00:00:00.000,mentee,9
3903,2022-07-25 00:00:00.000,mentee,5
3904,2022-03-28 00:00:00.000,mentee,1
3908,2021-07-07 00:00:00.000,mentee,1
3909,2022-07-07 00:00:00.000,mentee,1
3910,2021-02-13 00:00:00.000,mentee,2
3915,2022-08-08 00:00:00.000,mentee,1
3917,2021-03-22 00:00:00.000,mentee,5
3918,2021-03-24 00:00:00.000,mentee,1
3919,2021-11-06 00:00:00.000,mentee,4
3921,2021-04-09 00:00:00.000,mentee,1
3922,2022-08-19 00:00:00.000,mentee,5
3923,2021-09-02 00:00:00.000,mentee,5
3924,2021-04-03 00:00:00.000,mentee,7
3925,2021-02-28 00:00:00.000,mentee,4
3932,2021-06-07 00:00:00.000,mentee,3
3933,2021-04-13 00:00:00.000,mentee,6
3938,2021-07-14 00:00:00.000,mentee,1
3939,2021-02-08 00:00:00.000,mentee,2
3940,2021-12-16 00:00:00.000,mentee,6
3942,2021-11-23 00:00:00.000,mentee,2
3944,2021-06-14 00:00:00.000,mentee,3
3945,2021-02-11 00:00:00.000,mentee,1
3948,2021-02-25 00:00:00.000,mentee,1
3949,2022-07-07 00:00:00.000,mentee,0
3950,2022-02-19 00:00:00.000,mentee,3
3951,2022-05-09 00:00:00.000,mentee,1
3952,2022-02-22 00:00:00.000,mentee,9
3953,2021-03-18 00:00:00.000,mentee,5
3955,2021-09-06 00:00:00.000,mentee,2
3956,2022-07-09 00:00:00.000,mentee,1
3959,2022-05-18 00:00:00.000,mentee,4
3962,2021-12-31 00:00:00.000,mentee,7
3964,2022-06-07 00:00:00.000,mentee,2
3965,2021-01-07 00:00:00.000,mentee,4
3966,2022-01-10 00:00:00.000,mentee,4
3967,2022-02-20 00:00:00.000,mentee,1
3968,2022-02-15 00:00:00.000,mentee,3
3970,2022-01-11 00:00:00.000,mentee,4
3973,2021-01-17 00:00:00.000,mentee,1
3975,2022-06-03 00:00:00.000,mentee,2
3976,2021-06-01 00:00:00.000,mentee,0
3978,2021-01-30 00:00:00.000,mentee,2
3979,2021-01-09 00:00:00.000,mentee,1
3980,2022-08-14 00:00:00.000,mentee,4
3982,2021-06-11 00:00:00.000,mentee,9
3983,2022-04-26 00:00:00.000,mentee,1
3984,2021-05-14 00:00:00.000,mentee,3
3985,2022-05-03 00:00:00.000,mentee,5
3986,2022-08-04 00:00:00.000,mentee,6
3987,2021-01-13 00:00:00.000,mentee,1
3991,2021-12-26 00:00:00.000,mentee,1
3993,2021-05-02 00:00:00.000,mentee,2
3994,2021-07-12 00:00:00.000,mentee,2
3995,2021-02-15 00:00:00.000,mentee,1
3996,2022-07-08 00:00:00.000,mentee,5
3997,2022-08-01 00:00:00.000,mentee,5
3998,2022-03-26 00:00:00.000,mentee,6
3999,2022-07-12 00:00:00.000,mentee,1
4004,2022-07-21 00:00:00.000,mentee,1
4007,2021-10-07 00:00:00.000,mentee,1
4010,2021-02-27 00:00:00.000,mentee,5
4011,2022-08-04 00:00:00.000,mentee,2
4012,2021-01-21 00:00:00.000,mentee,1
4013,2021-04-30 00:00:00.000,mentee,9
4014,2021-08-25 00:00:00.000,mentee,1
4016,2021-02-19 00:00:00.000,mentee,1
4017,2022-05-17 00:00:00.000,mentee,7
4018,2021-06-12 00:00:00.000,mentee,1
4019,2021-03-21 00:00:00.000,mentee,11
4020,2022-07-03 00:00:00.000,mentee,1
4021,2022-04-09 00:00:00.000,mentee,0
4022,2022-04-27 00:00:00.000,mentee,6
4023,2022-06-05 00:00:00.000,mentee,6
4024,2021-03-01 00:00:00.000,mentee,1
4026,2022-06-09 00:00:00.000,mentee,3
4028,2022-05-12 00:00:00.000,mentee,2
4029,2021-04-18 00:00:00.000,mentee,12
4030,2021-08-17 00:00:00.000,mentee,7
4031,2022-04-11 00:00:00.000,mentee,1
4032,2021-02-25 00:00:00.000,mentee,1
4033,2021-08-31 00:00:00.000,mentee,3
4035,2022-04-24 00:00:00.000,mentee,1
4036,2021-12-03 00:00:00.000,mentee,1
4037,2022-07-26 00:00:00.000,mentee,1
4039,2021-04-15 00:00:00.000,mentee,1
4040,2021-01-04 00:00:00.000,mentee,6
4041,2021-10-27 00:00:00.000,mentee,2
4042,2021-07-02 00:00:00.000,mentee,1
4045,2021-09-29 00:00:00.000,mentee,4
4049,2022-07-03 00:00:00.000,mentee,1
4052,2021-05-19 00:00:00.000,mentee,2
4055,2022-03-20 00:00:00.000,mentee,11
4057,2022-06-26 00:00:00.000,mentee,1
4060,2022-03-01 00:00:00.000,mentee,1
4063,2021-03-02 00:00:00.000,mentee,3
4065,2021-07-21 00:00:00.000,mentee,1
4067,2021-12-21 00:00:00.000,mentee,7
4068,2021-08-25 00:00:00.000,mentee,4
4069,2021-12-27 00:00:00.000,mentee,0
4071,2022-04-15 00:00:00.000,mentee,1
4073,2022-05-08 00:00:00.000,mentee,6
4074,2021-06-27 00:00:00.000,mentee,3
4075,2021-10-28 00:00:00.000,mentee,4
4076,2022-02-18 00:00:00.000,mentee,9
4077,2022-06-28 00:00:00.000,mentee,0
4079,2022-05-07 00:00:00.000,mentee,9
4084,2022-08-30 00:00:00.000,mentee,1
4087,2022-03-28 00:00:00.000,mentee,1
4088,2021-06-07 00:00:00.000,mentee,3
4089,2022-07-22 00:00:00.000,mentee,2
4090,2022-02-10 00:00:00.000,mentee,1
4092,2022-07-04 00:00:00.000,mentee,1
4093,2021-10-03 00:00:00.000,mentee,6
4094,2022-03-16 00:00:00.000,mentee,1
4096,2021-10-10 00:00:00.000,mentee,10
4099,2021-10-04 00:00:00.000,mentee,10
4100,2022-08-27 00:00:00.000,mentee,2
4102,2021-05-05 00:00:00.000,mentee,1
4105,2021-09-19 00:00:00.000,mentee,5
4106,2021-11-12 00:00:00.000,mentee,1
4107,2022-03-14 00:00:00.000,mentee,0
4109,2022-01-10 00:00:00.000,mentee,5
4112,2022-05-01 00:00:00.000,mentee,3
4116,2022-03-12 00:00:00.000,mentee,3
4117,2021-08-27 00:00:00.000,mentee,1
4119,2021-02-16 00:00:00.000,mentee,3
4125,2021-11-20 00:00:00.000,mentee,2
4127,2022-01-02 00:00:00.000,mentee,3
4128,2021-05-01 00:00:00.000,mentee,5
4129,2022-04-30 00:00:00.000,mentee,1
4130,2021-05-15 00:00:00.000,mentee,2
4133,2022-06-03 00:00:00.000,mentee,1
4135,2021-10-24 00:00:00.000,mentee,6
4139,2021-03-28 00:00:00.000,mentee,1
4145,2021-05-28 00:00:00.000,mentee,1
4146,2022-08-06 00:00:00.000,mentee,3
4149,2022-01-04 00:00:00.000,mentee,1
4151,2022-01-23 00:00:00.000,mentee,1
4153,2021-03-16 00:00:00.000,mentee,2
4154,2021-10-30 00:00:00.000,mentee,3
4156,2021-07-12 00:00:00.000,mentee,8
4157,2022-07-13 00:00:00.000,mentee,1
4159,2021-07-17 00:00:00.000,mentee,3
4161,2022-06-28 00:00:00.000,mentee,1
4163,2021-05-03 00:00:00.000,mentee,1
4165,2021-02-11 00:00:00.000,mentee,4
4166,2021-06-29 00:00:00.000,mentee,5
4167,2021-07-20 00:00:00.000,mentee,3
4168,2022-01-09 00:00:00.000,mentee,5
4169,2022-08-26 00:00:00.000,mentee,5
4172,2022-08-29 00:00:00.000,mentee,2
4174,2022-01-05 00:00:00.000,mentee,1
4175,2021-11-22 00:00:00.000,mentee,0
4176,2022-03-25 00:00:00.000,mentee,5
4177,2022-01-05 00:00:00.000,mentee,1
4178,2021-08-23 00:00:00.000,mentee,1
4179,2022-04-07 00:00:00.000,mentee,6
4180,2022-01-14 00:00:00.000,mentee,6
4182,2021-05-20 00:00:00.000,mentee,1
4184,2021-03-09 00:00:00.000,mentee,4
4185,2021-05-16 00:00:00.000,mentee,8
4186,2021-02-01 00:00:00.000,mentee,2
4187,2022-03-07 00:00:00.000,mentee,1
4188,2022-07-29 00:00:00.000,mentee,3
4190,2021-01-04 00:00:00.000,mentee,1
4193,2022-01-05 00:00:00.000,mentee,4
4194,2022-05-24 00:00:00.000,mentee,4
4195,2021-03-28 00:00:00.000,mentee,6
4196,2021-12-13 00:00:00.000,mentee,6
4197,2022-03-01 00:00:00.000,mentee,1
4198,2021-01-10 00:00:00.000,mentee,6
4200,2021-06-28 00:00:00.000,mentee,6
4201,2021-12-24 00:00:00.000,mentee,2
4204,2022-01-26 00:00:00.000,mentee,1
4207,2022-06-22 00:00:00.000,mentee,1
4208,2022-03-28 00:00:00.000,mentee,2
4209,2022-04-09 00:00:00.000,mentee,2
4213,2022-02-19 00:00:00.000,mentee,9
4218,2022-06-25 00:00:00.000,mentee,1
4222,2021-12-19 00:00:00.000,mentee,1
4229,2021-03-24 00:00:00.000,mentee,7
4230,2021-12-03 00:00:00.000,mentee,1
4231,2022-04-27 00:00:00.000,mentee,6
4233,2021-12-24 00:00:00.000,mentee,3
4235,2022-04-24 00:00:00.000,mentee,1
4236,2022-01-03 00:00:00.000,mentee,2
4237,2021-05-14 00:00:00.000,mentee,3
4241,2021-07-24 00:00:00.000,mentee,1
4243,2022-07-08 00:00:00.000,mentee,5
4244,2022-07-19 00:00:00.000,mentee,1
4245,2021-09-10 00:00:00.000,mentee,3
4247,2021-01-18 00:00:00.000,mentee,1
4250,2021-08-02 00:00:00.000,mentee,4
4251,2022-08-05 00:00:00.000,mentee,1
4253,2021-11-12 00:00:00.000,mentee,1
4257,2021-02-06 00:00:00.000,mentee,1
4258,2021-09-06 00:00:00.000,mentee,3
4260,2021-07-04 00:00:00.000,mentee,1
4261,2021-03-26 00:00:00.000,mentee,3
4263,2022-04-23 00:00:00.000,mentee,1
4264,2021-04-24 00:00:00.000,mentee,1
4265,2022-06-15 00:00:00.000,mentee,5
4266,2021-04-18 00:00:00.000,mentee,4
4272,2022-05-15 00:00:00.000,mentee,4
4274,2022-01-25 00:00:00.000,mentee,3
4277,2022-01-24 00:00:00.000,mentee,1
4279,2022-04-14 00:00:00.000,mentee,7
4280,2022-01-04 00:00:00.000,mentee,0
4283,2021-12-26 00:00:00.000,mentee,1
4284,2022-01-30 00:00:00.000,mentee,2
4286,2021-05-01 00:00:00.000,mentee,6
4287,2022-01-06 00:00:00.000,mentee,1
4288,2021-09-15 00:00:00.000,mentee,1
4290,2022-08-28 00:00:00.000,mentee,5
4292,2022-07-14 00:00:00.000,mentee,1
4293,2021-03-05 00:00:00.000,mentee,7
4296,2021-11-02 00:00:00.000,mentee,0
4298,2022-06-25 00:00:00.000,mentee,4
4299,2021-03-01 00:00:00.000,mentee,1
4302,2022-03-10 00:00:00.000,mentee,6
4305,2021-04-17 00:00:00.000,mentee,1
4306,2022-02-27 00:00:00.000,mentee,2
4307,2021-03-13 00:00:00.000,mentee,1
4308,2021-09-05 00:00:00.000,mentee,5
4310,2022-03-13 00:00:00.000,mentee,6
4312,2021-09-01 00:00:00.000,mentee,0
4313,2021-03-29 00:00:00.000,mentee,3
4317,2021-02-13 00:00:00.000,mentee,1
4318,2021-07-22 00:00:00.000,mentee,1
4321,2021-08-27 00:00:00.000,mentee,1
4322,2022-03-29 00:00:00.000,mentee,1
4325,2021-01-05 00:00:00.000,mentee,4
4326,2022-06-07 00:00:00.000,mentee,3
4327,2022-08-03 00:00:00.000,mentee,0
4328,2021-03-02 00:00:00.000,mentee,4
4329,2021-03-23 00:00:00.000,mentee,2
4330,2021-04-28 00:00:00.000,mentee,10
4331,2021-11-01 00:00:00.000,mentee,1
4332,2021-03-29 00:00:00.000,mentee,0
4335,2021-09-29 00:00:00.000,mentee,0
4336,2021-09-21 00:00:00.000,mentee,7
4337,2022-07-07 00:00:00.000,mentee,6
4339,2021-04-12 00:00:00.000,mentee,2
4340,2021-03-29 00:00:00.000,mentee,1
4341,2021-02-26 00:00:00.000,mentee,3
4343,2022-01-22 00:00:00.000,mentee,0
4346,2021-07-12 00:00:00.000,mentee,1
4347,2022-03-15 00:00:00.000,mentee,1
4350,2022-07-17 00:00:00.000,mentee,1
4351,2022-05-19 00:00:00.000,mentee,1
4352,2022-06-09 00:00:00.000,mentee,1
4353,2022-08-14 00:00:00.000,mentee,5
4355,2021-08-21 00:00:00.000,mentee,1
4357,2021-12-14 00:00:00.000,mentee,0
4359,2021-01-10 00:00:00.000,mentee,4
4363,2022-07-11 00:00:00.000,mentee,6
4365,2021-11-26 00:00:00.000,mentee,3
4366,2022-03-09 00:00:00.000,mentee,1
4367,2021-03-12 00:00:00.000,mentee,1
4368,2022-04-19 00:00:00.000,mentee,2
4371,2021-02-25 00:00:00.000,mentee,0
4372,2022-03-19 00:00:00.000,mentee,3
4373,2022-03-02 00:00:00.000,mentee,1
4374,2021-06-18 00:00:00.000,mentee,5
4375,2021-03-09 00:00:00.000,mentee,1
4378,2021-06-08 00:00:00.000,mentee,1
4380,2021-10-13 00:00:00.000,mentee,1
4383,2021-09-19 00:00:00.000,mentee,3
4386,2022-03-17 00:00:00.000,mentee,1
4388,2021-12-16 00:00:00.000,mentee,1
4389,2021-02-26 00:00:00.000,mentee,8
4390,2021-07-02 00:00:00.000,mentee,1
4391,2022-02-15 00:00:00.000,mentee,6
4392,2021-07-01 00:00:00.000,mentee,1
4394,2021-11-28 00:00:00.000,mentee,3
4395,2022-06-24 00:00:00.000,mentee,5
4396,2022-05-25 00:00:00.000,mentee,5
4398,2021-07-08 00:00:00.000,mentee,8
4399,2021-05-15 00:00:00.000,mentee,0
4400,2022-05-24 00:00:00.000,mentee,1
4401,2021-03-05 00:00:00.000,mentee,4
4403,2022-04-12 00:00:00.000,mentee,3
4407,2022-06-11 00:00:00.000,mentee,9
4409,2021-01-12 00:00:00.000,mentee,4
4413,2021-08-13 00:00:00.000,mentee,1
4417,2022-01-19 00:00:00.000,mentee,1
4420,2021-11-15 00:00:00.000,mentee,2
4421,2022-03-21 00:00:00.000,mentee,2
4422,2022-08-28 00:00:00.000,mentee,1
4423,2021-04-04 00:00:00.000,mentee,4
4427,2022-02-08 00:00:00.000,mentee,2
4430,2021-07-26 00:00:00.000,mentee,4
4432,2022-03-13 00:00:00.000,mentee,6
4434,2022-03-15 00:00:00.000,mentee,1
4435,2021-08-18 00:00:00.000,mentee,1
4438,2022-05-11 00:00:00.000,mentee,2
4439,2021-07-08 00:00:00.000,mentee,1
4440,2022-06-24 00:00:00.000,mentee,1
4442,2021-10-11 00:00:00.000,mentee,1
4446,2021-06-30 00:00:00.000,mentee,1
4447,2021-09-12 00:00:00.000,mentee,1
4449,2021-11-16 00:00:00.000,mentee,1
4454,2021-05-22 00:00:00.000,mentee,1
4457,2021-01-24 00:00:00.000,mentee,4
4462,2022-06-24 00:00:00.000,mentee,2
4463,2021-09-09 00:00:00.000,mentee,5
4464,2021-11-23 00:00:00.000,mentee,2
4466,2021-03-12 00:00:00.000,mentee,1
4468,2021-11-14 00:00:00.000,mentee,8
4470,2021-03-22 00:00:00.000,mentee,1
4475,2022-04-28 00:00:00.000,mentee,2
4476,2021-07-12 00:00:00.000,mentee,2
4477,2021-08-17 00:00:00.000,mentee,2
4479,2021-12-23 00:00:00.000,mentee,1
4483,2022-08-21 00:00:00.000,mentee,1
4484,2022-08-07 00:00:00.000,mentee,0
4488,2021-10-07 00:00:00.000,mentee,1
4489,2021-02-11 00:00:00.000,mentee,3
4494,2021-03-20 00:00:00.000,mentee,1
4495,2022-09-04 00:00:00.000,mentee,12
4496,2021-03-17 00:00:00.000,mentee,1
4498,2021-06-13 00:00:00.000,mentee,1
4500,2022-06-24 00:00:00.000,mentee,8
4501,2021-10-31 00:00:00.000,mentee,5
4504,2022-07-30 00:00:00.000,mentee,1
4505,2022-09-11 00:00:00.000,mentee,1
4507,2021-11-19 00:00:00.000,mentee,1
4508,2022-03-04 00:00:00.000,mentee,1
4510,2021-05-11 00:00:00.000,mentee,1
4515,2022-05-22 00:00:00.000,mentee,8
4518,2021-07-06 00:00:00.000,mentee,1
4519,2021-09-28 00:00:00.000,mentee,1
4523,2022-01-14 00:00:00.000,mentee,5
4526,2021-03-28 00:00:00.000,mentee,4
4528,2021-07-16 00:00:00.000,mentee,2
4529,2021-06-03 00:00:00.000,mentee,1
4531,2021-11-02 00:00:00.000,mentee,1
4533,2021-07-30 00:00:00.000,mentee,3
4537,2021-02-06 00:00:00.000,mentee,1
4538,2022-02-11 00:00:00.000,mentee,8
4539,2021-06-21 00:00:00.000,mentee,1
4543,2021-07-14 00:00:00.000,mentee,6
4544,2021-08-19 00:00:00.000,mentee,1
4547,2022-09-11 00:00:00.000,mentee,4
4553,2022-03-19 00:00:00.000,mentee,6
4554,2021-05-06 00:00:00.000,mentee,1
4557,2021-07-02 00:00:00.000,mentee,5
4560,2022-03-31 00:00:00.000,mentee,3
4561,2021-07-02 00:00:00.000,mentee,7
4562,2021-01-23 00:00:00.000,mentee,8
4563,2021-02-10 00:00:00.000,mentee,1
4567,2022-08-20 00:00:00.000,mentee,2
4571,2021-07-02 00:00:00.000,mentee,6
4572,2021-01-11 00:00:00.000,mentee,8
4575,2021-07-17 00:00:00.000,mentee,1
4577,2021-01-30 00:00:00.000,mentee,1
4578,2022-01-28 00:00:00.000,mentee,2
4579,2021-06-23 00:00:00.000,mentee,3
4580,2021-04-16 00:00:00.000,mentee,1
4586,2022-01-04 00:00:00.000,mentee,7
4587,2022-04-21 00:00:00.000,mentee,1
4588,2021-08-10 00:00:00.000,mentee,2
4589,2021-01-21 00:00:00.000,mentee,10
4590,2021-01-18 00:00:00.000,mentee,6
4591,2022-03-18 00:00:00.000,mentee,1
4592,2021-12-11 00:00:00.000,mentee,2
4599,2021-04-30 00:00:00.000,mentee,1
4600,2022-04-04 00:00:00.000,mentee,1
4601,2022-08-02 00:00:00.000,mentee,1
4604,2021-12-05 00:00:00.000,mentee,6
4609,2022-07-18 00:00:00.000,mentee,1
4610,2022-03-17 00:00:00.000,mentee,1
4613,2022-08-04 00:00:00.000,mentee,3
4615,2021-12-10 00:00:00.000,mentee,1
4616,2021-07-21 00:00:00.000,mentee,1
4617,2021-07-08 00:00:00.000,mentee,7
4619,2021-05-30 00:00:00.000,mentee,1
4626,2021-08-17 00:00:00.000,mentee,4
4629,2022-04-22 00:00:00.000,mentee,8
4630,2021-06-07 00:00:00.000,mentee,1
4632,2021-11-27 00:00:00.000,mentee,1
4635,2022-07-07 00:00:00.000,mentee,2
4636,2021-12-20 00:00:00.000,mentee,4
4640,2022-03-17 00:00:00.000,mentee,1
4641,2021-02-15 00:00:00.000,mentee,8
4642,2021-10-18 00:00:00.000,mentee,1
4645,2022-01-13 00:00:00.000,mentee,1
4646,2021-07-29 00:00:00.000,mentee,3
4650,2022-02-28 00:00:00.000,mentee,1
4652,2021-02-09 00:00:00.000,mentee,3
4653,2021-12-01 00:00:00.000,mentee,1
4655,2021-12-05 00:00:00.000,mentee,7
4656,2022-02-25 00:00:00.000,mentee,7
4657,2022-01-12 00:00:00.000,mentee,7
4660,2021-09-14 00:00:00.000,mentee,1
4661,2021-08-20 00:00:00.000,mentee,4
4665,2021-04-11 00:00:00.000,mentee,4
4672,2021-09-07 00:00:00.000,mentee,1
4675,2021-11-16 00:00:00.000,mentee,5
4678,2021-10-22 00:00:00.000,mentee,11
4686,2022-07-14 00:00:00.000,mentee,1
4687,2021-02-01 00:00:00.000,mentee,8
4688,2021-11-02 00:00:00.000,mentee,1
4689,2021-03-02 00:00:00.000,mentee,1
4690,2021-07-19 00:00:00.000,mentee,3
4691,2022-06-23 00:00:00.000,mentee,1
4692,2021-12-11 00:00:00.000,mentee,1
4695,2021-02-12 00:00:00.000,mentee,8
4697,2021-06-12 00:00:00.000,mentee,8
4698,2022-03-26 00:00:00.000,mentee,3
4699,2022-04-22 00:00:00.000,mentee,1
4700,2021-04-24 00:00:00.000,mentee,1
4703,2022-01-24 00:00:00.000,mentee,4
4704,2021-08-20 00:00:00.000,mentee,0
4705,2022-06-12 00:00:00.000,mentee,1
4706,2021-09-26 00:00:00.000,mentee,2
4707,2022-07-07 00:00:00.000,mentee,7
4708,2021-01-05 00:00:00.000,mentee,1
4710,2021-08-11 00:00:00.000,mentee,1
4712,2022-05-02 00:00:00.000,mentee,1
4715,2022-06-07 00:00:00.000,mentee,6
4716,2022-07-09 00:00:00.000,mentee,1
4717,2021-09-11 00:00:00.000,mentee,2
4718,2021-11-13 00:00:00.000,mentee,1
4719,2022-07-17 00:00:00.000,mentee,0
4721,2022-08-26 00:00:00.000,mentee,8
4722,2021-12-05 00:00:00.000,mentee,4
4726,2021-08-12 00:00:00.000,mentee,1
4727,2021-01-04 00:00:00.000,mentee,1
4728,2022-03-30 00:00:00.000,mentee,6
4729,2021-11-04 00:00:00.000,mentee,5
4733,2022-05-17 00:00:00.000,mentee,5
4734,2022-07-04 00:00:00.000,mentee,3
4736,2021-05-13 00:00:00.000,mentee,1
4737,2021-06-15 00:00:00.000,mentee,1
4738,2022-03-04 00:00:00.000,mentee,9
4742,2021-02-11 00:00:00.000,mentee,1
4743,2022-09-08 00:00:00.000,mentee,2
4744,2022-07-02 00:00:00.000,mentee,5
4746,2022-08-18 00:00:00.000,mentee,3
4747,2021-02-19 00:00:00.000,mentee,1
4748,2021-04-12 00:00:00.000,mentee,3
4750,2021-04-13 00:00:00.000,mentee,1
4751,2021-03-26 00:00:00.000,mentee,4
4754,2021-10-16 00:00:00.000,mentee,1
4755,2022-05-31 00:00:00.000,mentee,1
4757,2022-02-08 00:00:00.000,mentee,1
4761,2021-11-22 00:00:00.000,mentee,1
4768,2021-02-13 00:00:00.000,mentee,7
4769,2021-06-21 00:00:00.000,mentee,4
4772,2021-12-16 00:00:00.000,mentee,7
4774,2022-07-16 00:00:00.000,mentee,8
4783,2022-01-26 00:00:00.000,mentee,1
4786,2021-07-01 00:00:00.000,mentee,5
4787,2022-04-16 00:00:00.000,mentee,3
4788,2022-03-31 00:00:00.000,mentee,7
4789,2022-07-18 00:00:00.000,mentee,5
4790,2021-07-06 00:00:00.000,mentee,1
4791,2022-07-12 00:00:00.000,mentee,5
4792,2022-05-13 00:00:00.000,mentee,2
4795,2021-09-19 00:00:00.000,mentee,6
4799,2021-05-02 00:00:00.000,mentee,8
4803,2022-02-13 00:00:00.000,mentee,5
4806,2021-11-18 00:00:00.000,mentee,1
4813,2022-04-08 00:00:00.000,mentee,2
4814,2022-07-04 00:00:00.000,mentee,9
4815,2021-09-24 00:00:00.000,mentee,1
4817,2022-09-10 00:00:00.000,mentee,0
4820,2021-06-08 00:00:00.000,mentee,2
4821,2022-02-07 00:00:00.000,mentee,4
4825,2021-02-01 00:00:00.000,mentee,1
4827,2022-06-15 00:00:00.000,mentee,1
4834,2021-06-09 00:00:00.000,mentee,2
4839,2022-05-08 00:00:00.000,mentee,1
4840,2021-10-29 00:00:00.000,mentee,6
4841,2021-08-06 00:00:00.000,mentee,1
4842,2022-02-21 00:00:00.000,mentee,1
4844,2022-05-29 00:00:00.000,mentee,3
4845,2022-07-28 00:00:00.000,mentee,5
4846,2021-03-13 00:00:00.000,mentee,1
4851,2022-09-15 00:00:00.000,mentee,1
4853,2021-04-05 00:00:00.000,mentee,1
4855,2021-12-18 00:00:00.000,mentee,1
4857,2021-04-07 00:00:00.000,mentee,2
4858,2021-10-22 00:00:00.000,mentee,1
4859,2022-06-22 00:00:00.000,mentee,7
4861,2022-08-13 00:00:00.000,mentee,1
4864,2021-10-18 00:00:00.000,mentee,8
4867,2021-12-03 00:00:00.000,mentee,6
4869,2022-09-05 00:00:00.000,mentee,5
4870,2022-05-31 00:00:00.000,mentee,1
4871,2021-06-16 00:00:00.000,mentee,1
4872,2021-11-20 00:00:00.000,mentee,0
4880,2022-03-04 00:00:00.000,mentee,0
4881,2022-08-05 00:00:00.000,mentee,2
4883,2021-12-11 00:00:00.000,mentee,9
4885,2022-02-17 00:00:00.000,mentee,0
4886,2022-06-17 00:00:00.000,mentee,3
4888,2021-10-16 00:00:00.000,mentee,5
4889,2021-04-07 00:00:00.000,mentee,2
4892,2021-05-30 00:00:00.000,mentee,1
4894,2021-09-25 00:00:00.000,mentee,1
4895,2021-08-08 00:00:00.000,mentee,7
4897,2022-04-26 00:00:00.000,mentee,6
4898,2022-09-02 00:00:00.000,mentee,6
4899,2022-02-17 00:00:00.000,mentee,3
4901,2022-06-29 00:00:00.000,mentee,6
4902,2021-05-06 00:00:00.000,mentee,4
4903,2021-01-24 00:00:00.000,mentee,11
4904,2021-07-29 00:00:00.000,mentee,1
4905,2021-03-19 00:00:00.000,mentee,2
4906,2022-05-12 00:00:00.000,mentee,6
4908,2022-08-01 00:00:00.000,mentee,2
4912,2022-03-19 00:00:00.000,mentee,1
4913,2021-12-07 00:00:00.000,mentee,5
4921,2022-03-04 00:00:00.000,mentee,3
4924,2021-07-24 00:00:00.000,mentee,3
4925,2021-05-09 00:00:00.000,mentee,2
4927,2021-08-10 00:00:00.000,mentee,6
4934,2021-10-27 00:00:00.000,mentee,3
4935,2022-04-06 00:00:00.000,mentee,1
4936,2022-08-08 00:00:00.000,mentee,4
4937,2021-05-08 00:00:00.000,mentee,2
4938,2022-04-23 00:00:00.000,mentee,1
4940,2021-04-07 00:00:00.000,mentee,0
4943,2021-05-21 00:00:00.000,mentee,1
4944,2021-10-16 00:00:00.000,mentee,1
4945,2022-07-08 00:00:00.000,mentee,5
4946,2022-04-09 00:00:00.000,mentee,1
4947,2021-11-17 00:00:00.000,mentee,11
4951,2021-10-20 00:00:00.000,mentee,3
4955,2021-10-25 00:00:00.000,mentee,4
4956,2021-08-23 00:00:00.000,mentee,6
4959,2022-04-08 00:00:00.000,mentee,1
4960,2021-12-12 00:00:00.000,mentee,0
4961,2021-04-19 00:00:00.000,mentee,6
4962,2022-06-07 00:00:00.000,mentee,1
4964,2022-06-15 00:00:00.000,mentee,5
4966,2021-10-20 00:00:00.000,mentee,4
4970,2021-10-08 00:00:00.000,mentee,1
4971,2021-05-07 00:00:00.000,mentee,1
4972,2021-03-24 00:00:00.000,mentee,1
4975,2022-04-30 00:00:00.000,mentee,1
4977,2022-01-24 00:00:00.000,mentee,3
4980,2022-05-12 00:00:00.000,mentee,1
4981,2021-10-06 00:00:00.000,mentee,1
4982,2021-04-08 00:00:00.000,mentee,5
4984,2021-09-30 00:00:00.000,mentee,2
4986,2022-06-09 00:00:00.000,mentee,1
4988,2021-04-23 00:00:00.000,mentee,2
4990,2021-05-18 00:00:00.000,mentee,1
4993,2021-10-19 00:00:00.000,mentee,6
4994,2021-09-14 00:00:00.000,mentee,10
4996,2022-03-14 00:00:00.000,mentee,6
4997,2022-02-26 00:00:00.000,mentee,1
4998,2022-01-18 00:00:00.000,mentee,2
7,2022-04-15 00:00:00.000,mentor,1
15,2022-03-18 00:00:00.000,mentor,2
16,2022-05-19 00:00:00.000,mentor,2
26,2021-02-25 00:00:00.000,mentor,3
27,2021-07-21 00:00:00.000,mentor,1
42,2021-10-13 00:00:00.000,mentor,1
47,2021-06-04 00:00:00.000,mentor,1
54,2021-05-09 00:00:00.000,mentor,7
56,2021-01-13 00:00:00.000,mentor,2
73,2022-04-04 00:00:00.000,mentor,1
75,2021-08-16 00:00:00.000,mentor,2
110,2021-12-14 00:00:00.000,mentor,5
129,2022-02-16 00:00:00.000,mentor,3
136,2022-06-26 00:00:00.000,mentor,1
162,2022-04-11 00:00:00.000,mentor,5
165,2021-02-06 00:00:00.000,mentor,3
166,2021-02-18 00:00:00.000,mentor,1
168,2022-04-01 00:00:00.000,mentor,3
170,2021-03-07 00:00:00.000,mentor,4
179,2021-02-20 00:00:00.000,mentor,8
180,2022-04-01 00:00:00.000,mentor,0
200,2022-06-02 00:00:00.000,mentor,1
203,2021-12-15 00:00:00.000,mentor,2
210,2022-02-14 00:00:00.000,mentor,4
221,2021-06-29 00:00:00.000,mentor,1
229,2022-01-17 00:00:00.000,mentor,1
231,2021-10-11 00:00:00.000,mentor,4
233,2021-10-09 00:00:00.000,mentor,1
235,2022-07-04 00:00:00.000,mentor,1
244,2022-04-16 00:00:00.000,mentor,1
249,2021-02-22 00:00:00.000,mentor,7
271,2022-03-11 00:00:00.000,mentor,3
279,2022-06-11 00:00:00.000,mentor,1
310,2021-02-06 00:00:00.000,mentor,6
314,2022-02-25 00:00:00.000,mentor,5
319,2021-05-08 00:00:00.000,mentor,1
325,2022-05-18 00:00:00.000,mentor,0
328,2022-06-22 00:00:00.000,mentor,1
338,2022-06-29 00:00:00.000,mentor,1
355,2021-01-10 00:00:00.000,mentor,4
371,2021-02-09 00:00:00.000,mentor,4
389,2022-09-07 00:00:00.000,mentor,1
391,2021-09-23 00:00:00.000,mentor,1
410,2022-04-28 00:00:00.000,mentor,6
421,2022-05-19 00:00:00.000,mentor,1
423,2021-08-12 00:00:00.000,mentor,1
428,2021-04-14 00:00:00.000,mentor,1
455,2021-08-06 00:00:00.000,mentor,1
458,2021-07-03 00:00:00.000,mentor,1
465,2022-07-15 00:00:00.000,mentor,1
477,2022-06-13 00:00:00.000,mentor,1
482,2022-03-09 00:00:00.000,mentor,6
494,2022-05-05 00:00:00.000,mentor,2
498,2021-09-06 00:00:00.000,mentor,1
504,2022-03-01 00:00:00.000,mentor,1
508,2021-03-16 00:00:00.000,mentor,4
513,2021-02-25 00:00:00.000,mentor,1
515,2021-09-08 00:00:00.000,mentor,7
516,2022-03-25 00:00:00.000,mentor,1
518,2021-10-05 00:00:00.000,mentor,1
538,2022-01-19 00:00:00.000,mentor,3
560,2021-02-13 00:00:00.000,mentor,1
566,2022-04-17 00:00:00.000,mentor,2
571,2021-11-03 00:00:00.000,mentor,3
572,2022-03-05 00:00:00.000,mentor,1
598,2022-02-09 00:00:00.000,mentor,1
603,2021-12-17 00:00:00.000,mentor,6
606,2021-10-03 00:00:00.000,mentor,1
608,2021-09-08 00:00:00.000,mentor,1
613,2022-04-14 00:00:00.000,mentor,3
627,2022-08-28 00:00:00.000,mentor,0
636,2021-04-06 00:00:00.000,mentor,1
645,2021-08-15 00:00:00.000,mentor,6
660,2022-06-14 00:00:00.000,mentor,1
681,2022-08-13 00:00:00.000,mentor,1
685,2021-10-12 00:00:00.000,mentor,0
688,2021-06-30 00:00:00.000,mentor,1
695,2022-01-16 00:00:00.000,mentor,3
728,2021-11-17 00:00:00.000,mentor,0
742,2021-01-10 00:00:00.000,mentor,2
748,2021-07-06 00:00:00.000,mentor,2
754,2022-07-03 00:00:00.000,mentor,1
772,2022-09-14 00:00:00.000,mentor,1
774,2021-01-12 00:00:00.000,mentor,1
778,2021-11-06 00:00:00.000,mentor,3
781,2022-05-19 00:00:00.000,mentor,4
786,2022-08-13 00:00:00.000,mentor,1
802,2021-08-07 00:00:00.000,mentor,1
819,2022-07-26 00:00:00.000,mentor,3
820,2022-03-16 00:00:00.000,mentor,3
830,2021-03-25 00:00:00.000,mentor,2
845,2022-03-23 00:00:00.000,mentor,2
846,2022-07-05 00:00:00.000,mentor,8
852,2022-04-19 00:00:00.000,mentor,6
854,2021-12-12 00:00:00.000,mentor,3
879,2021-10-07 00:00:00.000,mentor,1
880,2021-08-08 00:00:00.000,mentor,1
884,2022-09-06 00:00:00.000,mentor,6
888,2022-01-05 00:00:00.000,mentor,5
890,2021-11-15 00:00:00.000,mentor,3
895,2022-07-01 00:00:00.000,mentor,3
901,2021-09-07 00:00:00.000,mentor,5
912,2021-08-24 00:00:00.000,mentor,0
946,2021-11-25 00:00:00.000,mentor,9
955,2022-05-15 00:00:00.000,mentor,4
961,2021-04-28 00:00:00.000,mentor,1
977,2021-01-08 00:00:00.000,mentor,2
985,2021-06-20 00:00:00.000,mentor,8
987,2021-10-08 00:00:00.000,mentor,1
997,2022-02-09 00:00:00.000,mentor,8
1001,2021-06-15 00:00:00.000,mentor,10
1002,2022-09-11 00:00:00.000,mentor,1
1021,2022-08-11 00:00:00.000,mentor,1
1023,2021-09-10 00:00:00.000,mentor,3
1027,2022-06-03 00:00:00.000,mentor,3
1037,2021-06-10 00:00:00.000,mentor,1
1064,2021-05-01 00:00:00.000,mentor,6
1069,2022-04-24 00:00:00.000,mentor,1
1091,2022-05-01 00:00:00.000,mentor,6
1097,2022-03-28 00:00:00.000,mentor,1
1106,2022-03-10 00:00:00.000,mentor,5
1108,2022-07-28 00:00:00.000,mentor,5
1109,2021-10-13 00:00:00.000,mentor,1
1110,2021-01-03 00:00:00.000,mentor,2
1113,2021-08-24 00:00:00.000,mentor,1
1124,2021-03-07 00:00:00.000,mentor,8
1131,2021-02-22 00:00:00.000,mentor,4
1132,2021-06-26 00:00:00.000,mentor,1
1160,2022-06-06 00:00:00.000,mentor,1
1169,2021-11-14 00:00:00.000,mentor,2
1170,2022-05-04 00:00:00.000,mentor,1
1172,2021-06-11 00:00:00.000,mentor,1
1189,2022-01-28 00:00:00.000,mentor,7
1190,2022-06-25 00:00:00.000,mentor,4
1197,2021-12-18 00:00:00.000,mentor,9
1228,2021-01-31 00:00:00.000,mentor,6
1233,2021-06-06 00:00:00.000,mentor,4
1234,2021-04-04 00:00:00.000,mentor,2
1236,2022-03-18 00:00:00.000,mentor,0
1239,2021-06-26 00:00:00.000,mentor,1
1241,2022-05-15 00:00:00.000,mentor,7
1242,2021-02-21 00:00:00.000,mentor,1
1248,2022-02-21 00:00:00.000,mentor,1
1250,2022-04-07 00:00:00.000,mentor,1
1251,2021-02-01 00:00:00.000,mentor,4
1258,2022-06-07 00:00:00.000,mentor,4
1261,2021-03-01 00:00:00.000,mentor,6
1262,2022-05-20 00:00:00.000,mentor,1
1266,2021-08-18 00:00:00.000,mentor,2
1279,2022-03-14 00:00:00.000,mentor,5
1291,2021-07-04 00:00:00.000,mentor,7
1296,2021-02-28 00:00:00.000,mentor,1
1299,2021-08-31 00:00:00.000,mentor,0
1314,2021-10-26 00:00:00.000,mentor,10
1318,2022-08-30 00:00:00.000,mentor,1
1319,2022-02-20 00:00:00.000,mentor,8
1326,2021-11-22 00:00:00.000,mentor,7
1328,2022-02-10 00:00:00.000,mentor,1
1332,2021-11-25 00:00:00.000,mentor,4
1347,2022-03-26 00:00:00.000,mentor,9
1348,2022-09-04 00:00:00.000,mentor,2
1349,2021-12-13 00:00:00.000,mentor,1
1357,2022-08-11 00:00:00.000,mentor,1
1366,2022-04-04 00:00:00.000,mentor,1
1375,2021-09-02 00:00:00.000,mentor,4
1384,2021-01-24 00:00:00.000,mentor,0
1390,2022-05-13 00:00:00.000,mentor,1
1393,2022-06-30 00:00:00.000,mentor,1
1398,2021-04-30 00:00:00.000,mentor,0
1417,2021-08-27 00:00:00.000,mentor,1
1420,2021-03-20 00:00:00.000,mentor,9
1423,2021-08-01 00:00:00.000,mentor,2
1431,2021-03-22 00:00:00.000,mentor,1
1433,2022-08-08 00:00:00.000,mentor,2
1434,2022-04-29 00:00:00.000,mentor,4
1449,2021-04-30 00:00:00.000,mentor,1
1456,2021-04-20 00:00:00.000,mentor,1
1457,2022-01-13 00:00:00.000,mentor,1
1462,2022-06-05 00:00:00.000,mentor,7
1463,2021-07-04 00:00:00.000,mentor,1
1469,2021-02-26 00:00:00.000,mentor,3
1474,2021-11-11 00:00:00.000,mentor,4
1475,2021-06-18 00:00:00.000,mentor,3
1482,2022-09-09 00:00:00.000,mentor,2
1483,2021-02-24 00:00:00.000,mentor,1
1484,2022-04-23 00:00:00.000,mentor,1
1492,2021-05-11 00:00:00.000,mentor,1
1498,2021-09-07 00:00:00.000,mentor,5
1509,2022-06-06 00:00:00.000,mentor,1
1513,2021-11-23 00:00:00.000,mentor,1
1526,2021-05-27 00:00:00.000,mentor,2
1532,2022-05-21 00:00:00.000,mentor,1
1533,2022-03-13 00:00:00.000,mentor,1
1544,2021-02-14 00:00:00.000,mentor,1
1545,2022-05-02 00:00:00.000,mentor,1
1552,2022-07-31 00:00:00.000,mentor,4
1554,2022-03-03 00:00:00.000,mentor,1
1563,2021-04-17 00:00:00.000,mentor,1
1566,2022-02-01 00:00:00.000,mentor,5
1568,2022-07-24 00:00:00.000,mentor,2
1573,2022-03-23 00:00:00.000,mentor,1
1584,2022-06-16 00:00:00.000,mentor,5
1593,2022-02-16 00:00:00.000,mentor,1
1630,2021-10-09 00:00:00.000,mentor,5
1654,2022-04-16 00:00:00.000,mentor,4
1668,2021-12-20 00:00:00.000,mentor,1
1688,2022-04-10 00:00:00.000,mentor,9
1712,2021-06-28 00:00:00.000,mentor,6
1715,2021-06-04 00:00:00.000,mentor,1
1725,2021-05-07 00:00:00.000,mentor,1
1728,2022-04-28 00:00:00.000,mentor,5
1736,2022-03-24 00:00:00.000,mentor,1
1737,2021-11-06 00:00:00.000,mentor,6
1752,2021-06-16 00:00:00.000,mentor,4
1754,2021-06-09 00:00:00.000,mentor,1
1759,2021-05-13 00:00:00.000,mentor,2
1760,2022-06-28 00:00:00.000,mentor,1
1768,2021-06-29 00:00:00.000,mentor,10
1776,2022-01-24 00:00:00.000,mentor,1
1792,2021-09-17 00:00:00.000,mentor,1
1796,2022-04-20 00:00:00.000,mentor,7
1806,2022-01-18 00:00:00.000,mentor,1
1817,2022-01-14 00:00:00.000,mentor,5
1850,2022-02-06 00:00:00.000,mentor,1
1851,2021-08-24 00:00:00.000,mentor,1
1853,2021-02-09 00:00:00.000,mentor,1
1856,2021-12-08 00:00:00.000,mentor,2
1872,2021-04-02 00:00:00.000,mentor,3
1881,2022-05-01 00:00:00.000,mentor,4
1890,2021-12-09 00:00:00.000,mentor,3
1893,2021-12-18 00:00:00.000,mentor,1
1903,2022-07-19 00:00:00.000,mentor,3
1914,2021-03-16 00:00:00.000,mentor,1
1927,2022-04-29 00:00:00.000,mentor,1
1932,2021-08-31 00:00:00.000,mentor,2
1937,2022-01-23 00:00:00.000,mentor,1
1955,2021-03-21 00:00:00.000,mentor,0
1982,2022-03-02 00:00:00.000,mentor,5
1985,2022-02-22 00:00:00.000,mentor,4
1986,2021-12-05 00:00:00.000,mentor,1
1989,2021-12-08 00:00:00.000,mentor,6
2001,2022-02-03 00:00:00.000,mentor,3
2005,2021-10-28 00:00:00.000,mentor,1
2011,2021-07-12 00:00:00.000,mentor,3
2016,2021-10-26 00:00:00.000,mentor,7
2037,2021-01-17 00:00:00.000,mentor,6
2043,2021-02-06 00:00:00.000,mentor,2
2048,2021-10-31 00:00:00.000,mentor,1
2081,2022-05-15 00:00:00.000,mentor,6
2084,2021-08-07 00:00:00.000,mentor,1
2088,2021-04-30 00:00:00.000,mentor,3
2089,2022-08-19 00:00:00.000,mentor,1
2092,2022-04-17 00:00:00.000,mentor,1
2098,2021-02-05 00:00:00.000,mentor,1
2105,2021-05-05 00:00:00.000,mentor,1
2123,2022-03-16 00:00:00.000,mentor,1
2132,2022-01-05 00:00:00.000,mentor,4
2133,2022-09-06 00:00:00.000,mentor,4
2134,2021-06-26 00:00:00.000,mentor,3
2137,2021-04-06 00:00:00.000,mentor,2
2148,2021-07-15 00:00:00.000,mentor,9
2166,2021-06-29 00:00:00.000,mentor,0
2173,2022-01-20 00:00:00.000,mentor,1
2174,2021-07-12 00:00:00.000,mentor,4
2177,2021-12-23 00:00:00.000,mentor,1
2179,2021-08-13 00:00:00.000,mentor,3
2180,2021-08-25 00:00:00.000,mentor,1
2181,2021-11-03 00:00:00.000,mentor,4
2185,2022-04-25 00:00:00.000,mentor,2
2192,2022-07-24 00:00:00.000,mentor,1
2194,2022-07-02 00:00:00.000,mentor,1
2195,2021-01-28 00:00:00.000,mentor,8
2199,2021-12-02 00:00:00.000,mentor,5
2235,2021-08-23 00:00:00.000,mentor,0
2243,2021-07-04 00:00:00.000,mentor,1
2244,2021-04-19 00:00:00.000,mentor,3
2262,2021-03-25 00:00:00.000,mentor,9
2265,2021-10-10 00:00:00.000,mentor,7
2269,2021-03-31 00:00:00.000,mentor,4
2274,2022-07-25 00:00:00.000,mentor,6
2283,2021-02-13 00:00:00.000,mentor,1
2294,2022-08-22 00:00:00.000,mentor,1
2305,2021-11-21 00:00:00.000,mentor,1
2330,2021-06-07 00:00:00.000,mentor,6
2344,2021-11-29 00:00:00.000,mentor,5
2351,2022-04-22 00:00:00.000,mentor,4
2372,2022-01-30 00:00:00.000,mentor,5
2373,2022-08-12 00:00:00.000,mentor,2
2377,2022-01-27 00:00:00.000,mentor,10
2379,2022-09-06 00:00:00.000,mentor,8
2381,2022-04-29 00:00:00.000,mentor,2
2392,2022-07-02 00:00:00.000,mentor,2
2400,2022-02-22 00:00:00.000,mentor,1
2403,2021-03-29 00:00:00.000,mentor,6
2406,2022-05-13 00:00:00.000,mentor,8
2419,2022-07-18 00:00:00.000,mentor,5
2447,2021-05-09 00:00:00.000,mentor,5
2453,2022-04-30 00:00:00.000,mentor,1
2454,2022-07-16 00:00:00.000,mentor,8
2456,2021-09-22 00:00:00.000,mentor,1
2463,2022-01-15 00:00:00.000,mentor,8
2465,2022-03-12 00:00:00.000,mentor,4
2472,2021-11-04 00:00:00.000,mentor,3
2473,2022-06-17 00:00:00.000,mentor,3
2480,2021-02-28 00:00:00.000,mentor,2
2485,2021-12-08 00:00:00.000,mentor,1
2488,2022-01-09 00:00:00.000,mentor,8
2491,2021-09-23 00:00:00.000,mentor,4
2493,2021-12-22 00:00:00.000,mentor,3
2494,2021-04-01 00:00:00.000,mentor,5
2506,2022-03-21 00:00:00.000,mentor,1
2512,2022-04-01 00:00:00.000,mentor,6
2520,2021-07-12 00:00:00.000,mentor,6
2532,2021-05-30 00:00:00.000,mentor,1
2534,2021-11-10 00:00:00.000,mentor,2
2551,2022-02-11 00:00:00.000,mentor,4
2555,2022-06-30 00:00:00.000,mentor,1
2556,2022-02-28 00:00:00.000,mentor,2
2557,2021-07-15 00:00:00.000,mentor,1
2562,2022-04-28 00:00:00.000,mentor,1
2571,2021-10-10 00:00:00.000,mentor,3
2591,2022-05-30 00:00:00.000,mentor,1
2596,2021-11-22 00:00:00.000,mentor,7
2605,2021-11-27 00:00:00.000,mentor,1
2613,2022-01-22 00:00:00.000,mentor,2
2622,2021-03-31 00:00:00.000,mentor,1
2623,2021-09-24 00:00:00.000,mentor,2
2635,2022-01-31 00:00:00.000,mentor,8
2636,2022-02-22 00:00:00.000,mentor,4
2639,2022-03-26 00:00:00.000,mentor,1
2641,2022-03-23 00:00:00.000,mentor,2
2647,2022-06-26 00:00:00.000,mentor,7
2650,2021-01-21 00:00:00.000,mentor,1
2651,2022-03-28 00:00:00.000,mentor,4
2654,2021-07-31 00:00:00.000,mentor,3
2662,2022-03-25 00:00:00.000,mentor,9
2663,2022-07-08 00:00:00.000,mentor,3
2670,2021-09-19 00:00:00.000,mentor,6
2675,2022-08-26 00:00:00.000,mentor,1
2687,2022-02-02 00:00:00.000,mentor,4
2699,2021-08-30 00:00:00.000,mentor,4
2700,2021-12-29 00:00:00.000,mentor,8
2733,2022-06-05 00:00:00.000,mentor,0
2747,2021-02-01 00:00:00.000,mentor,1
2749,2021-08-02 00:00:00.000,mentor,1
2777,2022-01-05 00:00:00.000,mentor,2
2795,2021-11-20 00:00:00.000,mentor,1
2803,2021-09-30 00:00:00.000,mentor,3
2805,2021-11-27 00:00:00.000,mentor,8
2820,2021-11-16 00:00:00.000,mentor,0
2824,2021-01-29 00:00:00.000,mentor,1
2836,2021-08-09 00:00:00.000,mentor,6
2842,2021-04-06 00:00:00.000,mentor,3
2850,2022-08-09 00:00:00.000,mentor,8
2852,2022-07-25 00:00:00.000,mentor,5
2865,2022-01-23 00:00:00.000,mentor,12
2881,2021-02-13 00:00:00.000,mentor,1
2887,2021-05-31 00:00:00.000,mentor,1
2888,2022-07-08 00:00:00.000,mentor,1
2892,2021-03-09 00:00:00.000,mentor,3
2905,2021-08-06 00:00:00.000,mentor,1
2920,2022-04-10 00:00:00.000,mentor,4
2928,2022-09-15 00:00:00.000,mentor,2
2933,2021-11-17 00:00:00.000,mentor,4
2934,2022-04-28 00:00:00.000,mentor,4
2955,2022-03-27 00:00:00.000,mentor,1
2961,2021-01-29 00:00:00.000,mentor,1
2969,2021-10-22 00:00:00.000,mentor,9
2973,2021-08-12 00:00:00.000,mentor,3
2985,2021-11-23 00:00:00.000,mentor,1
2994,2022-08-20 00:00:00.000,mentor,7
2995,2021-04-21 00:00:00.000,mentor,0
3005,2021-10-12 00:00:00.000,mentor,1
3013,2022-05-08 00:00:00.000,mentor,4
3025,2021-08-17 00:00:00.000,mentor,2
3029,2021-07-02 00:00:00.000,mentor,4
3031,2021-01-15 00:00:00.000,mentor,7
3038,2022-02-01 00:00:00.000,mentor,1
3040,2021-02-24 00:00:00.000,mentor,7
3045,2021-07-31 00:00:00.000,mentor,4
3047,2021-08-11 00:00:00.000,mentor,1
3048,2021-11-29 00:00:00.000,mentor,5
3051,2022-01-04 00:00:00.000,mentor,1
3059,2022-05-15 00:00:00.000,mentor,8
3060,2021-04-12 00:00:00.000,mentor,1
3066,2021-10-01 00:00:00.000,mentor,1
3088,2022-05-30 00:00:00.000,mentor,1
3097,2021-06-27 00:00:00.000,mentor,1
3101,2022-08-13 00:00:00.000,mentor,0
3102,2021-03-25 00:00:00.000,mentor,1
3105,2022-09-13 00:00:00.000,mentor,1
3108,2021-02-13 00:00:00.000,mentor,2
3114,2022-06-04 00:00:00.000,mentor,1
3115,2021-11-17 00:00:00.000,mentor,4
3116,2022-09-11 00:00:00.000,mentor,1
3118,2022-01-14 00:00:00.000,mentor,3
3121,2021-11-03 00:00:00.000,mentor,3
3123,2022-02-07 00:00:00.000,mentor,2
3127,2021-09-26 00:00:00.000,mentor,1
3143,2021-06-28 00:00:00.000,mentor,3
3154,2021-10-30 00:00:00.000,mentor,7
3156,2022-07-27 00:00:00.000,mentor,0
3168,2022-04-25 00:00:00.000,mentor,3
3175,2022-04-27 00:00:00.000,mentor,0
3179,2022-06-12 00:00:00.000,mentor,2
3186,2022-02-28 00:00:00.000,mentor,1
3190,2022-04-01 00:00:00.000,mentor,2
3212,2021-09-04 00:00:00.000,mentor,1
3213,2022-08-12 00:00:00.000,mentor,1
3225,2022-04-01 00:00:00.000,mentor,10
3227,2021-04-11 00:00:00.000,mentor,8
3228,2022-05-21 00:00:00.000,mentor,4
3240,2022-02-13 00:00:00.000,mentor,3
3251,2022-03-20 00:00:00.000,mentor,3
3257,2021-07-26 00:00:00.000,mentor,3
3261,2022-01-17 00:00:00.000,mentor,1
3264,2022-02-22 00:00:00.000,mentor,3
3274,2022-05-20 00:00:00.000,mentor,7
3279,2022-05-19 00:00:00.000,mentor,1
3284,2021-10-30 00:00:00.000,mentor,8
3287,2021-05-22 00:00:00.000,mentor,1
3290,2021-12-27 00:00:00.000,mentor,9
3302,2021-07-18 00:00:00.000,mentor,2
3322,2021-03-15 00:00:00.000,mentor,7
3347,2022-09-12 00:00:00.000,mentor,1
3350,2021-01-12 00:00:00.000,mentor,2
3363,2021-04-15 00:00:00.000,mentor,2
3383,2021-09-21 00:00:00.000,mentor,1
3396,2021-03-07 00:00:00.000,mentor,1
3400,2022-06-01 00:00:00.000,mentor,1
3402,2021-09-26 00:00:00.000,mentor,1
3407,2021-03-21 00:00:00.000,mentor,6
3415,2022-05-12 00:00:00.000,mentor,1
3421,2022-06-23 00:00:00.000,mentor,1
3425,2021-06-06 00:00:00.000,mentor,1
3461,2022-01-06 00:00:00.000,mentor,12
3462,2022-06-29 00:00:00.000,mentor,4
3465,2021-11-13 00:00:00.000,mentor,1
3477,2022-01-28 00:00:00.000,mentor,5
3487,2022-04-14 00:00:00.000,mentor,1
3493,2021-07-09 00:00:00.000,mentor,2
3505,2022-06-19 00:00:00.000,mentor,1
3530,2021-06-09 00:00:00.000,mentor,1
3538,2021-11-29 00:00:00.000,mentor,4
3547,2021-02-12 00:00:00.000,mentor,3
3576,2021-01-12 00:00:00.000,mentor,3
3580,2021-05-19 00:00:00.000,mentor,2
3588,2021-07-03 00:00:00.000,mentor,4
3590,2021-07-26 00:00:00.000,mentor,0
3594,2022-01-08 00:00:00.000,mentor,6
3615,2022-08-17 00:00:00.000,mentor,1
3624,2022-01-07 00:00:00.000,mentor,2
3632,2021-03-03 00:00:00.000,mentor,3
3641,2022-05-09 00:00:00.000,mentor,1
3686,2021-01-20 00:00:00.000,mentor,1
3704,2021-03-22 00:00:00.000,mentor,1
3713,2022-01-07 00:00:00.000,mentor,1
3714,2021-02-22 00:00:00.000,mentor,0
3717,2022-06-15 00:00:00.000,mentor,1
3724,2021-03-05 00:00:00.000,mentor,1
3733,2021-01-14 00:00:00.000,mentor,2
3734,2021-06-12 00:00:00.000,mentor,5
3748,2021-01-11 00:00:00.000,mentor,1
3749,2021-04-18 00:00:00.000,mentor,1
3754,2022-06-04 00:00:00.000,mentor,6
3759,2021-12-19 00:00:00.000,mentor,1
3777,2021-10-22 00:00:00.000,mentor,2
3782,2021-02-18 00:00:00.000,mentor,1
3787,2021-02-21 00:00:00.000,mentor,9
3800,2022-01-08 00:00:00.000,mentor,1
3802,2022-09-12 00:00:00.000,mentor,2
3803,2022-05-17 00:00:00.000,mentor,3
3820,2022-05-23 00:00:00.000,mentor,1
3828,2022-04-07 00:00:00.000,mentor,5
3835,2022-03-20 00:00:00.000,mentor,3
3842,2021-10-13 00:00:00.000,mentor,1
3852,2022-02-03 00:00:00.000,mentor,6
3855,2022-07-21 00:00:00.000,mentor,2
3858,2021-04-18 00:00:00.000,mentor,3
3868,2021-05-21 00:00:00.000,mentor,5
3869,2022-03-22 00:00:00.000,mentor,7
3880,2022-06-30 00:00:00.000,mentor,7
3883,2021-11-03 00:00:00.000,mentor,1
3886,2021-01-03 00:00:00.000,mentor,3
3911,2022-03-27 00:00:00.000,mentor,8
3912,2022-07-28 00:00:00.000,mentor,5
3934,2021-10-15 00:00:00.000,mentor,6
3941,2021-02-10 00:00:00.000,mentor,0
3958,2021-08-04 00:00:00.000,mentor,1
3969,2021-12-14 00:00:00.000,mentor,1
3971,2022-03-27 00:00:00.000,mentor,1
3972,2022-06-14 00:00:00.000,mentor,9
3989,2022-06-20 00:00:00.000,mentor,1
4000,2021-07-26 00:00:00.000,mentor,0
4001,2021-09-09 00:00:00.000,mentor,1
4003,2022-06-27 00:00:00.000,mentor,1
4005,2021-01-21 00:00:00.000,mentor,3
4015,2022-07-30 00:00:00.000,mentor,0
4056,2021-11-21 00:00:00.000,mentor,1
4095,2021-07-22 00:00:00.000,mentor,1
4101,2021-04-25 00:00:00.000,mentor,1
4103,2021-10-29 00:00:00.000,mentor,1
4108,2021-07-01 00:00:00.000,mentor,7
4111,2021-09-21 00:00:00.000,mentor,6
4121,2021-06-10 00:00:00.000,mentor,1
4122,2022-07-06 00:00:00.000,mentor,1
4123,2022-09-12 00:00:00.000,mentor,1
4124,2021-05-04 00:00:00.000,mentor,6
4138,2022-02-19 00:00:00.000,mentor,0
4143,2022-01-08 00:00:00.000,mentor,2
4150,2021-02-17 00:00:00.000,mentor,1
4164,2021-07-22 00:00:00.000,mentor,3
4189,2021-07-05 00:00:00.000,mentor,8
4203,2021-06-02 00:00:00.000,mentor,2
4211,2022-06-02 00:00:00.000,mentor,1
4212,2022-02-09 00:00:00.000,mentor,6
4219,2022-01-20 00:00:00.000,mentor,3
4221,2021-01-27 00:00:00.000,mentor,1
4225,2022-02-23 00:00:00.000,mentor,6
4234,2021-06-11 00:00:00.000,mentor,1
4248,2021-10-26 00:00:00.000,mentor,4
4249,2021-10-02 00:00:00.000,mentor,2
4255,2022-04-08 00:00:00.000,mentor,1
4256,2022-08-13 00:00:00.000,mentor,1
4259,2021-01-21 00:00:00.000,mentor,1
4268,2022-08-11 00:00:00.000,mentor,1
4269,2022-05-11 00:00:00.000,mentor,4
4278,2021-10-28 00:00:00.000,mentor,6
4289,2021-11-22 00:00:00.000,mentor,1
4304,2021-07-11 00:00:00.000,mentor,1
4309,2022-05-27 00:00:00.000,mentor,3
4314,2022-06-18 00:00:00.000,mentor,1
4320,2021-07-03 00:00:00.000,mentor,1
4334,2022-05-23 00:00:00.000,mentor,5
4344,2021-01-10 00:00:00.000,mentor,6
4349,2022-01-24 00:00:00.000,mentor,2
4358,2021-10-31 00:00:00.000,mentor,1
4387,2021-12-24 00:00:00.000,mentor,1
4412,2021-04-19 00:00:00.000,mentor,1
4425,2022-05-09 00:00:00.000,mentor,4
4429,2021-09-25 00:00:00.000,mentor,4
4441,2022-08-07 00:00:00.000,mentor,5
4444,2021-12-12 00:00:00.000,mentor,1
4452,2022-05-31 00:00:00.000,mentor,1
4459,2022-05-26 00:00:00.000,mentor,1
4465,2022-07-17 00:00:00.000,mentor,3
4471,2021-11-18 00:00:00.000,mentor,4
4480,2022-04-08 00:00:00.000,mentor,1
4481,2022-08-30 00:00:00.000,mentor,2
4486,2022-05-07 00:00:00.000,mentor,3
4502,2022-01-26 00:00:00.000,mentor,3
4503,2021-07-26 00:00:00.000,mentor,10
4522,2021-09-15 00:00:00.000,mentor,4
4530,2022-02-21 00:00:00.000,mentor,1
4540,2022-02-13 00:00:00.000,mentor,1
4541,2022-06-19 00:00:00.000,mentor,8
4545,2022-07-25 00:00:00.000,mentor,3
4546,2021-02-18 00:00:00.000,mentor,4
4565,2022-05-23 00:00:00.000,mentor,1
4576,2021-04-07 00:00:00.000,mentor,1
4585,2022-06-09 00:00:00.000,mentor,1
4595,2021-02-20 00:00:00.000,mentor,1
4596,2021-08-19 00:00:00.000,mentor,4
4597,2022-07-23 00:00:00.000,mentor,1
4608,2021-03-19 00:00:00.000,mentor,1
4611,2022-06-21 00:00:00.000,mentor,3
4612,2022-05-21 00:00:00.000,mentor,7
4614,2021-11-21 00:00:00.000,mentor,2
4625,2021-02-03 00:00:00.000,mentor,1
4628,2022-08-22 00:00:00.000,mentor,7
4647,2021-09-05 00:00:00.000,mentor,3
4651,2021-12-18 00:00:00.000,mentor,1
4654,2021-09-28 00:00:00.000,mentor,0
4662,2022-05-13 00:00:00.000,mentor,3
4664,2022-06-15 00:00:00.000,mentor,1
4671,2021-12-30 00:00:00.000,mentor,9
4673,2021-02-19 00:00:00.000,mentor,0
4680,2022-03-31 00:00:00.000,mentor,1
4681,2021-12-20 00:00:00.000,mentor,1
4693,2021-12-15 00:00:00.000,mentor,1
4711,2021-01-30 00:00:00.000,mentor,4
4714,2021-09-21 00:00:00.000,mentor,1
4720,2021-07-27 00:00:00.000,mentor,5
4723,2022-05-04 00:00:00.000,mentor,9
4731,2021-01-24 00:00:00.000,mentor,3
4732,2021-10-14 00:00:00.000,mentor,5
4739,2021-06-16 00:00:00.000,mentor,1
4741,2022-08-25 00:00:00.000,mentor,1
4752,2022-03-18 00:00:00.000,mentor,2
4753,2022-03-03 00:00:00.000,mentor,1
4764,2021-08-22 00:00:00.000,mentor,6
4776,2022-05-11 00:00:00.000,mentor,1
4777,2021-01-06 00:00:00.000,mentor,0
4796,2021-04-13 00:00:00.000,mentor,13
4798,2022-08-15 00:00:00.000,mentor,5
4804,2022-02-15 00:00:00.000,mentor,4
4807,2022-04-04 00:00:00.000,mentor,3
4811,2021-05-20 00:00:00.000,mentor,9
4812,2021-06-11 00:00:00.000,mentor,1
4824,2021-02-08 00:00:00.000,mentor,1
4830,2021-09-27 00:00:00.000,mentor,3
4831,2022-03-18 00:00:00.000,mentor,0
4832,2021-04-10 00:00:00.000,mentor,1
4833,2021-03-31 00:00:00.000,mentor,6
4835,2021-10-05 00:00:00.000,mentor,5
4838,2021-02-15 00:00:00.000,mentor,5
4843,2021-04-18 00:00:00.000,mentor,4
4849,2022-02-16 00:00:00.000,mentor,1
4852,2022-03-23 00:00:00.000,mentor,2
4854,2021-09-23 00:00:00.000,mentor,3
4856,2021-09-05 00:00:00.000,mentor,1
4863,2021-03-05 00:00:00.000,mentor,2
4868,2021-08-09 00:00:00.000,mentor,4
4879,2022-05-16 00:00:00.000,mentor,8
4896,2021-07-02 00:00:00.000,mentor,1
4910,2021-06-06 00:00:00.000,mentor,1
4914,2022-01-30 00:00:00.000,mentor,9
4915,2022-02-15 00:00:00.000,mentor,1
4920,2021-10-19 00:00:00.000,mentor,5
4923,2022-03-13 00:00:00.000,mentor,3
4968,2021-12-02 00:00:00.000,mentor,7
4976,2021-11-08 00:00:00.000,mentor,1
5000,2021-12-17 00:00:00.000,mentor,11
